Image Index,Energy (eV)
0,-476.9478
1,-476.72543
2,-476.3333
3,-476.72543
4,-476.9478

Migration Barrier,0.61450195
