Image Index,Energy (eV)
0,-805.8319
1,-804.69196
2,-802.6924
3,-804.4006
4,-805.83984

Migration Barrier,3.147461
