Image,Energy (eV)
0,-243.09046936035156
1,-242.2786407470703
2,-240.67605590820312
3,-242.2818145751953
4,-243.0841827392578

Migration Barrier,2.4144134521484375
