Image,Energy (eV)
0,-1189.60986328125
1,-1189.3602294921875
2,-1189.2110595703125
3,-1189.44580078125
4,-1189.72021484375

Migration Barrier,0.5091552734375
