Image Index,Energy (eV)
0,-419.71485278494424
1,-419.159347606957
2,-418.1218869996028
3,-419.0886226557608
4,-419.69895400818393

Migration Barrier,1.5929657853414483
