Image,Energy (eV)
0,-1119.2845458984375
1,-1118.7503662109375
2,-1118.449462890625
3,-1118.835205078125
4,-1119.19970703125

Migration Barrier,0.8350830078125
