Image,Energy (eV)
0,-385.59234619140625
1,-385.0260314941406
2,-384.20831298828125
3,-384.8244323730469
4,-385.2501220703125

Migration Barrier,1.384033203125
