Image Index,Energy (eV)
0,-781.1271
1,-781.1095
2,-781.0138
3,-781.10956
4,-781.12714

Migration Barrier,0.113342285
