Image,Energy (eV)
0,-340.6271667480469
1,-340.3424987792969
2,-340.29290771484375
3,-340.3418273925781
4,-340.62451171875

Migration Barrier,0.334259033203125
