Image Index,Energy (eV)
0,-1116.1903242528224
1,-1115.9471292517499
2,-1115.4362216489917
3,-1115.78541864493
4,-1116.2041771296283

Migration Barrier,0.7679554806366014
