Image,Energy (eV)
0,-1607.690673828125
1,-1608.041748046875
2,-1607.4342041015625
3,-1608.224365234375
4,-1607.6807861328125

Migration Barrier,0.7901611328125
