Image Index,Energy (eV)
0,-333.35184
1,-333.06793
2,-333.03986
3,-333.06796
4,-333.35187

Migration Barrier,0.31201172
