Image,Energy (eV)
0,-558.3878784179688
1,-558.285400390625
2,-558.2739868164062
3,-558.28076171875
4,-558.3876953125

Migration Barrier,0.1138916015625
