Image Index,Energy (eV)
0,-306.17014
1,-305.92453
2,-306.02206
3,-305.92352
4,-306.16052

Migration Barrier,0.24661255
