Image Index,Energy (eV)
0,-881.4250834339258
1,-880.4998501629098
2,-880.1352998351616
3,-880.4826802717944
4,-881.4333683315699

Migration Barrier,1.2980684964082911
