Image Index,Energy (eV)
0,-344.8601492699228
1,-344.34653587043954
2,-344.81308623966737
3,-344.3465358753543
4,-344.86014922374795

Migration Barrier,0.5136133994832335
