Image Index,Energy (eV)
0,-257.81425286166166
1,-257.11725528351906
2,-256.729437595771
3,-257.1907148535767
4,-257.54843480421425

Migration Barrier,1.0848152658906542
