Image Index,Energy (eV)
0,-178.52917
1,-178.42763
2,-177.70177
3,-178.42763
4,-178.53181

Migration Barrier,0.8300476
