Image Index,Energy (eV)
0,-1020.508
1,-1019.14056
2,-1017.40344
3,-1016.934
4,-1016.9597

Migration Barrier,3.5739746
