Image Index,Energy (eV)
0,-2654.161376953125
1,-2654.1181640625
2,-2654.07275390625
3,-2654.1142578125
4,-2654.168701171875

Migration Barrier,0.095947265625
