Image Index,Energy (eV)
0,-300.66779933910885
1,-300.3136642223411
2,-300.2880593057301
3,-300.80342062304584
4,-301.11133955669425

Migration Barrier,0.8232802509641601
