Image Index,Energy (eV)
0,-492.72784
1,-492.37744
2,-491.96722
3,-492.3775
4,-492.72784

Migration Barrier,0.7606201
