Image Index,Energy (eV)
0,-840.29987
1,-839.9719
2,-839.74084
3,-839.97186
4,-840.29987

Migration Barrier,0.559021
