Image Index,Energy (eV)
0,-711.00336
1,-710.76166
2,-710.4725
3,-710.76166
4,-711.00336

Migration Barrier,0.5308838
