Image Index,Energy (eV)
0,-877.2604370117188
1,-876.821533203125
2,-876.472900390625
3,-876.8215942382812
4,-877.260498046875

Migration Barrier,0.78759765625
