Image,Energy (eV)
0,-798.5753784179688
1,-798.4100341796875
2,-798.0913696289062
3,-798.3488159179688
4,-798.7640380859375

Migration Barrier,0.67266845703125
