Image,Energy (eV)
0,-428.4551086425781
1,-427.43768310546875
2,-426.3431701660156
3,-427.82672119140625
4,-428.447509765625

Migration Barrier,2.1119384765625
