Image Index,Energy (eV)
0,-1088.969758386582
1,-1088.6429796304292
2,-1088.1451751002244
3,-1088.53855082188
4,-1088.9853045783825

Migration Barrier,0.8401294781581328
