Image Index,Energy (eV)
0,-296.6044885753557
1,-296.06758837620004
2,-296.196377826753
3,-296.0675883960779
4,-296.60448859416107

Migration Barrier,0.5369002179610334
