Image Index,Energy (eV)
0,-878.4575
1,-877.72144
2,-877.5502
3,-877.7217
4,-878.45746

Migration Barrier,0.90734863
