Image Index,Energy (eV)
0,-423.3336
1,-422.84198
2,-422.11328
3,-422.8444
4,-423.33356

Migration Barrier,1.2203064
