Image Index,Energy (eV)
0,-770.9056
1,-770.82684
2,-770.92975
3,-770.82684
4,-770.9056

Migration Barrier,0.10290527
