Image Index,Energy (eV)
0,-750.7896529752932
1,-750.2216040158012
2,-750.2947830372636
3,-750.2544552813812
4,-750.8121877834379

Migration Barrier,0.5905837676367582
