Image Index,Energy (eV)
0,-689.00726
1,-688.92346
2,-688.76587
3,-688.9119
4,-689.01306

Migration Barrier,0.24719238
