Image,Energy (eV)
0,-279.45428466796875
1,-279.45050048828125
2,-279.3892517089844
3,-278.5478820800781
4,-278.55657958984375

Migration Barrier,0.906402587890625
