Image Index,Energy (eV)
0,-884.18134
1,-884.0456
2,-883.85486
3,-884.04565
4,-884.18134

Migration Barrier,0.32647705
