Image,Energy (eV)
0,-240.88963317871094
1,-240.6282501220703
2,-239.88327026367188
3,-239.63796997070312
4,-239.8644561767578

Migration Barrier,1.2516632080078125
