Image,Energy (eV)
0,-323.5225830078125
1,-322.87603759765625
2,-321.509765625
3,-323.10552978515625
4,-323.9490051269531

Migration Barrier,2.439239501953125
