Image Index,Energy (eV)
0,-703.704
1,-703.6566
2,-703.6942
3,-703.6567
4,-703.70404

Migration Barrier,0.047424316
