Image,Energy (eV)
0,-856.6544799804688
1,-856.5380249023438
2,-856.22412109375
3,-856.5426025390625
4,-856.6570434570312

Migration Barrier,0.43292236328125
