Image Index,Energy (eV)
0,-3061.6538655118443
1,-3060.6701200993707
2,-3058.736668226318
3,-3060.2803093231605
4,-3061.5684440748873

Migration Barrier,2.917197285526072
