Image,Energy (eV)
0,-746.4244384765625
1,-746.4474487304688
2,-746.33349609375
3,-746.4552001953125
4,-746.4253540039062

Migration Barrier,0.1217041015625
