Image Index,Energy (eV)
0,-797.17004
1,-797.05756
2,-796.9366
3,-797.05756
4,-797.17004

Migration Barrier,0.23345947
