Image,Energy (eV)
0,-215.10133361816406
1,-214.977294921875
2,-214.19277954101562
3,-213.55255126953125
4,-214.03445434570312

Migration Barrier,1.5487823486328125
