Image Index,Energy (eV)
0,-200.09857177734375
1,-199.7063446044922
2,-199.85214233398438
3,-199.7063446044922
4,-200.09854125976562

Migration Barrier,0.3922271728515625
