Image Index,Energy (eV)
0,-887.6529114551234
1,-884.0356874934893
2,-884.8178145176686
3,-883.9339856413048
4,-887.6529114551236

Migration Barrier,3.7189258138187142
