Image Index,Energy (eV)
0,-287.015
1,-286.8384
2,-287.10593
3,-286.8384
4,-287.015

Migration Barrier,0.2675171
