Image Index,Energy (eV)
0,-1180.4791259765625
1,-1179.94873046875
2,-1179.5576171875
3,-1180.05419921875
4,-1180.4296875

Migration Barrier,0.9215087890625
