Image Index,Energy (eV)
0,-256.55950927734375
1,-255.59042358398438
2,-254.9506378173828
3,-255.4765625
4,-255.96551513671875

Migration Barrier,1.6088714599609375
