Image,Energy (eV)
0,-279.72025577917657
1,-279.6524284624598
2,-279.2921555420124
3,-278.8427088120518
4,-278.60708697244434
5,-278.58570484975553
6,-278.63361250863545
7,-278.71042203213716
8,-278.7548383048922

Migration Barrier,1.1345509294210387
