Image Index,Energy (eV)
0,-692.25323
1,-692.40094
2,-692.19836
3,-692.2995
4,-692.7913

Migration Barrier,0.59295654
