Image,Energy (eV)
0,-304.3686218261719
1,-303.6437683105469
2,-303.6096496582031
3,-303.64208984375
4,-304.366943359375

Migration Barrier,0.75897216796875
