Image,Energy (eV)
0,-828.9575805664062
1,-828.793701171875
2,-828.447998046875
3,-828.7852172851562
4,-828.9553833007812

Migration Barrier,0.50958251953125
