Image Index,Energy (eV)
0,-729.676513671875
1,-729.1426391601562
2,-728.103759765625
3,-728.6439208984375
4,-729.052001953125

Migration Barrier,1.57275390625
