Image,Energy (eV)
0,-839.551513671875
1,-839.2870483398438
2,-839.0032958984375
3,-839.1207885742188
4,-839.2728881835938

Migration Barrier,0.5482177734375
