Image,Energy (eV)
0,-279.4549865722656
1,-279.44696044921875
2,-279.317138671875
3,-278.52362060546875
4,-278.7428283691406

Migration Barrier,0.931365966796875
