Image Index,Energy (eV)
0,-834.7375
1,-834.3091
2,-834.5299
3,-834.30914
4,-834.7375

Migration Barrier,0.42840576
