Image Index,Energy (eV)
0,-377.3898
1,-377.34222
2,-377.04636
3,-376.59583
4,-376.47083
5,-376.9121
6,-377.21072
7,-377.36136
8,-377.43936

Migration Barrier,0.9685364
