Image Index,Energy (eV)
0,-1489.740213999852
1,-1488.969381874311
2,-1487.860855008441
3,-1488.8719917104172
4,-1489.7402139998487

Migration Barrier,1.8793589914109816
