Image,Energy (eV)
0,-894.339599609375
1,-894.24609375
2,-894.1392211914062
3,-894.24462890625
4,-894.3387451171875

Migration Barrier,0.20037841796875
