Image Index,Energy (eV)
0,-830.2418212890625
1,-830.1156005859375
2,-829.8327026367188
3,-830.1190185546875
4,-830.2418212890625

Migration Barrier,0.40911865234375
