Image Index,Energy (eV)
0,-688.1129760742188
1,-687.7545166015625
2,-687.330322265625
3,-687.7544555664062
4,-688.1129760742188

Migration Barrier,0.78265380859375
