Image Index,Energy (eV)
0,-816.9067993164062
1,-816.2503662109375
2,-816.17431640625
3,-816.2503051757812
4,-816.90673828125

Migration Barrier,0.73248291015625
