Image Index,Energy (eV)
0,-322.58892822265625
1,-322.07122802734375
2,-321.92034912109375
3,-322.06964111328125
4,-322.5906982421875

Migration Barrier,0.67034912109375
