Image Index,Energy (eV)
0,-584.7596
1,-584.45917
2,-584.2186
3,-584.43225
4,-584.68805

Migration Barrier,0.5409546
