Image,Energy (eV)
0,-523.643798828125
1,-523.6358032226562
2,-523.619384765625
3,-523.6134033203125
4,-523.610595703125

Migration Barrier,0.033203125
