Image Index,Energy (eV)
0,-922.6331787109375
1,-922.442138671875
2,-922.47607421875
3,-922.442138671875
4,-922.6332397460938

Migration Barrier,0.19110107421875
