Image Index,Energy (eV)
0,-947.44604
1,-947.4309
2,-947.55585
3,-947.4309
4,-947.44617

Migration Barrier,0.124938965
