Image Index,Energy (eV)
0,-875.35614
1,-875.03613
2,-874.96954
3,-875.0401
4,-875.35614

Migration Barrier,0.38659668
