Image Index,Energy (eV)
0,-1372.330078125
1,-1372.29833984375
2,-1372.342529296875
3,-1372.3809814453125
4,-1372.4105224609375

Migration Barrier,0.1121826171875
