Image Index,Energy (eV)
0,-281.3674
1,-281.10858
2,-280.65344
3,-280.68994
4,-280.78476

Migration Barrier,0.71395874
