Image Index,Energy (eV)
0,-2962.131820700319
1,-2962.141076575732
2,-2962.063308562437
3,-2962.236185386043
4,-2962.355818115634

Migration Barrier,0.2925095531968509
