Image,Energy (eV)
0,-254.884033203125
1,-254.39743041992188
2,-254.76803588867188
3,-254.39352416992188
4,-254.88429260253906

Migration Barrier,0.4907684326171875
