Image Index,Energy (eV)
0,-405.06488037109375
1,-405.04315185546875
2,-405.0177307128906
3,-405.0384216308594
4,-405.077880859375

Migration Barrier,0.060150146484375
