Image Index,Energy (eV)
0,-798.8189697265625
1,-798.50537109375
2,-798.5055541992188
3,-798.8069458007812
4,-798.9749755859375

Migration Barrier,0.4696044921875
