Image Index,Energy (eV)
0,-301.0911178571601
1,-300.62871980600454
2,-299.84222585158983
3,-300.53556271867507
4,-301.0642794566923

Migration Barrier,1.2488920055702692
