Image Index,Energy (eV)
0,-314.43005
1,-314.12787
2,-314.03427
3,-314.12787
4,-314.43005

Migration Barrier,0.39578247
