Image Index,Energy (eV)
0,-292.94329833984375
1,-292.22515869140625
2,-291.46124267578125
3,-292.11572265625
4,-292.6622009277344

Migration Barrier,1.4820556640625
