Image Index,Energy (eV)
0,-651.6458178206627
1,-651.518111239902
2,-651.1667051046717
3,-651.5811741211594
4,-651.9397064914444

Migration Barrier,0.7730013867727621
