Image Index,Energy (eV)
0,-350.1369934082031
1,-350.0826
2,-349.8928
3,-349.5374
4,-349.35526
5,-349.53976
6,-349.7309
7,-349.84665
8,-349.8802185058594

Migration Barrier,0.7817383
