Image Index,Energy (eV)
0,-302.1450500488281
1,-302.1186
2,-302.05
3,-301.93094
4,-301.71667
5,-301.54285
6,-301.51758
7,-301.5442
8,-301.57177734375

Migration Barrier,0.6274719
