Image Index,Energy (eV)
0,-340.49472
1,-340.28354
2,-340.0198
3,-340.28378
4,-340.49454

Migration Barrier,0.47491455
