Image Index,Energy (eV)
0,-548.8912
1,-548.6341
2,-548.2786
3,-548.63367
4,-548.8912

Migration Barrier,0.6125488
