Image Index,Energy (eV)
0,-647.81775
1,-647.7029
2,-647.66064
3,-647.702
4,-647.8123

Migration Barrier,0.15710449
