Image Index,Energy (eV)
0,-326.39963
1,-326.1743
2,-326.47427
3,-326.17407
4,-326.39963

Migration Barrier,0.30020142
