Image,Energy (eV)
0,-266.8961181640625
1,-266.8585510253906
2,-266.7299499511719
3,-266.5556945800781
4,-266.59197998046875

Migration Barrier,0.340423583984375
