Image Index,Energy (eV)
0,-716.1613881576529
1,-715.0879279471807
2,-713.8782658664154
3,-715.0149023880074
4,-716.1613884901502

Migration Barrier,2.283122623734812
