Image,Energy (eV)
0,-329.03570556640625
1,-328.8744812011719
2,-329.0361328125
3,-328.87322998046875
4,-329.0339660644531

Migration Barrier,0.16290283203125
