Image,Energy (eV)
0,-816.2640380859375
1,-816.18505859375
2,-816.0591430664062
3,-816.1857299804688
4,-816.2678833007812

Migration Barrier,0.208740234375
