Image,Energy (eV)
0,-873.66455078125
1,-872.2471313476562
2,-873.4166259765625
3,-872.3412475585938
4,-873.525634765625

Migration Barrier,1.41741943359375
