Image Index,Energy (eV)
0,-254.82154846191406
1,-254.15560913085938
2,-253.20587158203125
3,-252.5712432861328
4,-252.67529296875

Migration Barrier,2.25030517578125
