Image Index,Energy (eV)
0,-241.00701904296875
1,-240.6232147216797
2,-239.91082763671875
3,-239.7187042236328
4,-239.91712951660156

Migration Barrier,1.2883148193359375
