Image Index,Energy (eV)
0,-771.6619
1,-771.6024
2,-771.3513
3,-771.60223
4,-771.6619

Migration Barrier,0.3106079
