Image,Energy (eV)
0,-315.09185791015625
1,-314.5470275878906
2,-314.3926086425781
3,-314.53924560546875
4,-315.08624267578125

Migration Barrier,0.699249267578125
