Image Index,Energy (eV)
0,-558.509765625
1,-558.4168701171875
2,-558.2996826171875
3,-558.2510375976562
4,-558.2423095703125

Migration Barrier,0.2674560546875
