Image Index,Energy (eV)
0,-386.5987548828125
1,-385.81787109375
2,-385.0506896972656
3,-385.760986328125
4,-386.181640625

Migration Barrier,1.548065185546875
