Image Index,Energy (eV)
0,-341.90512
1,-341.66238
2,-341.42145
3,-341.6623
4,-341.90512

Migration Barrier,0.4836731
