Image Index,Energy (eV)
0,-963.3967
1,-962.3635
2,-961.3777
3,-962.6646
4,-963.39667

Migration Barrier,2.019043
