Image Index,Energy (eV)
0,-385.57306
1,-385.338
2,-384.67465
3,-385.0397
4,-385.6165

Migration Barrier,0.9418335
