Image Index,Energy (eV)
0,-172.95655822753906
1,-170.700927734375
2,-170.88824462890625
3,-170.70065307617188
4,-172.95657348632812

Migration Barrier,2.25592041015625
