Image Index,Energy (eV)
0,-351.4691467285156
1,-350.63616943359375
2,-350.4668884277344
3,-350.6341247558594
4,-351.4691162109375

Migration Barrier,1.00225830078125
