Image Index,Energy (eV)
0,-231.12285104236983
1,-230.89266528095203
2,-230.28506499650885
3,-229.88637665770779
4,-230.41522369054405

Migration Barrier,1.2364743846620456
