Image Index,Energy (eV)
0,-186.29442
1,-184.62604
2,-185.15266
3,-184.62607
4,-186.29442

Migration Barrier,1.6683807
