Image,Energy (eV)
0,-741.48974609375
1,-741.4488525390625
2,-741.5292358398438
3,-741.4896240234375
4,-741.761962890625

Migration Barrier,0.3131103515625
