Image Index,Energy (eV)
0,-214.87808
1,-214.6548
2,-213.94048
3,-213.63332
4,-213.72813

Migration Barrier,1.2447662
