Image,Energy (eV)
0,-320.6298828125
1,-320.1618347167969
2,-319.3533020019531
3,-320.0647888183594
4,-320.6249694824219

Migration Barrier,1.276580810546875
