Image,Energy (eV)
0,-443.340576171875
1,-443.1551818847656
2,-443.05548095703125
3,-443.1783447265625
4,-443.35064697265625

Migration Barrier,0.295166015625
