Image Index,Energy (eV)
0,-1364.8426673802796
1,-1364.6722383937363
2,-1364.7068252724828
3,-1364.6722558953095
4,-1364.8426673802796

Migration Barrier,0.1704289865433566
