Image Index,Energy (eV)
0,-410.87042
1,-411.58496
2,-412.0065
3,-411.55643
4,-410.87064

Migration Barrier,1.1360779
