Image Index,Energy (eV)
0,-1205.094482421875
1,-1203.88525390625
2,-1202.858642578125
3,-1203.8837890625
4,-1205.094482421875

Migration Barrier,2.23583984375
