Image Index,Energy (eV)
0,-865.7793
1,-865.5211
2,-865.24054
3,-865.5406
4,-865.7788

Migration Barrier,0.5387573
