Image Index,Energy (eV)
0,-341.40396746164174
1,-340.9230022754564
2,-340.7973201848994
3,-340.9237070926912
4,-341.4039666086109

Migration Barrier,0.6066472767423647
