Image Index,Energy (eV)
0,-390.85987901248944
1,-390.42141759947145
2,-390.7565672667982
3,-390.42153311559196
4,-390.86068619979886

Migration Barrier,0.43926860032740933
