Image Index,Energy (eV)
0,-297.81558
1,-297.75906
2,-297.50516
3,-297.0774
4,-296.9693
5,-297.18356
6,-297.3408
7,-297.4632
8,-297.51807

Migration Barrier,0.84628296
