Image Index,Energy (eV)
0,-400.984130859375
1,-400.97430419921875
2,-400.8438720703125
3,-400.7446594238281
4,-400.984130859375

Migration Barrier,0.239471435546875
