Image Index,Energy (eV)
0,-886.2906712474598
1,-886.0042570488631
2,-885.5743417184538
3,-886.00543982593
4,-886.290671261039

Migration Barrier,0.7163295425852994
