Image Index,Energy (eV)
0,-842.8140258789062
1,-842.6251220703125
2,-842.2699584960938
3,-842.6272583007812
4,-842.81396484375

Migration Barrier,0.5440673828125
