Image Index,Energy (eV)
0,-663.44836
1,-662.11096
2,-660.2588
3,-662.11145
4,-663.4494

Migration Barrier,3.1906128
