Image Index,Energy (eV)
0,-299.78705
1,-299.76498
2,-299.6629
3,-299.45764
4,-299.6656
5,-299.98843
6,-300.10242
7,-300.2139
8,-300.28778

Migration Barrier,0.83013916
