Image Index,Energy (eV)
0,-288.34515
1,-288.13675
2,-288.48547
3,-288.13675
4,-288.34515

Migration Barrier,0.34872437
