Image Index,Energy (eV)
0,-346.37649097777165
1,-346.09488053963923
2,-346.39643348567773
3,-346.09476942562725
4,-346.37649097777165

Migration Barrier,0.3016640600504843
