Image Index,Energy (eV)
0,-706.69104
1,-706.19934
2,-706.1328
3,-706.569
4,-706.7287

Migration Barrier,0.59588623
