Image Index,Energy (eV)
0,-795.437142150193
1,-795.1120747036604
2,-794.8768098275232
3,-795.1121218272253
4,-795.437142150193

Migration Barrier,0.5603323226698649
