Image Index,Energy (eV)
0,-330.09933
1,-330.0233
2,-329.72687
3,-329.0731
4,-328.69415
5,-329.2653
6,-329.9825
7,-330.42734
8,-330.54788

Migration Barrier,1.8537292
