Image Index,Energy (eV)
0,-358.6604
1,-358.27518
2,-357.58084
3,-358.17963
4,-358.65738

Migration Barrier,1.0795593
