Image Index,Energy (eV)
0,-1088.6072591642062
1,-1088.1386405664023
2,-1087.711791368731
3,-1088.3777383486056
4,-1088.9697583865818

Migration Barrier,1.2579670178508877
