Image Index,Energy (eV)
0,-136.0191192626953
1,-135.93722534179688
2,-135.76626586914062
3,-135.93817138671875
4,-136.0172576904297

Migration Barrier,0.2528533935546875
