Image Index,Energy (eV)
0,-271.2529296875
1,-270.87286376953125
2,-271.05133056640625
3,-270.8728942871094
4,-271.2530517578125

Migration Barrier,0.38018798828125
