Image,Energy (eV)
0,-839.5418701171875
1,-839.4033813476562
2,-839.3605346679688
3,-839.229736328125
4,-839.2716674804688

Migration Barrier,0.3121337890625
