Image Index,Energy (eV)
0,-801.6513
1,-801.287
2,-800.3079
3,-801.28595
4,-801.6513

Migration Barrier,1.3433838
