Image Index,Energy (eV)
0,-804.7134
1,-804.28156
2,-804.16925
3,-804.28033
4,-804.7125

Migration Barrier,0.5441284
