Image Index,Energy (eV)
0,-1372.330078125
1,-1372.1375732421875
2,-1372.145263671875
3,-1372.1375732421875
4,-1372.330078125

Migration Barrier,0.1925048828125
