Image,Energy (eV)
0,-223.31174755336747
1,-223.22957163154797
2,-222.9488178157229
3,-222.57880528986232
4,-222.3351476103029
5,-222.25088794842645
6,-222.2275084978288
7,-222.3050029111063
8,-222.36899245698024

Migration Barrier,1.08423905553866
