Image Index,Energy (eV)
0,-778.6651
1,-778.191
2,-777.3111
3,-778.1402
4,-778.66797

Migration Barrier,1.3568726
