Image Index,Energy (eV)
0,-318.30182
1,-318.05164
2,-318.35046
3,-318.05164
4,-318.3018

Migration Barrier,0.29882812
