Image Index,Energy (eV)
0,-696.8698
1,-696.7216
2,-696.6363
3,-696.78174
4,-696.9107

Migration Barrier,0.27441406
