Image Index,Energy (eV)
0,-374.0018310546875
1,-373.3616638183594
2,-372.3349609375
3,-372.8945617675781
4,-373.5975036621094

Migration Barrier,1.6668701171875
