Image Index,Energy (eV)
0,-268.24268
1,-268.0998
2,-267.70096
3,-267.65375
4,-267.8591

Migration Barrier,0.5889282
