Image Index,Energy (eV)
0,-420.3764953613281
1,-419.6606750488281
2,-420.25238037109375
3,-419.67572021484375
4,-420.3887023925781

Migration Barrier,0.72802734375
