Image Index,Energy (eV)
0,-712.1381
1,-712.0805
2,-712.01373
3,-712.07965
4,-712.13745

Migration Barrier,0.12438965
