Image Index,Energy (eV)
0,-445.5489
1,-444.59875
2,-444.83774
3,-444.88297
4,-445.5452

Migration Barrier,0.9501343
