Image Index,Energy (eV)
0,-837.9756
1,-837.79974
2,-837.499
3,-837.67377
4,-837.97565

Migration Barrier,0.47662354
