Image Index,Energy (eV)
0,-315.27637
1,-314.87897
2,-314.25674
3,-314.67838
4,-315.0993

Migration Barrier,1.0196228
