Image,Energy (eV)
0,-1924.843505859375
1,-1924.0958251953125
2,-1923.921875
3,-1924.489501953125
4,-1924.8427734375

Migration Barrier,0.921630859375
