Image,Energy (eV)
0,-1106.2568359375
1,-1105.88427734375
2,-1105.5128173828125
3,-1106.1383056640625
4,-1106.64990234375

Migration Barrier,1.1370849609375
