Image Index,Energy (eV)
0,-810.2352
1,-810.0422
2,-809.8964
3,-810.0279
4,-810.22833

Migration Barrier,0.33880615
