Image Index,Energy (eV)
0,-288.94892091740195
1,-288.4385478883492
2,-288.5928842100888
3,-288.4385478695385
4,-288.94892089519533

Migration Barrier,0.5103730478634247
