Image,Energy (eV)
0,-558.3980102539062
1,-558.1212158203125
2,-558.0777587890625
3,-558.2393188476562
4,-558.392822265625

Migration Barrier,0.32025146484375
