Image Index,Energy (eV)
0,-768.0821
1,-767.96466
2,-767.92413
3,-767.96466
4,-768.0821

Migration Barrier,0.15795898
