Image Index,Energy (eV)
0,-1039.498286329947
1,-1038.6435460193813
2,-1037.6236954861427
3,-1038.6435517855625
4,-1039.498286329947

Migration Barrier,1.8745908438042989
