Image Index,Energy (eV)
0,-615.52734
1,-615.4686
2,-615.5112
3,-615.4686
4,-615.5273

Migration Barrier,0.05871582
