Image Index,Energy (eV)
0,-329.66315
1,-329.2447
2,-329.38672
3,-329.2441
4,-329.65704

Migration Barrier,0.41903687
