Image Index,Energy (eV)
0,-590.02765
1,-589.67303
2,-589.0719
3,-589.6326
4,-590.0365

Migration Barrier,0.9645996
