Image Index,Energy (eV)
0,-284.29364
1,-283.91183
2,-283.46506
3,-283.78906
4,-284.1511

Migration Barrier,0.82858276
