Image Index,Energy (eV)
0,-383.39826185703015
1,-383.08218193926655
2,-382.3456703032949
3,-382.6906617427072
4,-383.24005083065435

Migration Barrier,1.0525915537352262
