Image,Energy (eV)
0,-586.3757934570312
1,-586.0621948242188
2,-585.6921997070312
3,-586.0501708984375
4,-586.37890625

Migration Barrier,0.68670654296875
