Image,Energy (eV)
0,-261.23748779296875
1,-260.9309387207031
2,-261.0702819824219
3,-260.935791015625
4,-261.119873046875

Migration Barrier,0.306549072265625
