Image Index,Energy (eV)
0,-316.35064697265625
1,-315.9613952636719
2,-316.1224060058594
3,-315.96136474609375
4,-316.35064697265625

Migration Barrier,0.3892822265625
