Image,Energy (eV)
0,-799.23193359375
1,-799.0902709960938
2,-798.7116088867188
3,-798.8298950195312
4,-799.227294921875

Migration Barrier,0.52032470703125
