Image Index,Energy (eV)
0,-2777.6448354956005
1,-2777.4732944139078
2,-2777.4516679475687
3,-2777.4732004157154
4,-2777.6448266548796

Migration Barrier,0.19316754803185177
