Image Index,Energy (eV)
0,-754.4531
1,-753.8259
2,-752.6799
3,-753.82764
4,-754.4532

Migration Barrier,1.7733154
