Image Index,Energy (eV)
0,-192.5837797047041
1,-192.31565944386767
2,-192.0120973880476
3,-192.31565944601425
4,-192.58377970053408

Migration Barrier,0.5716823166565064
