Image Index,Energy (eV)
0,-395.31305
1,-395.28604
2,-395.24936
3,-395.2523
4,-395.27444
5,-395.24603
6,-395.24432
7,-395.28287
8,-395.30862

Migration Barrier,0.068725586
