Image Index,Energy (eV)
0,-739.62244
1,-739.54395
2,-739.5165
3,-739.5162
4,-739.61206

Migration Barrier,0.10626221
