Image Index,Energy (eV)
0,-1651.1367919468807
1,-1650.9700706959643
2,-1650.9620553889174
3,-1650.9700687858194
4,-1651.136791755089

Migration Barrier,0.17473655796334242
