Image Index,Energy (eV)
0,-376.9389237872061
1,-376.06937043404776
2,-375.3052755236364
3,-376.2449420946856
4,-376.66836403801324

Migration Barrier,1.6336482635696825
