Image Index,Energy (eV)
0,-1798.3015057136854
1,-1797.2348387569455
2,-1794.3712536347466
3,-1797.234261146324
4,-1798.3015057136854

Migration Barrier,3.9302520789387927
