Image Index,Energy (eV)
0,-353.54822
1,-353.19858
2,-353.19504
3,-353.19843
4,-353.54825

Migration Barrier,0.35321045
