Image Index,Energy (eV)
0,-2961.8134765625
1,-2961.789794921875
2,-2961.6572265625
3,-2961.8623046875
4,-2961.88623046875

Migration Barrier,0.22900390625
