Image Index,Energy (eV)
0,-261.2571
1,-261.01828
2,-260.58215
3,-260.5706
4,-260.71234

Migration Barrier,0.68652344
