Image Index,Energy (eV)
0,-891.4151
1,-885.6813
2,-887.12427
3,-885.8743
4,-891.4106

Migration Barrier,5.7338257
