Image Index,Energy (eV)
0,-290.11502
1,-289.94507
2,-290.14368
3,-289.94507
4,-290.11502

Migration Barrier,0.1986084
