Image Index,Energy (eV)
0,-588.566
1,-588.5184
2,-588.45514
3,-588.4513
4,-588.5663

Migration Barrier,0.114990234
