Image Index,Energy (eV)
0,-167.72833960368047
1,-167.55312269777014
2,-167.29345685786717
3,-167.55312269777014
4,-167.72833960368047

Migration Barrier,0.43488274581329733
