Image Index,Energy (eV)
0,-1608.3978271484375
1,-1607.7547607421875
2,-1606.9954833984375
3,-1607.7548828125
4,-1608.39794921875

Migration Barrier,1.4024658203125
