Image Index,Energy (eV)
0,-558.2423706054688
1,-558.2510375976562
2,-558.2996826171875
3,-558.4168701171875
4,-558.509765625

Migration Barrier,0.26739501953125
