Image,Energy (eV)
0,-2779.889892578125
1,-2779.546142578125
2,-2779.76708984375
3,-2779.540771484375
4,-2779.88232421875

Migration Barrier,0.34912109375
