Image Index,Energy (eV)
0,-554.2317504882812
1,-553.8289794921875
2,-553.8413696289062
3,-553.829345703125
4,-554.2318725585938

Migration Barrier,0.40289306640625
