Image Index,Energy (eV)
0,-1565.8502197265625
1,-1565.1019287109375
2,-1564.22216796875
3,-1565.2225341796875
4,-1565.85009765625

Migration Barrier,1.6280517578125
