Image,Energy (eV)
0,-225.4842987060547
1,-225.3031463623047
2,-224.56263732910156
3,-223.9784393310547
4,-224.45762634277344

Migration Barrier,1.505859375
