Image Index,Energy (eV)
0,-834.073486328125
1,-833.62353515625
2,-833.108154296875
3,-833.635009765625
4,-834.07177734375

Migration Barrier,0.96533203125
