Image,Energy (eV)
0,-558.1398315429688
1,-557.8723754882812
2,-557.8485717773438
3,-558.02734375
4,-558.123046875

Migration Barrier,0.291259765625
