Image Index,Energy (eV)
0,-121.09924
1,-121.10603
2,-120.35875
3,-121.106255
4,-121.09924

Migration Barrier,0.7475052
