Image Index,Energy (eV)
0,-1187.6059806278738
1,-1186.7208243820833
2,-1185.798447077058
3,-1186.7181501004188
4,-1187.6059806278738

Migration Barrier,1.8075335508158332
