Image,Energy (eV)
0,-1486.2564697265625
1,-1486.0499267578125
2,-1485.919677734375
3,-1486.038330078125
4,-1486.2557373046875

Migration Barrier,0.3367919921875
