Image Index,Energy (eV)
0,-321.50250244140625
1,-321.35400390625
2,-320.9609375
3,-320.9917907714844
4,-321.27587890625
5,-321.01287841796875
6,-320.9476623535156
7,-321.339111328125
8,-321.5017395019531

Migration Barrier,0.554840087890625
