Image Index,Energy (eV)
0,-284.6700439453125
1,-284.3047790527344
2,-284.5638732910156
3,-284.3047790527344
4,-284.6700439453125

Migration Barrier,0.365264892578125
