Image Index,Energy (eV)
0,-278.083984375
1,-278.0573425292969
2,-277.96636962890625
3,-277.8265075683594
4,-277.60589599609375
5,-277.379638671875
6,-277.2424621582031
7,-277.2071533203125
8,-277.2218017578125

Migration Barrier,0.8768310546875
