Image Index,Energy (eV)
0,-775.9996948242188
1,-775.9533081054688
2,-775.8843994140625
3,-775.9342041015625
4,-775.9888916015625

Migration Barrier,0.11529541015625
