Image,Energy (eV)
0,-746.426025390625
1,-746.4033203125
2,-746.5010986328125
3,-746.40625
4,-746.4223022460938

Migration Barrier,0.0977783203125
