Image Index,Energy (eV)
0,-867.4639559048381
1,-867.4395591039936
2,-867.4337101878091
3,-867.4396969229658
4,-867.4639565369355

Migration Barrier,0.030246349126400673
