Image Index,Energy (eV)
0,-842.4869081908685
1,-842.2676041363212
2,-841.9963950365513
3,-842.121498781845
4,-842.2705069111831

Migration Barrier,0.49051315431711373
