Image Index,Energy (eV)
0,-247.75021
1,-247.52135
2,-247.11055
3,-247.52168
4,-247.75021

Migration Barrier,0.6396637
