Image Index,Energy (eV)
0,-793.50037
1,-793.28064
2,-792.9686
3,-793.28076
4,-793.5004

Migration Barrier,0.5317993
