Image,Energy (eV)
0,-662.8754272460938
1,-662.7670288085938
2,-662.6962890625
3,-662.7731323242188
4,-662.8760375976562

Migration Barrier,0.17974853515625
