Image,Energy (eV)
0,-489.61767578125
1,-489.1663513183594
2,-488.76361083984375
3,-489.162841796875
4,-489.61248779296875

Migration Barrier,0.85406494140625
