Image Index,Energy (eV)
0,-791.1124267578125
1,-790.1697998046875
2,-788.940185546875
3,-790.1697998046875
4,-791.1124267578125

Migration Barrier,2.1722412109375
