Image Index,Energy (eV)
0,-216.11492299878827
1,-215.83994609896064
2,-215.51660145434496
3,-215.8399460941676
4,-216.11492303706189

Migration Barrier,0.5983215827169204
