Image Index,Energy (eV)
0,-579.4755
1,-578.9596
2,-578.30756
3,-578.9595
4,-579.4755

Migration Barrier,1.1679688
