Image,Energy (eV)
0,-361.7723388671875
1,-361.1290283203125
2,-359.90655517578125
3,-360.82672119140625
4,-362.3626403808594

Migration Barrier,2.456085205078125
