Image Index,Energy (eV)
0,-728.0771193450861
1,-727.9836205354914
2,-727.9432736891193
3,-727.9836066253707
4,-728.0771179003591

Migration Barrier,0.13384565596675202
