Image Index,Energy (eV)
0,-211.1207275390625
1,-210.67868041992188
2,-210.5045166015625
3,-211.21307373046875
4,-211.51231384277344

Migration Barrier,1.0077972412109375
