Image Index,Energy (eV)
0,-701.24365
1,-701.10345
2,-701.2333
3,-700.9754
4,-701.8793

Migration Barrier,0.9038696
