Image Index,Energy (eV)
0,-1122.8020175573167
1,-1122.2910731067877
2,-1121.7116744929915
3,-1122.2910409497945
4,-1122.8020175024742

Migration Barrier,1.090343064325225
