Image Index,Energy (eV)
0,-687.63525390625
1,-687.577392578125
2,-687.7449340820312
3,-687.577392578125
4,-687.63525390625

Migration Barrier,0.16754150390625
