Image Index,Energy (eV)
0,-310.6378173828125
1,-310.04754638671875
2,-309.26904296875
3,-310.010986328125
4,-310.63299560546875

Migration Barrier,1.3687744140625
