Image Index,Energy (eV)
0,-406.80636882346
1,-406.6530482954497
2,-406.4187359885015
3,-406.5968283764136
4,-406.84708100289146

Migration Barrier,0.4283450143899472
