Image Index,Energy (eV)
0,-400.42627
1,-400.27097
2,-400.05862
3,-400.2602
4,-400.42352

Migration Barrier,0.36764526
