Image Index,Energy (eV)
0,-406.9896
1,-406.84448
2,-406.74146
3,-406.8589
4,-407.00107

Migration Barrier,0.25961304
