Image Index,Energy (eV)
0,-287.199462890625
1,-286.8892822265625
2,-286.8854064941406
3,-286.8892822265625
4,-287.199462890625

Migration Barrier,0.314056396484375
