Image Index,Energy (eV)
0,-231.61966
1,-231.3181
2,-231.20984
3,-231.66846
4,-231.89606

Migration Barrier,0.68621826
