Image,Energy (eV)
0,-287.5650634765625
1,-287.1181640625
2,-287.45416259765625
3,-287.1181640625
4,-287.565673828125

Migration Barrier,0.447509765625
