Image Index,Energy (eV)
0,-1307.1474135010058
1,-1306.4660154730304
2,-1305.583782614784
3,-1306.4974810575368
4,-1307.1474135010055

Migration Barrier,1.5636308862217447
