Image Index,Energy (eV)
0,-479.6827392578125
1,-479.0780029296875
2,-478.2298583984375
3,-479.0804443359375
4,-479.6827697753906

Migration Barrier,1.452911376953125
