Image Index,Energy (eV)
0,-947.91315
1,-947.623
2,-947.3954
3,-947.62305
4,-947.91315

Migration Barrier,0.51776123
