Image,Energy (eV)
0,-564.7964477539062
1,-564.7069091796875
2,-564.7332763671875
3,-564.6944580078125
4,-564.7825927734375

Migration Barrier,0.10198974609375
