Image,Energy (eV)
0,-321.2516784667969
1,-320.6284484863281
2,-320.8460998535156
3,-320.61700439453125
4,-321.251953125

Migration Barrier,0.63494873046875
