Image Index,Energy (eV)
0,-1796.282958984375
1,-1795.783203125
2,-1794.53125
3,-1795.62548828125
4,-1796.282958984375

Migration Barrier,1.751708984375
