Image Index,Energy (eV)
0,-672.3077759616612
1,-672.172396813581
2,-672.1544150396852
3,-672.1723898445232
4,-672.3077136475872

Migration Barrier,0.15336092197594553
