Image Index,Energy (eV)
0,-557.6705293509644
1,-557.5437112263922
2,-557.364022034538
3,-557.4515816531574
4,-557.6705293509644

Migration Barrier,0.30650731642640494
