Image Index,Energy (eV)
0,-837.77704
1,-837.7754
2,-837.89813
3,-837.7754
4,-837.77704

Migration Barrier,0.1227417
