Image Index,Energy (eV)
0,-748.4104013099427
1,-747.9860130334499
2,-747.6503724674951
3,-747.985899621625
4,-748.4104013099432

Migration Barrier,0.7600288424480368
