Image Index,Energy (eV)
0,-685.2958374023438
1,-684.49951171875
2,-685.2671508789062
3,-685.1595458984375
4,-685.3096923828125

Migration Barrier,0.8101806640625
