Image Index,Energy (eV)
0,-581.4875268535957
1,-581.2445116921185
2,-581.4764477764045
3,-581.2444890517665
4,-581.4875241260991

Migration Barrier,0.24303780182913215
