Image Index,Energy (eV)
0,-388.61956787109375
1,-388.13482666015625
2,-388.457763671875
3,-388.1351318359375
4,-388.61944580078125

Migration Barrier,0.4847412109375
