Image Index,Energy (eV)
0,-5294.5224609375
1,-5294.2939453125
2,-5294.220703125
3,-5294.40234375
4,-5294.4423828125

Migration Barrier,0.3017578125
