Image Index,Energy (eV)
0,-1304.499755859375
1,-1304.400146484375
2,-1304.330078125
3,-1304.4002685546875
4,-1304.499755859375

Migration Barrier,0.169677734375
