Image Index,Energy (eV)
0,-741.400390625
1,-741.115966796875
2,-741.3141479492188
3,-741.1151733398438
4,-741.399169921875

Migration Barrier,0.28521728515625
