Image,Energy (eV)
0,-575.624755859375
1,-575.2979125976562
2,-575.5980224609375
3,-575.2916259765625
4,-575.6222534179688

Migration Barrier,0.3331298828125
