Image Index,Energy (eV)
0,-307.075
1,-306.6839
2,-306.09396
3,-306.48074
4,-306.99573

Migration Barrier,0.9810486
