Image Index,Energy (eV)
0,-365.1306
1,-365.39728
2,-365.76605
3,-365.393
4,-365.13058

Migration Barrier,0.6354675
