Image Index,Energy (eV)
0,-589.3038863581305
1,-589.1836301296836
2,-588.8370278165742
3,-589.1741474281246
4,-589.306471180476

Migration Barrier,0.4694433639018598
