Image Index,Energy (eV)
0,-819.4341
1,-819.3537
2,-819.32263
3,-819.3602
4,-819.4269

Migration Barrier,0.111450195
