Image Index,Energy (eV)
0,-377.39178
1,-377.3746
2,-377.25897
3,-376.7489
4,-376.36618
5,-376.5377
6,-376.9498
7,-377.34018
8,-377.4465

Migration Barrier,1.0803223
