Image Index,Energy (eV)
0,-268.10452
1,-268.07642
2,-267.97147
3,-267.79733
4,-267.6659
5,-267.6412
6,-267.6602
7,-267.65536
8,-267.66052

Migration Barrier,0.46331787
