Image Index,Energy (eV)
0,-796.4297099066198
1,-796.2849724176391
2,-795.987574861944
3,-796.1247459171252
4,-796.2153605416945

Migration Barrier,0.4421350446757515
