Image,Energy (eV)
0,-719.1690063476562
1,-718.5524291992188
2,-718.5833740234375
3,-718.5516357421875
4,-719.1648559570312

Migration Barrier,0.61737060546875
