Image Index,Energy (eV)
0,-127.55068
1,-127.60188
2,-127.069305
3,-127.49685
4,-127.55411

Migration Barrier,0.5325775
