Image,Energy (eV)
0,-432.5795593261719
1,-431.8789978027344
2,-430.0260009765625
3,-431.57281494140625
4,-432.57965087890625

Migration Barrier,2.55364990234375
