Image,Energy (eV)
0,-798.5773315429688
1,-798.219482421875
2,-798.0223388671875
3,-798.222412109375
4,-798.5813598632812

Migration Barrier,0.55902099609375
