Image Index,Energy (eV)
0,-429.710693359375
1,-429.7024230957031
2,-429.519775390625
3,-429.7008972167969
4,-429.71295166015625

Migration Barrier,0.19317626953125
