Image Index,Energy (eV)
0,-2114.115478515625
1,-2113.95068359375
2,-2113.99658203125
3,-2113.9189453125
4,-2114.09716796875

Migration Barrier,0.196533203125
