Image Index,Energy (eV)
0,-565.4392700195312
1,-565.3470458984375
2,-565.376708984375
3,-565.3469848632812
4,-565.439208984375

Migration Barrier,0.09228515625
