Image Index,Energy (eV)
0,-786.3875732421875
1,-785.0193481445312
2,-782.4252319335938
3,-784.7801513671875
4,-786.5694580078125

Migration Barrier,4.14422607421875
