Image Index,Energy (eV)
0,-906.7672
1,-906.36914
2,-905.8982
3,-906.38794
4,-906.78186

Migration Barrier,0.883667
