Image Index,Energy (eV)
0,-805.8398
1,-804.7016
2,-802.62463
3,-804.5889
4,-805.8319

Migration Barrier,3.215149
