Image Index,Energy (eV)
0,-314.9200134277344
1,-314.76767
2,-314.31522
3,-313.65714
4,-313.2624
5,-313.64682
6,-314.30438
7,-314.76413
8,-314.92279052734375

Migration Barrier,1.6604004
