Image Index,Energy (eV)
0,-262.5079
1,-262.26825
2,-261.82443
3,-262.27097
4,-262.5079

Migration Barrier,0.6834717
