Image,Energy (eV)
0,-804.784423828125
1,-804.8273315429688
2,-804.9266967773438
3,-804.870361328125
4,-804.8172607421875

Migration Barrier,0.14227294921875
