Image Index,Energy (eV)
0,-585.1692970844796
1,-584.7249560522614
2,-584.291653088998
3,-584.5340906022132
4,-584.8932434593769

Migration Barrier,0.8776439954815487
