Image Index,Energy (eV)
0,-824.6905345003656
1,-824.3639613941517
2,-823.9780843742676
3,-824.364322306455
4,-824.6890079537267

Migration Barrier,0.7124501260980196
