Image Index,Energy (eV)
0,-333.05527
1,-333.13596
2,-333.7209
3,-333.13583
4,-333.05518

Migration Barrier,0.66571045
