Image Index,Energy (eV)
0,-318.18185
1,-317.93503
2,-318.3753
3,-317.93506
4,-318.18185

Migration Barrier,0.4402771
