Image Index,Energy (eV)
0,-795.437142150193
1,-795.2790226443506
2,-795.2513284839208
3,-795.3432843525413
4,-795.5918814273543

Migration Barrier,0.34055294343352216
