Image Index,Energy (eV)
0,-1082.3960861843286
1,-1081.7147268631468
2,-1080.8518112570916
3,-1081.7151074888056
4,-1082.3960861843286

Migration Barrier,1.5442749272369838
