Image,Energy (eV)
0,-266.8927307128906
1,-266.6479187011719
2,-266.345703125
3,-266.494384765625
4,-266.89471435546875

Migration Barrier,0.54901123046875
