Image Index,Energy (eV)
0,-334.0638122558594
1,-333.7220153808594
2,-333.135498046875
3,-333.7220458984375
4,-334.0638122558594

Migration Barrier,0.928314208984375
