Image Index,Energy (eV)
0,-987.7977
1,-987.5459
2,-987.115
3,-987.4667
4,-987.79504

Migration Barrier,0.68273926
