Image,Energy (eV)
0,-1144.75
1,-1144.474365234375
2,-1144.0457763671875
3,-1144.468994140625
4,-1144.746826171875

Migration Barrier,0.7042236328125
