Image Index,Energy (eV)
0,-694.2133178710938
1,-693.94970703125
2,-693.462646484375
3,-693.9495849609375
4,-694.21337890625

Migration Barrier,0.750732421875
