Image,Energy (eV)
0,-316.8451843261719
1,-316.7904968261719
2,-317.4344787597656
3,-316.7935791015625
4,-316.8462219238281

Migration Barrier,0.64398193359375
