Image Index,Energy (eV)
0,-334.08188
1,-333.81723
2,-334.02475
3,-333.8172
4,-334.0819

Migration Barrier,0.26470947
