Image,Energy (eV)
0,-738.229736328125
1,-736.6657104492188
2,-734.2127685546875
3,-736.5510864257812
4,-738.14404296875

Migration Barrier,4.0169677734375
