Image Index,Energy (eV)
0,-1195.5073552904557
1,-1195.3704858547685
2,-1195.31914659465
3,-1195.3704858551707
4,-1195.507355290327

Migration Barrier,0.18820869580576982
