Image Index,Energy (eV)
0,-169.54512
1,-169.39268
2,-168.64813
3,-169.39302
4,-169.54512

Migration Barrier,0.8969879
