Image Index,Energy (eV)
0,-747.866
1,-747.53656
2,-746.8947
3,-747.20306
4,-747.44

Migration Barrier,0.9713135
