Image,Energy (eV)
0,-305.24493408203125
1,-304.9397277832031
2,-304.4701843261719
3,-304.9375
4,-305.243408203125

Migration Barrier,0.774749755859375
