Image Index,Energy (eV)
0,-1401.8255960968188
1,-1401.406012912856
2,-1399.9117324362035
3,-1401.4056958361082
4,-1401.8255960802205

Migration Barrier,1.913863660615334
