Image Index,Energy (eV)
0,-315.6749267578125
1,-315.2804870605469
2,-315.52099609375
3,-315.280517578125
4,-315.6749267578125

Migration Barrier,0.394439697265625
