Image Index,Energy (eV)
0,-248.50848
1,-248.35516
2,-247.71205
3,-247.52698
4,-247.64516

Migration Barrier,0.98150635
