Image Index,Energy (eV)
0,-263.49554443359375
1,-263.172607421875
2,-261.93701171875
3,-262.3262634277344
4,-262.8591613769531

Migration Barrier,1.55853271484375
