Image Index,Energy (eV)
0,-2962.1562983965605
1,-2962.1290567284473
2,-2962.129624206217
3,-2962.249516699272
4,-2962.267441866763

Migration Barrier,0.138385138315698
