Image,Energy (eV)
0,-1088.5728759765625
1,-1086.51025390625
2,-1083.78076171875
3,-1086.658447265625
4,-1089.00341796875

Migration Barrier,5.22265625
