Image Index,Energy (eV)
0,-725.36005
1,-725.2222
2,-725.0513
3,-725.2222
4,-725.36005

Migration Barrier,0.30877686
