Image Index,Energy (eV)
0,-288.25485
1,-287.88678
2,-287.4784
3,-287.8875
4,-288.25485

Migration Barrier,0.77645874
