Image,Energy (eV)
0,-280.09130859375
1,-279.2934875488281
2,-278.8389892578125
3,-278.4520263671875
4,-278.85369873046875

Migration Barrier,1.6392822265625
