Image Index,Energy (eV)
0,-665.36194
1,-664.4154
2,-663.7154
3,-664.5354
4,-665.35876

Migration Barrier,1.6465454
