Image,Energy (eV)
0,-2113.96435546875
1,-2113.76806640625
2,-2113.79638671875
3,-2113.734375
4,-2113.925048828125

Migration Barrier,0.22998046875
