Image Index,Energy (eV)
0,-658.6870782336425
1,-658.5588528020841
2,-658.4429913294742
3,-658.5588537266332
4,-658.687078233567

Migration Barrier,0.2440869041682845
