Image Index,Energy (eV)
0,-1185.1985813853162
1,-1184.6827373896683
2,-1184.359593105043
3,-1184.8834785550189
4,-1185.2959873665206

Migration Barrier,0.9363942614777443
