Image,Energy (eV)
0,-746.678466796875
1,-746.0833129882812
2,-746.0580444335938
3,-746.120361328125
4,-746.683837890625

Migration Barrier,0.62579345703125
