Image Index,Energy (eV)
0,-3074.83447265625
1,-3074.36767578125
2,-3074.596435546875
3,-3074.3681640625
4,-3074.83447265625

Migration Barrier,0.466796875
