Image Index,Energy (eV)
0,-868.22485
1,-867.9799
2,-867.4502
3,-867.9778
4,-868.22485

Migration Barrier,0.7746582
