Image Index,Energy (eV)
0,-279.3748
1,-279.3581
2,-279.29034
3,-279.1573
4,-278.95502
5,-278.80844
6,-278.7943
7,-278.81482
8,-278.82297

Migration Barrier,0.58047485
