Image,Energy (eV)
0,-914.4590454101562
1,-914.3603515625
2,-914.24658203125
3,-914.3626708984375
4,-914.48828125

Migration Barrier,0.24169921875
