Image Index,Energy (eV)
0,-775.550593352463
1,-775.0375233745597
2,-774.0459524652771
3,-775.0095759070973
4,-775.5487731832806

Migration Barrier,1.5046408871859285
