Image,Energy (eV)
0,-421.8811950683594
1,-421.5394287109375
2,-421.85101318359375
3,-421.525634765625
4,-421.8929748535156

Migration Barrier,0.367340087890625
