Image Index,Energy (eV)
0,-308.238
1,-308.29382
2,-308.75302
3,-308.25815
4,-308.23947

Migration Barrier,0.51501465
