Image Index,Energy (eV)
0,-320.57492
1,-320.30182
2,-320.5617
3,-320.30182
4,-320.57492

Migration Barrier,0.2731018
