Image Index,Energy (eV)
0,-2959.435557047484
1,-2959.046853143565
2,-2958.6931001126577
3,-2959.0468531435645
4,-2959.435557047484

Migration Barrier,0.7424569348263503
