Image Index,Energy (eV)
0,-992.7197
1,-992.6259
2,-992.4856
3,-992.62585
4,-992.7197

Migration Barrier,0.23413086
