Image,Energy (eV)
0,-727.3263549804688
1,-727.2015991210938
2,-727.1737670898438
3,-727.2032470703125
4,-727.3257446289062

Migration Barrier,0.152587890625
