Image,Energy (eV)
0,-926.186767578125
1,-925.7831420898438
2,-925.3067016601562
3,-925.84716796875
4,-926.2510986328125

Migration Barrier,0.94439697265625
