Image,Energy (eV)
0,-314.8048095703125
1,-314.432861328125
2,-314.4383239746094
3,-314.4278564453125
4,-314.802978515625

Migration Barrier,0.376953125
