Image Index,Energy (eV)
0,-836.3261
1,-836.1247
2,-835.83844
3,-836.12134
4,-836.3285

Migration Barrier,0.49005127
