Image Index,Energy (eV)
0,-784.52625
1,-784.1104
2,-784.5121
3,-784.16315
4,-784.76636

Migration Barrier,0.6559448
