Image Index,Energy (eV)
0,-314.60202
1,-314.14316
2,-314.30618
3,-314.14185
4,-314.6018

Migration Barrier,0.46017456
