Image Index,Energy (eV)
0,-297.81805
1,-297.23148
2,-296.48376
3,-297.10693
4,-297.59006

Migration Barrier,1.3342896
