Image Index,Energy (eV)
0,-596.3779
1,-596.6824
2,-597.12415
3,-596.6824
4,-596.3779

Migration Barrier,0.7462158
