Image Index,Energy (eV)
0,-385.57306
1,-385.55807
2,-385.4289
3,-385.12045
4,-384.796
5,-384.72656
6,-385.0994
7,-385.49884
8,-385.6165

Migration Barrier,0.8899231
