Image Index,Energy (eV)
0,-468.28668
1,-468.17465
2,-468.53787
3,-468.17465
4,-468.28674

Migration Barrier,0.3632202
