Image Index,Energy (eV)
0,-772.78125
1,-772.1974487304688
2,-771.1373291015625
3,-772.2242431640625
4,-772.77880859375

Migration Barrier,1.6439208984375
