Image Index,Energy (eV)
0,-838.2291
1,-838.02496
2,-837.93243
3,-838.0249
4,-838.2291

Migration Barrier,0.2966919
