Image Index,Energy (eV)
0,-805.313
1,-805.21326
2,-805.1797
3,-805.21326
4,-805.31305

Migration Barrier,0.13336182
