Image,Energy (eV)
0,-203.07433807441183
1,-203.00489830813734
2,-202.79704534102063
3,-202.44651123374763
4,-202.3799623167218
5,-202.8927583924227
6,-203.30374425175154
7,-203.52488307812632
8,-203.59825381173928

Migration Barrier,1.2182914950174961
