Image Index,Energy (eV)
0,-320.3253
1,-320.04776
2,-320.2638
3,-320.04773
4,-320.3253

Migration Barrier,0.27755737
