Image,Energy (eV)
0,-443.381103515625
1,-443.1876220703125
2,-443.09814453125
3,-443.21112060546875
4,-443.3877258300781

Migration Barrier,0.289581298828125
