Image,Energy (eV)
0,-260.8764953613281
1,-260.4274597167969
2,-259.7347412109375
3,-259.65667724609375
4,-259.83319091796875

Migration Barrier,1.219818115234375
