Image Index,Energy (eV)
0,-582.6509548552978
1,-581.9349512993728
2,-581.8280466613348
3,-582.3238549380591
4,-582.5794493163677

Migration Barrier,0.8229081939629168
