Image Index,Energy (eV)
0,-727.3707
1,-727.23865
2,-727.2032
3,-727.2387
4,-727.3707

Migration Barrier,0.1675415
