Image Index,Energy (eV)
0,-386.5213623046875
1,-385.7513427734375
2,-385.6231689453125
3,-385.751220703125
4,-386.5213623046875

Migration Barrier,0.898193359375
