Image,Energy (eV)
0,-560.7649536132812
1,-560.5883178710938
2,-560.5004272460938
3,-560.5924072265625
4,-560.7633056640625

Migration Barrier,0.2645263671875
