Image Index,Energy (eV)
0,-318.52297942774334
1,-318.1731802494991
2,-318.46171422947845
3,-318.1731802492253
4,-318.5229794266683

Migration Barrier,0.3497991785180261
