Image Index,Energy (eV)
0,-738.2589111328125
1,-737.94677734375
2,-737.638916015625
3,-737.94775390625
4,-738.25830078125

Migration Barrier,0.6199951171875
