Image Index,Energy (eV)
0,-377.0956
1,-376.395
2,-375.77005
3,-376.49585
4,-376.9328

Migration Barrier,1.3255615
