Image,Energy (eV)
0,-588.5429077148438
1,-587.98486328125
2,-587.0835571289062
3,-588.00341796875
4,-588.5465698242188

Migration Barrier,1.4630126953125
