Image,Energy (eV)
0,-682.7778930664062
1,-682.8927612304688
2,-682.6669921875
3,-682.870361328125
4,-682.81884765625

Migration Barrier,0.22576904296875
