Image Index,Energy (eV)
0,-403.30905
1,-402.79706
2,-402.48077
3,-402.79797
4,-403.30905

Migration Barrier,0.8282776
