Image,Energy (eV)
0,-194.91050720214844
1,-194.33644104003906
2,-193.83172607421875
3,-194.0154571533203
4,-194.84078979492188

Migration Barrier,1.0787811279296875
