Image Index,Energy (eV)
0,-585.172903622633
1,-584.7043585853177
2,-584.2922349004883
3,-584.5776038193884
4,-584.8932434593769

Migration Barrier,0.8806687221447191
