Image Index,Energy (eV)
0,-754.4532
1,-754.0215
2,-753.80536
3,-754.02515
4,-754.4532

Migration Barrier,0.64782715
