Image Index,Energy (eV)
0,-474.8148
1,-474.39365
2,-474.81433
3,-474.39758
4,-474.81827

Migration Barrier,0.42462158
