Image Index,Energy (eV)
0,-257.70575
1,-257.6786
2,-257.5842
3,-257.4267
4,-257.36057
5,-257.3599
6,-257.3954
7,-257.44656
8,-257.48703

Migration Barrier,0.3458557
