Image Index,Energy (eV)
0,-262.2952
1,-262.36115
2,-262.48248
3,-262.34024
4,-262.2952

Migration Barrier,0.18728638
