Image Index,Energy (eV)
0,-301.9842
1,-301.70114
2,-302.0732
3,-301.70114
4,-301.9842

Migration Barrier,0.3720703
