Image Index,Energy (eV)
0,-865.7401733398438
1,-865.62841796875
2,-865.31298828125
3,-865.2720336914062
4,-865.7385864257812

Migration Barrier,0.4681396484375
