Image Index,Energy (eV)
0,-840.4999007212879
1,-840.1049699743011
2,-839.8036497169896
3,-840.1049015753114
4,-840.4999007213628

Migration Barrier,0.6962510043731527
