Image Index,Energy (eV)
0,-840.29987
1,-840.0289
2,-839.65216
3,-839.9244
4,-840.29987

Migration Barrier,0.6477051
