Image Index,Energy (eV)
0,-318.97247
1,-318.73837
2,-318.73392
3,-318.73837
4,-318.97232

Migration Barrier,0.23855591
