Image Index,Energy (eV)
0,-707.7730712890625
1,-707.3424072265625
2,-706.8427734375
3,-707.3424072265625
4,-707.7730712890625

Migration Barrier,0.9302978515625
