Image,Energy (eV)
0,-687.7828979492188
1,-687.83642578125
2,-687.0729370117188
3,-687.4689331054688
4,-688.2250366210938

Migration Barrier,1.152099609375
