Image Index,Energy (eV)
0,-436.8347
1,-436.11734
2,-435.17407
3,-436.18002
4,-436.836

Migration Barrier,1.6619263
