Image Index,Energy (eV)
0,-1824.247802734375
1,-1824.2808837890625
2,-1824.2589111328125
3,-1824.2811279296875
4,-1824.247802734375

Migration Barrier,0.0333251953125
