Image Index,Energy (eV)
0,-210.38489
1,-210.10368
2,-209.98325
3,-210.1986
4,-210.43637

Migration Barrier,0.453125
