Image,Energy (eV)
0,-2961.818359375
1,-2961.80859375
2,-2961.697021484375
3,-2961.867431640625
4,-2961.873291015625

Migration Barrier,0.17626953125
