Image Index,Energy (eV)
0,-309.7510954550178
1,-309.3215432026332
2,-309.67142013853106
3,-309.32117362039384
4,-309.74895668888496

Migration Barrier,0.42992183462393996
