Image Index,Energy (eV)
0,-408.56912
1,-407.85025
2,-407.79153
3,-408.16574
4,-408.1687

Migration Barrier,0.7775879
