Image Index,Energy (eV)
0,-725.0361328125
1,-724.7527465820312
2,-724.51708984375
3,-724.752685546875
4,-725.0361328125

Migration Barrier,0.51904296875
