Image Index,Energy (eV)
0,-748.4104013099428
1,-748.3982697361816
2,-748.4677063358705
3,-748.3983241527241
4,-748.4104013099428

Migration Barrier,0.0694365996888564
