Image Index,Energy (eV)
0,-921.3252488765579
1,-921.2302289937015
2,-921.0388258036787
3,-921.2310953534891
4,-921.3234358403612

Migration Barrier,0.2864230728791881
