Image Index,Energy (eV)
0,-391.31296
1,-391.12186
2,-390.99097
3,-391.1307
4,-391.20062
5,-391.1326
6,-390.99216
7,-391.12024
8,-391.3102

Migration Barrier,0.32199097
