Image Index,Energy (eV)
0,-771.004729642872
1,-770.7604296779206
2,-770.7308615812425
3,-770.7613647087849
4,-771.0051441980768

Migration Barrier,0.27428261683428445
