Image Index,Energy (eV)
0,-588.5114
1,-588.5306
2,-588.53424
3,-588.5548
4,-588.56635

Migration Barrier,0.05493164
