Image Index,Energy (eV)
0,-5303.311763214617
1,-5302.551334169279
2,-5301.79793409023
3,-5302.570574271703
4,-5303.333423603871

Migration Barrier,1.5354895136406412
