Image Index,Energy (eV)
0,-487.98508
1,-487.90784
2,-488.04797
3,-487.90784
4,-487.98508

Migration Barrier,0.14013672
