Image Index,Energy (eV)
0,-970.24475
1,-970.17004
2,-970.2166
3,-970.1699
4,-970.2449

Migration Barrier,0.07495117
