Image Index,Energy (eV)
0,-418.25183
1,-418.37622
2,-418.52493
3,-418.2834
4,-418.4863

Migration Barrier,0.2731018
