Image Index,Energy (eV)
0,-116.64830017089844
1,-117.56549072265625
2,-118.14940643310547
3,-117.56553649902344
4,-116.64830780029297

Migration Barrier,1.5011062622070312
