Image Index,Energy (eV)
0,-210.38489
1,-209.65877
2,-208.55797
3,-208.66736
4,-210.74474

Migration Barrier,2.1867676
