Image Index,Energy (eV)
0,-1088.6072591642069
1,-1086.797532279289
2,-1084.2258418192075
3,-1086.9748716611296
4,-1088.9853045783832

Migration Barrier,4.759462759175676
