Image,Energy (eV)
0,-892.8530883789062
1,-892.6282348632812
2,-892.4136962890625
3,-892.6289672851562
4,-892.8508911132812

Migration Barrier,0.43939208984375
