Image Index,Energy (eV)
0,-728.5517
1,-728.3423
2,-727.9944
3,-728.34564
4,-728.5509

Migration Barrier,0.557312
