Image Index,Energy (eV)
0,-879.1669027539039
1,-877.8918046376874
2,-879.0526654875313
3,-877.9150905595687
4,-879.1747223973979

Migration Barrier,1.2829177597104717
