Image Index,Energy (eV)
0,-884.3383
1,-884.19794
2,-884.00354
3,-884.1977
4,-884.3383

Migration Barrier,0.33477783
