Image Index,Energy (eV)
0,-161.0508207737431
1,-160.77652019796827
2,-160.56144459487857
3,-160.7765201935141
4,-161.0508207800142

Migration Barrier,0.489376185135626
