Image Index,Energy (eV)
0,-282.3612060546875
1,-282.2154541015625
2,-281.75018310546875
3,-281.2695617675781
4,-281.28179931640625
5,-281.58599853515625
6,-281.9754943847656
7,-282.22174072265625
8,-282.3315124511719

Migration Barrier,1.091644287109375
