Image Index,Energy (eV)
0,-842.0676
1,-841.91125
2,-841.81195
3,-841.9046
4,-842.0627

Migration Barrier,0.25567627
