Image Index,Energy (eV)
0,-558.2669636426166
1,-558.0616056965656
2,-557.9920660467745
3,-558.1698733149442
4,-558.2684793389021

Migration Barrier,0.2764132921275859
