Image Index,Energy (eV)
0,-248.52814
1,-247.91162
2,-246.7962
3,-247.90039
4,-248.5268

Migration Barrier,1.7319336
