Image Index,Energy (eV)
0,-838.2291
1,-837.8636
2,-837.6876
3,-837.8635
4,-838.22906

Migration Barrier,0.5415039
