Image Index,Energy (eV)
0,-323.15842
1,-322.92255
2,-322.70633
3,-322.92252
4,-323.15836

Migration Barrier,0.4520874
