Image Index,Energy (eV)
0,-479.4174
1,-479.44305
2,-479.5073
3,-479.44238
4,-479.3993

Migration Barrier,0.10800171
