Image Index,Energy (eV)
0,-572.9127
1,-572.7971
2,-572.7633
3,-572.80383
4,-572.9046

Migration Barrier,0.14941406
