Image Index,Energy (eV)
0,-211.30832
1,-211.03545
2,-210.95972
3,-211.1519
4,-211.5879

Migration Barrier,0.6281891
