Image,Energy (eV)
0,-731.384033203125
1,-731.2028198242188
2,-731.129150390625
3,-731.2012939453125
4,-731.381591796875

Migration Barrier,0.2548828125
