Image Index,Energy (eV)
0,-714.3887939453125
1,-712.9085083007812
2,-711.5512084960938
3,-712.8643798828125
4,-714.3887939453125

Migration Barrier,2.83758544921875
