Image Index,Energy (eV)
0,-332.64737
1,-332.68707
2,-332.672
3,-332.42
4,-332.3888

Migration Barrier,0.2982788
