Image Index,Energy (eV)
0,-334.07452
1,-333.79398
2,-333.85516
3,-333.79398
4,-334.07452

Migration Barrier,0.2805481
