Image Index,Energy (eV)
0,-837.97565
1,-837.7612
2,-837.7082
3,-837.81683
4,-838.0654

Migration Barrier,0.35723877
