Image Index,Energy (eV)
0,-3395.236246376887
1,-3394.8886308015735
2,-3394.5327356614202
3,-3394.8886308015735
4,-3395.236246376887

Migration Barrier,0.7035107154665639
