Image Index,Energy (eV)
0,-378.07962
1,-378.59195
2,-378.56638
3,-378.54196
4,-378.74545

Migration Barrier,0.6658325
