Image Index,Energy (eV)
0,-824.6906924300744
1,-823.8179662154799
2,-824.2230195325719
3,-823.8216939767033
4,-824.6930226115911

Migration Barrier,0.8750563961111766
