Image Index,Energy (eV)
0,-177.45987
1,-175.98248
2,-176.2474
3,-175.98239
4,-177.45987

Migration Barrier,1.477478
