Image Index,Energy (eV)
0,-1796.282958984375
1,-1795.634033203125
2,-1794.430908203125
3,-1795.634521484375
4,-1796.282958984375

Migration Barrier,1.85205078125
