Image Index,Energy (eV)
0,-795.74176
1,-795.65356
2,-795.5579
3,-795.65356
4,-795.74176

Migration Barrier,0.18383789
