Image Index,Energy (eV)
0,-354.9635314941406
1,-354.7584533691406
2,-354.1365661621094
3,-353.9085693359375
4,-354.2389831542969

Migration Barrier,1.054962158203125
