Image Index,Energy (eV)
0,-786.6749132043523
1,-785.4559821131916
2,-783.117159478262
3,-785.2467702986728
4,-786.7988993297264

Migration Barrier,3.6817398514643855
