Image Index,Energy (eV)
0,-675.5002
1,-675.50037
2,-675.5723
3,-675.50037
4,-675.5002

Migration Barrier,0.072143555
