Image,Energy (eV)
0,-316.0267028808594
1,-315.26422119140625
2,-315.4782409667969
3,-315.2656555175781
4,-316.02520751953125

Migration Barrier,0.762481689453125
