Image Index,Energy (eV)
0,-945.522216796875
1,-945.366943359375
2,-945.123779296875
3,-945.366943359375
4,-945.5222778320312

Migration Barrier,0.39849853515625
