Image Index,Energy (eV)
0,-789.8211
1,-789.57104
2,-789.5363
3,-789.177
4,-789.73773

Migration Barrier,0.644104
