Image Index,Energy (eV)
0,-513.8706665039062
1,-513.4677734375
2,-514.0628662109375
3,-513.469482421875
4,-513.8699340820312

Migration Barrier,0.5950927734375
