Image Index,Energy (eV)
0,-923.7011653937923
1,-923.456109836197
2,-922.9443492196626
3,-923.3269711881669
4,-923.720110092185

Migration Barrier,0.775760872522369
