Image Index,Energy (eV)
0,-740.293824629625
1,-738.956103468477
2,-736.7261669323632
3,-738.8695707868129
4,-740.2445558193359

Migration Barrier,3.5676576972617795
