Image Index,Energy (eV)
0,-298.71973
1,-298.4832
2,-298.6403
3,-298.48322
4,-298.71967

Migration Barrier,0.23654175
