Image Index,Energy (eV)
0,-167.60219
1,-166.93954
2,-165.90234
3,-166.9391
4,-167.60219

Migration Barrier,1.6998444
