Image Index,Energy (eV)
0,-620.6723022460938
1,-620.597900390625
2,-620.6257934570312
3,-620.59765625
4,-620.6722412109375

Migration Barrier,0.07464599609375
