Image Index,Energy (eV)
0,-325.3335266113281
1,-325.2419738769531
2,-324.8307800292969
3,-323.935791015625
4,-323.41741943359375
5,-324.15032958984375
6,-325.03851318359375
7,-325.64849853515625
8,-325.8427734375

Migration Barrier,2.42535400390625
