Image Index,Energy (eV)
0,-917.8286
1,-917.7663
2,-917.7018
3,-917.78986
4,-917.8523

Migration Barrier,0.1505127
