Image Index,Energy (eV)
0,-804.5849
1,-804.5905
2,-804.50214
3,-804.59045
4,-804.58496

Migration Barrier,0.088378906
