Image Index,Energy (eV)
0,-838.3688
1,-838.236
2,-838.00464
3,-838.14197
4,-838.2291

Migration Barrier,0.36413574
