Image,Energy (eV)
0,-731.0786743164062
1,-730.8511352539062
2,-730.567138671875
3,-730.8256225585938
4,-731.0813598632812

Migration Barrier,0.51422119140625
