Image Index,Energy (eV)
0,-688.574097936819
1,-687.6624028591677
2,-688.4923368078124
3,-687.6704351305071
4,-688.574020297349

Migration Barrier,0.9116950776513022
