Image Index,Energy (eV)
0,-762.6993
1,-763.4049
2,-763.6565
3,-763.40454
4,-762.6993

Migration Barrier,0.95721436
