Image,Energy (eV)
0,-558.4014892578125
1,-558.29736328125
2,-558.1907348632812
3,-558.1283569335938
4,-558.1163330078125

Migration Barrier,0.28515625
