Image,Energy (eV)
0,-281.8726501464844
1,-281.2201843261719
2,-281.63592529296875
3,-281.22393798828125
4,-281.86871337890625

Migration Barrier,0.6524658203125
