Image Index,Energy (eV)
0,-852.5783274484797
1,-852.4290104158727
2,-852.1334304233101
3,-852.431570739333
4,-852.5783264637862

Migration Barrier,0.44489702516966645
