Image,Energy (eV)
0,-895.1799926757812
1,-894.9065551757812
2,-894.6287231445312
3,-894.972900390625
4,-895.1859741210938

Migration Barrier,0.5572509765625
