Image Index,Energy (eV)
0,-1126.3587646484375
1,-1125.7972412109375
2,-1125.302490234375
3,-1125.797119140625
4,-1126.35888671875

Migration Barrier,1.056396484375
