Image Index,Energy (eV)
0,-795.2309
1,-794.95325
2,-794.8281
3,-794.95325
4,-795.2309

Migration Barrier,0.402771
