Image Index,Energy (eV)
0,-325.90445
1,-325.82
2,-325.53503
3,-325.29462
4,-325.0893
5,-325.18457
6,-325.56607
7,-325.82993
8,-325.9042

Migration Barrier,0.815155
