Image Index,Energy (eV)
0,-823.2304
1,-822.7005
2,-821.7735
3,-822.5553
4,-823.10254

Migration Barrier,1.4569092
