Image Index,Energy (eV)
0,-303.22576904296875
1,-303.1616
2,-302.94687
3,-302.66983
4,-302.4831
5,-302.44467
6,-302.4927
7,-302.52707
8,-302.54107666015625

Migration Barrier,0.7810974
