Image Index,Energy (eV)
0,-257.89154
1,-257.38055
2,-257.0027
3,-257.4648
4,-257.75146

Migration Barrier,0.888855
