Image Index,Energy (eV)
0,-1796.282958984375
1,-1794.85498046875
2,-1791.535400390625
3,-1794.850341796875
4,-1796.2879638671875

Migration Barrier,4.7525634765625
