Image Index,Energy (eV)
0,-1825.1248814096439
1,-1824.9054115916435
2,-1824.5282930342778
3,-1824.835193768139
4,-1825.2016004299387

Migration Barrier,0.6733073956609132
