Image Index,Energy (eV)
0,-587.0482788085938
1,-586.62451171875
2,-586.24365234375
3,-586.6162719726562
4,-586.9320068359375

Migration Barrier,0.80462646484375
