Image Index,Energy (eV)
0,-318.29642
1,-318.09552
2,-318.44623
3,-318.0955
4,-318.29642

Migration Barrier,0.35073853
