Image,Energy (eV)
0,-1025.6705322265625
1,-1025.136474609375
2,-1024.6024169921875
3,-1025.047119140625
4,-1025.372314453125

Migration Barrier,1.068115234375
