Image Index,Energy (eV)
0,-839.3631591796875
1,-839.1698608398438
2,-839.1287841796875
3,-839.32080078125
4,-839.6380615234375

Migration Barrier,0.50927734375
