Image,Energy (eV)
0,-138.7918701171875
1,-138.50808715820312
2,-138.41165161132812
3,-138.6239013671875
4,-138.78680419921875

Migration Barrier,0.380218505859375
