Image Index,Energy (eV)
0,-846.95734
1,-846.4802
2,-845.684
3,-846.45483
4,-846.95734

Migration Barrier,1.2733154
