Image Index,Energy (eV)
0,-704.87274
1,-704.782
2,-704.75854
3,-704.7816
4,-704.8788

Migration Barrier,0.12023926
