Image Index,Energy (eV)
0,-818.4254
1,-818.0182
2,-817.97266
3,-818.01794
4,-818.42535

Migration Barrier,0.4527588
