Image Index,Energy (eV)
0,-274.43551864463984
1,-273.9709413483694
2,-274.05719749293587
3,-273.9709591142393
4,-274.43579961389037

Migration Barrier,0.4648582655209452
