Image Index,Energy (eV)
0,-885.79443
1,-884.8333
2,-882.9499
3,-884.5283
4,-885.81177

Migration Barrier,2.8618774
