Image Index,Energy (eV)
0,-365.76205
1,-365.34894
2,-365.0325
3,-365.51566
4,-365.78854

Migration Barrier,0.7560425
