Image,Energy (eV)
0,-2993.388427734375
1,-2993.142578125
2,-2992.935302734375
3,-2993.138427734375
4,-2993.393798828125

Migration Barrier,0.45849609375
