Image,Energy (eV)
0,-837.4423217773438
1,-836.9613037109375
2,-835.8533325195312
3,-836.97802734375
4,-837.4539184570312

Migration Barrier,1.6005859375
