Image,Energy (eV)
0,-393.65562020770057
1,-393.6421123296038
2,-393.58916570311374
3,-393.57289923342256
4,-393.60660197565346
5,-393.56897539337865
6,-393.5744803758794
7,-393.6272999200075
8,-393.64719947403256

Migration Barrier,0.08664481432191451
