Image Index,Energy (eV)
0,-319.80914
1,-319.5275
2,-319.79214
3,-319.52753
4,-319.80914

Migration Barrier,0.28164673
