Image Index,Energy (eV)
0,-898.1731
1,-898.13367
2,-898.0803
3,-898.13226
4,-898.1692

Migration Barrier,0.09277344
