Image,Energy (eV)
0,-694.551513671875
1,-693.5842895507812
2,-692.5469970703125
3,-693.8431396484375
4,-694.5521850585938

Migration Barrier,2.00518798828125
