Image Index,Energy (eV)
0,-837.97565
1,-837.6961
2,-837.4974
3,-837.69617
4,-837.97565

Migration Barrier,0.47827148
