Image Index,Energy (eV)
0,-317.566162109375
1,-317.5343322753906
2,-317.6423645019531
3,-317.5349426269531
4,-317.566650390625

Migration Barrier,0.1080322265625
