Image,Energy (eV)
0,-738.1455078125
1,-736.8340454101562
2,-734.2405395507812
3,-736.5882568359375
4,-738.2252197265625

Migration Barrier,3.98468017578125
