Image,Energy (eV)
0,-869.7349853515625
1,-867.9567260742188
2,-867.017333984375
3,-868.5540771484375
4,-869.7376098632812

Migration Barrier,2.72027587890625
