Image Index,Energy (eV)
0,-713.1966257737556
1,-713.5584233983652
2,-714.6490162760679
3,-712.6625694096673
4,-713.1998384782033

Migration Barrier,1.9864468664005699
