Image Index,Energy (eV)
0,-834.93896
1,-834.5578
2,-834.4857
3,-834.5577
4,-834.939

Migration Barrier,0.4533081
