Image Index,Energy (eV)
0,-725.3934948547657
1,-725.219301681124
2,-725.0001427786366
3,-725.2193016580324
4,-725.3934948695143

Migration Barrier,0.39335209087767
