Image Index,Energy (eV)
0,-795.8786
1,-795.8031
2,-795.6772
3,-795.6269
4,-795.61945
5,-795.5947
6,-795.58075
7,-795.6307
8,-795.67816

Migration Barrier,0.29785156
