Image Index,Energy (eV)
0,-465.62613
1,-465.6331
2,-465.60486
3,-465.63324
4,-465.62393

Migration Barrier,0.028381348
