Image,Energy (eV)
0,-799.6913452148438
1,-799.4454345703125
2,-799.340576171875
3,-799.3339233398438
4,-799.4512329101562

Migration Barrier,0.357421875
