Image Index,Energy (eV)
0,-267.20135498046875
1,-267.0019836425781
2,-266.4638671875
3,-266.17620849609375
4,-266.4859619140625

Migration Barrier,1.025146484375
