Image,Energy (eV)
0,-726.928955078125
1,-725.1539306640625
2,-724.5324096679688
3,-724.7512817382812
4,-727.091064453125

Migration Barrier,2.55865478515625
