Image Index,Energy (eV)
0,-369.90350341796875
1,-369.3506164550781
2,-368.4541320800781
3,-368.8643798828125
4,-369.8853759765625

Migration Barrier,1.449371337890625
