Image Index,Energy (eV)
0,-798.8189697265625
1,-798.5361328125
2,-798.442138671875
3,-798.6554565429688
4,-798.9749755859375

Migration Barrier,0.5328369140625
