Image Index,Energy (eV)
0,-689.0269
1,-688.9682
2,-688.989
3,-688.97437
4,-689.03595

Migration Barrier,0.06774902
