Image Index,Energy (eV)
0,-365.04984
1,-365.07904
2,-365.61276
3,-365.07904
4,-365.0498

Migration Barrier,0.56295776
