Image Index,Energy (eV)
0,-723.2066080261673
1,-722.6790839703008
2,-722.6598253578026
3,-722.6790807667352
4,-723.2066078475351

Migration Barrier,0.546782668364699
