Image,Energy (eV)
0,-1299.64404296875
1,-1298.90869140625
2,-1296.5382080078125
3,-1298.9354248046875
4,-1299.6422119140625

Migration Barrier,3.1058349609375
