Image Index,Energy (eV)
0,-1426.5322265625
1,-1425.79296875
2,-1424.5921630859375
3,-1425.7691650390625
4,-1426.534912109375

Migration Barrier,1.9427490234375
