Image Index,Energy (eV)
0,-453.49304
1,-453.1842
2,-452.68466
3,-453.1765
4,-453.49203

Migration Barrier,0.8083801
