Image Index,Energy (eV)
0,-419.32968
1,-419.1657
2,-419.33734
3,-419.17047
4,-419.32382

Migration Barrier,0.17163086
