Image,Energy (eV)
0,-1796.3408203125
1,-1795.62158203125
2,-1794.3916015625
3,-1795.6334228515625
4,-1796.338134765625

Migration Barrier,1.94921875
