Image Index,Energy (eV)
0,-162.37419
1,-162.13165
2,-161.79504
3,-162.13165
4,-162.37419

Migration Barrier,0.57914734
