Image,Energy (eV)
0,-1824.0908203125
1,-1823.4296875
2,-1821.877197265625
3,-1823.4384765625
4,-1824.08740234375

Migration Barrier,2.213623046875
