Image Index,Energy (eV)
0,-748.4104013099433
1,-748.4157457418614
2,-748.284559270957
3,-748.4158160200531
4,-748.4104013099433

Migration Barrier,0.13125674909611007
