Image Index,Energy (eV)
0,-209.54440307617188
1,-208.90188598632812
2,-209.0052490234375
3,-209.47378540039062
4,-210.24758911132812

Migration Barrier,1.345703125
