Image Index,Energy (eV)
0,-324.92965480494956
1,-325.0685084964812
2,-325.3486930311508
3,-325.068509382587
4,-324.9296546179502

Migration Barrier,0.4190384132006102
