Image Index,Energy (eV)
0,-556.3307
1,-556.28204
2,-556.2314
3,-556.2352
4,-556.3306

Migration Barrier,0.0993042
