Image,Energy (eV)
0,-679.6641845703125
1,-679.4264526367188
2,-679.4661865234375
3,-679.2515258789062
4,-679.4517822265625

Migration Barrier,0.41265869140625
