Image,Energy (eV)
0,-1373.4205322265625
1,-1373.2364501953125
2,-1373.239990234375
3,-1373.231689453125
4,-1373.419921875

Migration Barrier,0.1888427734375
