Image,Energy (eV)
0,-653.517578125
1,-653.3721923828125
2,-653.23876953125
3,-653.3876342773438
4,-653.5034790039062

Migration Barrier,0.27880859375
