Image Index,Energy (eV)
0,-1824.2476806640625
1,-1823.698486328125
2,-1821.6424560546875
3,-1823.699462890625
4,-1824.250732421875

Migration Barrier,2.6082763671875
