Image Index,Energy (eV)
0,-1824.2508544921875
1,-1824.030029296875
2,-1823.55322265625
3,-1823.8583984375
4,-1824.3814697265625

Migration Barrier,0.8282470703125
