Image Index,Energy (eV)
0,-251.33026
1,-250.9002
2,-250.53592
3,-250.95892
4,-251.3327

Migration Barrier,0.79678345
