Image Index,Energy (eV)
0,-334.14185
1,-333.87564
2,-334.0961
3,-333.87564
4,-334.1418

Migration Barrier,0.26620483
