Image Index,Energy (eV)
0,-390.87173886319425
1,-390.7499042230536
2,-390.70089553333924
3,-390.9647214796896
4,-391.99792765362224

Migration Barrier,1.2970321202830064
