Image Index,Energy (eV)
0,-391.2970746881321
1,-390.6079248650162
2,-390.0741469598615
3,-390.6472492380003
4,-390.96354504205965

Migration Barrier,1.2229277282706335
