Image Index,Energy (eV)
0,-758.2749
1,-758.2398
2,-758.1575
3,-758.09375
4,-758.07526
5,-758.0919
6,-758.15356
7,-758.2361
8,-758.27576

Migration Barrier,0.20050049
