Image Index,Energy (eV)
0,-718.771659519144
1,-718.2423559747566
2,-718.2107751684847
3,-718.2427192864377
4,-718.771668493463

Migration Barrier,0.5608933249783377
