Image,Energy (eV)
0,-303.06097379160605
1,-302.87969029090857
2,-302.4768973941178
3,-301.7017923799252
4,-301.1014374066202
5,-301.7014779377816
6,-302.4767569891551
7,-302.87915629821487
8,-303.06057518629717

Migration Barrier,1.9595363849858245
