Image Index,Energy (eV)
0,-172.95655822753906
1,-172.16891479492188
2,-171.20941162109375
3,-172.16806030273438
4,-172.95654296875

Migration Barrier,1.7471466064453125
