Image,Energy (eV)
0,-203.34310594892554
1,-203.30099279736575
2,-203.0752561204929
3,-202.54613573079104
4,-202.2640261679209
5,-202.52118160141674
6,-202.87170705041623
7,-203.2205296192793
8,-203.34099978967004

Migration Barrier,1.0790797810046513
