Image Index,Energy (eV)
0,-461.99368
1,-461.52567
2,-461.85703
3,-461.5257
4,-461.99368

Migration Barrier,0.46801758
