Image Index,Energy (eV)
0,-839.6626
1,-839.5898
2,-839.5062
3,-839.5898
4,-839.66266

Migration Barrier,0.1564331
