Image Index,Energy (eV)
0,-738.924072265625
1,-737.311279296875
2,-734.896728515625
3,-737.217529296875
4,-738.847412109375

Migration Barrier,4.02734375
