Image,Energy (eV)
0,-292.08837890625
1,-291.5621643066406
2,-290.619384765625
3,-291.3399353027344
4,-291.893310546875

Migration Barrier,1.468994140625
