Image Index,Energy (eV)
0,-203.55118
1,-202.08829
2,-201.49152
3,-202.12935
4,-202.91208

Migration Barrier,2.0596619
