Image,Energy (eV)
0,-116.54508209228516
1,-117.43389129638672
2,-117.93640899658203
3,-117.43937683105469
4,-116.55034637451172

Migration Barrier,1.391326904296875
