Image Index,Energy (eV)
0,-323.11838
1,-323.00348
2,-322.65778
3,-322.518
4,-322.63983
5,-322.52258
6,-322.65393
7,-323.00223
8,-323.12576

Migration Barrier,0.60775757
