Image Index,Energy (eV)
0,-557.6705293509644
1,-557.582341700538
2,-557.5365708666791
3,-557.5820564906622
4,-557.6705293509644

Migration Barrier,0.13395848428535828
