Image Index,Energy (eV)
0,-254.93724
1,-254.69217
2,-254.56569
3,-254.86533
4,-254.95853

Migration Barrier,0.39283752
