Image,Energy (eV)
0,-1875.822998046875
1,-1874.52734375
2,-1874.3424072265625
3,-1874.5333251953125
4,-1875.829833984375

Migration Barrier,1.4874267578125
