Image Index,Energy (eV)
0,-300.3796
1,-300.02075
2,-299.2812
3,-299.84692
4,-300.32184

Migration Barrier,1.0984192
