Image Index,Energy (eV)
0,-424.6804294789928
1,-424.1598168897133
2,-423.10735783110874
3,-424.16605243427597
4,-424.6761045592839

Migration Barrier,1.573071647884035
