Image Index,Energy (eV)
0,-628.7302113945337
1,-628.4879367335494
2,-628.0316275173022
3,-628.4877994305805
4,-628.7302113946654

Migration Barrier,0.6985838773631485
