Image Index,Energy (eV)
0,-869.49927
1,-868.98706
2,-869.0992
3,-869.0
4,-869.4856

Migration Barrier,0.51220703
