Image Index,Energy (eV)
0,-219.96010569692362
1,-219.43331265404316
2,-218.15419314961974
3,-219.43350064805068
4,-219.96010569692362

Migration Barrier,1.8059125473038762
