Image Index,Energy (eV)
0,-403.30905
1,-403.00345
2,-402.45126
3,-402.84268
4,-403.30905

Migration Barrier,0.8577881
