Image Index,Energy (eV)
0,-614.5636001039204
1,-613.9705757396829
2,-613.848325027792
3,-613.9705703269153
4,-614.5636000828578

Migration Barrier,0.7152750761283642
