Image,Energy (eV)
0,-525.59130859375
1,-525.213623046875
2,-524.4393920898438
3,-525.0726928710938
4,-525.594482421875

Migration Barrier,1.15509033203125
