Image Index,Energy (eV)
0,-588.5663
1,-588.5548
2,-588.53424
3,-588.5306
4,-588.5113

Migration Barrier,0.054992676
