Image Index,Energy (eV)
0,-415.3581237792969
1,-415.34857
2,-415.18408
3,-414.5987
4,-414.29553
5,-414.4938
6,-414.86023
7,-415.22202
8,-415.31695556640625

Migration Barrier,1.0625916
