Image,Energy (eV)
0,-194.9111785888672
1,-194.7556915283203
2,-194.35595703125
3,-194.113037109375
4,-193.94541931152344
5,-193.8520965576172
6,-194.06103515625
7,-194.63555908203125
8,-194.8453369140625

Migration Barrier,1.05908203125
