Image Index,Energy (eV)
0,-523.5759887695312
1,-523.5739135742188
2,-523.5550537109375
3,-523.5399169921875
4,-523.5260009765625

Migration Barrier,0.04998779296875
