Image,Energy (eV)
0,-866.8465576171875
1,-866.4925537109375
2,-865.8062133789062
3,-866.4802856445312
4,-866.8455200195312

Migration Barrier,1.04034423828125
