Image Index,Energy (eV)
0,-900.7246
1,-900.62244
2,-900.3647
3,-900.6241
4,-900.72687

Migration Barrier,0.36218262
