Image Index,Energy (eV)
0,-795.38275
1,-794.9903
2,-794.7997
3,-794.9903
4,-795.38275

Migration Barrier,0.58306885
