Image Index,Energy (eV)
0,-807.962182208195
1,-807.9086903027116
2,-807.9199858380123
3,-807.9148492650055
4,-807.9330504451913

Migration Barrier,0.05349190548338356
