Image Index,Energy (eV)
0,-528.01215
1,-527.78436
2,-527.44434
3,-527.79535
4,-528.01215

Migration Barrier,0.56781006
