Image Index,Energy (eV)
0,-1082.4619140625
1,-1081.8023681640625
2,-1080.8824462890625
3,-1081.802734375
4,-1082.4619140625

Migration Barrier,1.5794677734375
