Image Index,Energy (eV)
0,-231.61966
1,-231.39967
2,-231.28929
3,-231.34518
4,-231.67896

Migration Barrier,0.3896637
