Image Index,Energy (eV)
0,-555.93317
1,-555.8884
2,-555.87384
3,-555.94257
4,-555.96814

Migration Barrier,0.09429932
