Image,Energy (eV)
0,-346.8624572753906
1,-346.4722900390625
2,-346.6300048828125
3,-346.4617614746094
4,-346.8622131347656

Migration Barrier,0.40069580078125
