Image,Energy (eV)
0,-791.655517578125
1,-790.7199096679688
2,-789.4722290039062
3,-790.7115478515625
4,-791.6570434570312

Migration Barrier,2.184814453125
