Image Index,Energy (eV)
0,-358.28867
1,-358.04343
2,-358.42862
3,-358.04343
4,-358.28867

Migration Barrier,0.38519287
