Image Index,Energy (eV)
0,-391.15524
1,-390.93088
2,-390.47626
3,-390.54315
4,-391.17288

Migration Barrier,0.69662476
