Image,Energy (eV)
0,-684.3348388671875
1,-684.3453979492188
2,-683.76416015625
3,-684.1113891601562
4,-684.6874389648438

Migration Barrier,0.92327880859375
