Image,Energy (eV)
0,-376.61290014023945
1,-376.63083920099757
2,-376.74002837127057
3,-376.52687904893736
4,-376.1941368719333
5,-376.4431580901657
6,-376.9402660218259
7,-377.33669382159815
8,-377.49200728835086

Migration Barrier,1.2978704164175383
