Image Index,Energy (eV)
0,-822.8653512325686
1,-822.2770320883537
2,-822.2528315748541
3,-822.2770352926311
4,-822.8653510472932

Migration Barrier,0.6125196577145289
