Image Index,Energy (eV)
0,-816.1900634765625
1,-816.107421875
2,-815.9892578125
3,-816.107421875
4,-816.1900634765625

Migration Barrier,0.2008056640625
