Image Index,Energy (eV)
0,-330.09933
1,-329.64606
2,-328.60834
3,-329.9107
4,-330.54788

Migration Barrier,1.9395447
