Image Index,Energy (eV)
0,-1188.0184326171875
1,-1187.9022216796875
2,-1187.7994384765625
3,-1187.903076171875
4,-1188.019287109375

Migration Barrier,0.2198486328125
