Image,Energy (eV)
0,-333.31634521484375
1,-333.01898193359375
2,-332.4842224121094
3,-333.0163269042969
4,-333.3173522949219

Migration Barrier,0.8331298828125
