Image Index,Energy (eV)
0,-216.64558
1,-216.14447
2,-215.10706
3,-216.3974
4,-216.70872

Migration Barrier,1.6016693
