Image,Energy (eV)
0,-194.51075744628906
1,-194.0718994140625
2,-193.52491760253906
3,-194.64527893066406
4,-194.94595336914062

Migration Barrier,1.4210357666015625
