Image Index,Energy (eV)
0,-648.2042236328125
1,-648.0543212890625
2,-648.05810546875
3,-648.04833984375
4,-648.191162109375

Migration Barrier,0.1558837890625
