Image Index,Energy (eV)
0,-864.39734
1,-863.91254
2,-863.97406
3,-863.9125
4,-864.39777

Migration Barrier,0.48529053
