Image,Energy (eV)
0,-484.33740234375
1,-484.2290344238281
2,-484.3228454589844
3,-484.229248046875
4,-484.33416748046875

Migration Barrier,0.108367919921875
