Image Index,Energy (eV)
0,-687.771484375
1,-687.5989990234375
2,-687.5107421875
3,-687.614990234375
4,-687.7725830078125

Migration Barrier,0.2618408203125
