Image Index,Energy (eV)
0,-1825.1248814096439
1,-1824.733338498429
2,-1823.0827814202678
3,-1824.7339376971026
4,-1825.1248814792227

Migration Barrier,2.0421000589549294
