Image Index,Energy (eV)
0,-868.22485
1,-867.9799
2,-867.45013
3,-867.97784
4,-868.22485

Migration Barrier,0.77471924
