Image Index,Energy (eV)
0,-295.97747802734375
1,-295.9063720703125
2,-295.51531982421875
3,-294.8115234375
4,-294.77850341796875
5,-295.22589111328125
6,-295.5201721191406
7,-295.88177490234375
8,-295.9239501953125

Migration Barrier,1.198974609375
