Image Index,Energy (eV)
0,-942.2544
1,-942.24316
2,-942.2135
3,-942.24316
4,-942.2544

Migration Barrier,0.040893555
