Image,Energy (eV)
0,-1651.670654296875
1,-1651.3717041015625
2,-1651.119140625
3,-1651.3709716796875
4,-1651.6605224609375

Migration Barrier,0.551513671875
