Image Index,Energy (eV)
0,-420.5410211826357
1,-420.4509780485895
2,-420.42724852227764
3,-420.456499316225
4,-420.54462951933647

Migration Barrier,0.11738099705883087
