Image,Energy (eV)
0,-1269.8319091796875
1,-1269.744140625
2,-1269.6859130859375
3,-1269.743408203125
4,-1269.8292236328125

Migration Barrier,0.14599609375
