Image Index,Energy (eV)
0,-332.059981926958
1,-331.58955601476146
2,-330.37434685911757
3,-331.9223072283186
4,-332.6172643544359

Migration Barrier,2.242917495318352
