Image Index,Energy (eV)
0,-643.4362
1,-643.09924
2,-642.8197
3,-643.10925
4,-643.3603

Migration Barrier,0.6165161
