Image,Energy (eV)
0,-1486.783203125
1,-1485.8448486328125
2,-1484.4334716796875
3,-1485.8477783203125
4,-1486.7811279296875

Migration Barrier,2.3497314453125
