Image Index,Energy (eV)
0,-715.1622314453125
1,-714.6271362304688
2,-715.0361328125
3,-714.627197265625
4,-715.1622314453125

Migration Barrier,0.53509521484375
