Image Index,Energy (eV)
0,-680.6668701171875
1,-681.7659912109375
2,-682.1380615234375
3,-681.7659912109375
4,-680.6668701171875

Migration Barrier,1.47119140625
