Image,Energy (eV)
0,-838.3289794921875
1,-838.368408203125
2,-838.572998046875
3,-838.3753051757812
4,-838.3309326171875

Migration Barrier,0.2440185546875
