Image Index,Energy (eV)
0,-404.40695
1,-404.3085
2,-403.90707
3,-404.26096
4,-404.46417

Migration Barrier,0.5570984
