Image,Energy (eV)
0,-160.25120544433594
1,-159.89801025390625
2,-159.66676330566406
3,-159.900146484375
4,-160.2534942626953

Migration Barrier,0.58673095703125
