Image Index,Energy (eV)
0,-479.89157
1,-479.61407
2,-478.95078
3,-479.6161
4,-479.88678

Migration Barrier,0.9407959
