Image,Energy (eV)
0,-2962.01708984375
1,-2961.953125
2,-2961.8671875
3,-2961.939208984375
4,-2962.052490234375

Migration Barrier,0.185302734375
