Image Index,Energy (eV)
0,-370.65237971700714
1,-370.2649524107334
2,-370.2054994875646
3,-370.2649524107334
4,-370.65237971700714

Migration Barrier,0.44688022944251315
