Image Index,Energy (eV)
0,-840.4286
1,-840.0193
2,-839.3611
3,-839.99396
4,-840.43964

Migration Barrier,1.0785522
