Image Index,Energy (eV)
0,-588.5665
1,-588.55475
2,-588.5343
3,-588.53064
4,-588.5113

Migration Barrier,0.055236816
