Image Index,Energy (eV)
0,-1486.36376953125
1,-1485.44580078125
2,-1484.20947265625
3,-1485.31884765625
4,-1486.36376953125

Migration Barrier,2.154296875
