Image Index,Energy (eV)
0,-832.21216
1,-831.9752
2,-831.64734
3,-831.7846
4,-832.0239

Migration Barrier,0.56481934
