Image Index,Energy (eV)
0,-472.59335
1,-472.63074
2,-472.65253
3,-472.6254
4,-472.58936

Migration Barrier,0.06317139
