Image,Energy (eV)
0,-1823.9578857421875
1,-1823.7635498046875
2,-1823.2916259765625
3,-1823.59423828125
4,-1824.104248046875

Migration Barrier,0.8126220703125
