Image Index,Energy (eV)
0,-360.6381
1,-360.56613
2,-360.43466
3,-360.19925
4,-360.00888
5,-360.14316
6,-360.37292
7,-360.548
8,-360.62695

Migration Barrier,0.6292114
