Image,Energy (eV)
0,-588.5469970703125
1,-588.4771118164062
2,-588.4390258789062
3,-588.465087890625
4,-588.5222778320312

Migration Barrier,0.10797119140625
