Image Index,Energy (eV)
0,-411.94843548854686
1,-411.4285391015453
2,-411.67927127333485
3,-411.42856117259305
4,-411.9484354894657

Migration Barrier,0.5198963879203689
