Image Index,Energy (eV)
0,-868.2249
1,-868.15265
2,-868.1309
3,-868.15314
4,-868.22485

Migration Barrier,0.09399414
