Image Index,Energy (eV)
0,-348.37715698637015
1,-348.0253868468495
2,-348.2881896448891
3,-348.02538685601417
4,-348.37715702384327

Migration Barrier,0.3517701769937389
