Image Index,Energy (eV)
0,-257.81425286586244
1,-257.51425634938005
2,-257.1339144710913
3,-257.0280446522076
4,-257.05940722639883

Migration Barrier,0.7862082136548452
