Image,Energy (eV)
0,-405.0564880371094
1,-404.7951354980469
2,-403.8609924316406
3,-404.85809326171875
4,-405.05419921875

Migration Barrier,1.19549560546875
