Image Index,Energy (eV)
0,-315.7263
1,-315.5473
2,-315.99582
3,-315.5473
4,-315.7263

Migration Barrier,0.44851685
