Image Index,Energy (eV)
0,-2658.935514109823
1,-2658.857236409745
2,-2658.8385679940297
3,-2658.85724905569
4,-2658.9355169900036

Migration Barrier,0.0969489959738894
