Image,Energy (eV)
0,-295.31890869140625
1,-295.2960205078125
2,-295.60546875
3,-295.29534912109375
4,-295.31646728515625

Migration Barrier,0.31011962890625
