Image Index,Energy (eV)
0,-808.4337
1,-808.40826
2,-808.457
3,-808.4125
4,-808.4322

Migration Barrier,0.048706055
