Image Index,Energy (eV)
0,-947.25214
1,-947.27234
2,-947.3742
3,-947.27234
4,-947.25214

Migration Barrier,0.12207031
