Image Index,Energy (eV)
0,-582.1566162109375
1,-581.784423828125
2,-581.3311767578125
3,-581.798828125
4,-582.1566162109375

Migration Barrier,0.825439453125
