Image Index,Energy (eV)
0,-767.181396484375
1,-766.8465576171875
2,-766.595703125
3,-766.8424072265625
4,-767.1836547851562

Migration Barrier,0.58795166015625
