Image,Energy (eV)
0,-726.7207641601562
1,-726.466796875
2,-726.065673828125
3,-726.4613647460938
4,-726.7177734375

Migration Barrier,0.65509033203125
