Image Index,Energy (eV)
0,-431.8189
1,-431.79617
2,-431.69067
3,-431.79712
4,-431.8176

Migration Barrier,0.12823486
