Image,Energy (eV)
0,-1046.743408203125
1,-1046.311767578125
2,-1045.9815673828125
3,-1046.3096923828125
4,-1046.7449951171875

Migration Barrier,0.763427734375
