Image Index,Energy (eV)
0,-326.0899658203125
1,-325.7264099121094
2,-326.31134033203125
3,-325.7264099121094
4,-326.0899658203125

Migration Barrier,0.584930419921875
