Image Index,Energy (eV)
0,-1876.24365234375
1,-1875.5887451171875
2,-1874.58154296875
3,-1875.529296875
4,-1876.2435302734375

Migration Barrier,1.662109375
