Image Index,Energy (eV)
0,-254.6904
1,-254.40778
2,-253.86372
3,-253.64964
4,-253.76302

Migration Barrier,1.0407562
