Image Index,Energy (eV)
0,-329.26498
1,-328.88684
2,-329.0606
3,-328.88684
4,-329.26495

Migration Barrier,0.3781433
