Image Index,Energy (eV)
0,-837.5902709960938
1,-836.80224609375
2,-835.7103271484375
3,-836.836181640625
4,-837.5901489257812

Migration Barrier,1.87994384765625
