Image Index,Energy (eV)
0,-731.43505859375
1,-731.2465209960938
2,-731.1241455078125
3,-731.2464599609375
4,-731.43505859375

Migration Barrier,0.3109130859375
