Image Index,Energy (eV)
0,-279.4229
1,-279.1499
2,-278.87067
3,-279.18262
4,-279.47498

Migration Barrier,0.6043091
