Image,Energy (eV)
0,-167.57623291015625
1,-167.43785095214844
2,-167.2462158203125
3,-167.43453979492188
4,-167.5717010498047

Migration Barrier,0.33001708984375
