Image Index,Energy (eV)
0,-697.5679931640625
1,-697.4165649414062
2,-697.3433837890625
3,-697.4165649414062
4,-697.5679931640625

Migration Barrier,0.224609375
