Image Index,Energy (eV)
0,-261.21787740215024
1,-260.79055060102644
2,-260.1731339009257
3,-260.0197629427871
4,-260.1146504626978

Migration Barrier,1.1981144593631257
