Image Index,Energy (eV)
0,-842.6913745379472
1,-842.6497626514372
2,-842.7315153682682
3,-842.7709986746438
4,-842.8982224429399

Migration Barrier,0.2484597915026825
