Image,Energy (eV)
0,-696.3299560546875
1,-696.143798828125
2,-696.0842895507812
3,-696.1467895507812
4,-696.3338623046875

Migration Barrier,0.24957275390625
