Image,Energy (eV)
0,-314.2188415527344
1,-313.86956787109375
2,-313.8074645996094
3,-313.86651611328125
4,-314.21832275390625

Migration Barrier,0.411376953125
