Image Index,Energy (eV)
0,-280.0250795159118
1,-279.2807524751969
2,-279.0701240216208
3,-279.36370169416
4,-279.75119449467115

Migration Barrier,0.9549554942909708
