Image,Energy (eV)
0,-299.28553797531225
1,-299.11315049656275
2,-298.6331996108137
3,-297.96419057060467
4,-297.9062803218218
5,-298.213620631519
6,-298.6561099135184
7,-299.0146782331851
8,-299.1246091790689

Migration Barrier,1.3792576534904697
