Image,Energy (eV)
0,-278.07952880859375
1,-278.0531921386719
2,-277.9749450683594
3,-277.85015869140625
4,-277.66229248046875
5,-277.44573974609375
6,-277.2795715332031
7,-277.20111083984375
8,-277.1866149902344

Migration Barrier,0.892913818359375
