Image Index,Energy (eV)
0,-741.2647705078125
1,-741.235595703125
2,-741.2403564453125
3,-741.2354736328125
4,-741.2645263671875

Migration Barrier,0.029296875
