Image Index,Energy (eV)
0,-122.70709
1,-122.89309
2,-122.64997
3,-122.893105
4,-122.70709

Migration Barrier,0.24313354
