Image Index,Energy (eV)
0,-838.88671875
1,-837.95361328125
2,-837.80810546875
3,-838.697265625
4,-839.0189208984375

Migration Barrier,1.2108154296875
