Image Index,Energy (eV)
0,-396.6028
1,-396.1167
2,-395.09943
3,-396.25894
4,-396.90765

Migration Barrier,1.8082275
