Image Index,Energy (eV)
0,-242.78317
1,-242.5287
2,-242.79932
3,-242.5287
4,-242.78317

Migration Barrier,0.27061462
