Image Index,Energy (eV)
0,-279.4986
1,-279.03726
2,-278.3613
3,-277.90353
4,-277.95428

Migration Barrier,1.5950623
