Image Index,Energy (eV)
0,-524.33905
1,-524.35205
2,-524.3376
3,-524.3253
4,-524.3107

Migration Barrier,0.0413208
