Image Index,Energy (eV)
0,-865.6803388073481
1,-865.2987907867183
2,-864.8394466518189
3,-865.2748642431943
4,-865.6885771225767

Migration Barrier,0.8491304707578138
