Image Index,Energy (eV)
0,-239.08349609375
1,-238.7864990234375
2,-237.8871307373047
3,-237.6995849609375
4,-238.05130004882812

Migration Barrier,1.3839111328125
