Image,Energy (eV)
0,-1257.7471923828125
1,-1257.360107421875
2,-1257.409423828125
3,-1257.2822265625
4,-1257.74658203125

Migration Barrier,0.4649658203125
