Image,Energy (eV)
0,-842.838134765625
1,-842.6279296875
2,-842.4088745117188
3,-842.6458129882812
4,-842.839111328125

Migration Barrier,0.43023681640625
