Image,Energy (eV)
0,-735.6070556640625
1,-735.4131469726562
2,-735.385009765625
3,-735.4923095703125
4,-735.609619140625

Migration Barrier,0.224609375
