Image Index,Energy (eV)
0,-283.41986869456457
1,-282.8592175532234
2,-282.2659310573919
3,-282.76709135895777
4,-283.15844111980624

Migration Barrier,1.1539376371726462
