Image Index,Energy (eV)
0,-820.5281
1,-819.918
2,-819.02454
3,-819.91736
4,-820.525

Migration Barrier,1.50354
