Image Index,Energy (eV)
0,-774.21655
1,-773.90967
2,-773.8009
3,-773.91235
4,-774.2165

Migration Barrier,0.4156494
