Image,Energy (eV)
0,-1299.6414794921875
1,-1299.148193359375
2,-1298.1346435546875
3,-1299.1484375
4,-1299.6357421875

Migration Barrier,1.5068359375
