Image Index,Energy (eV)
0,-199.95218
1,-199.28162
2,-198.31535
3,-199.2812
4,-199.95218

Migration Barrier,1.6368256
