Image Index,Energy (eV)
0,-413.32659912109375
1,-413.16400146484375
2,-413.68701171875
3,-413.1639404296875
4,-413.3266296386719

Migration Barrier,0.5230712890625
