Image Index,Energy (eV)
0,-602.64655
1,-602.44104
2,-602.1745
3,-602.44104
4,-602.6465

Migration Barrier,0.4720459
