Image Index,Energy (eV)
0,-292.94329833984375
1,-292.8626708984375
2,-292.37603759765625
3,-291.6649475097656
4,-291.55230712890625
5,-291.7894287109375
6,-292.1705322265625
7,-292.5479736328125
8,-292.66217041015625

Migration Barrier,1.3909912109375
