Image Index,Energy (eV)
0,-281.5497662817682
1,-281.02971195760404
2,-281.4578752249106
3,-281.0295184386092
4,-281.5497662897459

Migration Barrier,0.5202478511366735
