Image Index,Energy (eV)
0,-338.9373474121094
1,-338.83774
2,-338.5414
3,-338.4611
4,-338.64996
5,-338.47986
6,-338.51376
7,-338.8212
8,-338.9403991699219

Migration Barrier,0.47930908
