Image,Energy (eV)
0,-314.8597412109375
1,-314.50042724609375
2,-314.4696044921875
3,-314.49700927734375
4,-314.8590087890625

Migration Barrier,0.39013671875
