Image,Energy (eV)
0,-558.1197509765625
1,-558.08056640625
2,-558.1356201171875
3,-558.008056640625
4,-558.1421508789062

Migration Barrier,0.13409423828125
