Image Index,Energy (eV)
0,-912.82056
1,-912.67474
2,-912.6229
3,-912.7291
4,-912.96185

Migration Barrier,0.33892822
