Image Index,Energy (eV)
0,-274.6689
1,-274.2976
2,-273.63766
3,-273.197
4,-273.21713

Migration Barrier,1.4719238
