Image Index,Energy (eV)
0,-3072.7390871526613
1,-3072.3850306217
2,-3072.5697206590103
3,-3072.3853380244386
4,-3072.739087304565

Migration Barrier,0.3540566828651208
