Image Index,Energy (eV)
0,-589.3048719243409
1,-588.840199224785
2,-588.0529070570675
3,-588.8153644164875
4,-589.3112967875254

Migration Barrier,1.2583897304579068
