Image Index,Energy (eV)
0,-790.4396065458508
1,-790.2113145311966
2,-790.1642157073435
3,-789.7260519903447
4,-790.3081717970097

Migration Barrier,0.7135545555061071
