Image Index,Energy (eV)
0,-558.2940063476562
1,-558.1573486328125
2,-558.2659912109375
3,-558.22900390625
4,-558.2732543945312

Migration Barrier,0.13665771484375
