Image Index,Energy (eV)
0,-587.998046875
1,-587.44921875
2,-586.5369262695312
3,-587.445068359375
4,-587.9989624023438

Migration Barrier,1.4620361328125
