Image,Energy (eV)
0,-746.4232788085938
1,-745.9183959960938
2,-745.58837890625
3,-745.911865234375
4,-746.4191284179688

Migration Barrier,0.83489990234375
