Image Index,Energy (eV)
0,-856.6337890625
1,-856.534423828125
2,-856.1881713867188
3,-856.5380249023438
4,-856.6337890625

Migration Barrier,0.44561767578125
