Image Index,Energy (eV)
0,-1650.211429279239
1,-1649.9636960091389
2,-1649.7784203087651
3,-1649.9637030003762
4,-1650.2114292792392

Migration Barrier,0.4330089704740203
