Image Index,Energy (eV)
0,-268.0281824422551
1,-267.73744750438664
2,-267.40298100473854
3,-267.4318643850713
4,-267.79489944734536

Migration Barrier,0.62520143751658
