Image,Energy (eV)
0,-278.904541015625
1,-278.1396484375
2,-278.15936279296875
3,-278.13507080078125
4,-278.8992919921875

Migration Barrier,0.76947021484375
