Image,Energy (eV)
0,-558.3870239257812
1,-558.29345703125
2,-558.191650390625
3,-558.1256713867188
4,-558.11669921875

Migration Barrier,0.27032470703125
