Image Index,Energy (eV)
0,-738.1093139648438
1,-737.9583740234375
2,-737.8701171875
3,-737.9583740234375
4,-738.1093139648438

Migration Barrier,0.23919677734375
