Image Index,Energy (eV)
0,-304.27587890625
1,-303.6106262207031
2,-303.66119384765625
3,-303.6101379394531
4,-304.2725524902344

Migration Barrier,0.665740966796875
