Image Index,Energy (eV)
0,-244.14005
1,-243.62444
2,-242.81412
3,-243.6246
4,-244.14005

Migration Barrier,1.3259277
