Image Index,Energy (eV)
0,-926.5576171875
1,-926.1925048828125
2,-925.7882690429688
3,-926.192138671875
4,-926.5575561523438

Migration Barrier,0.76934814453125
