Image Index,Energy (eV)
0,-740.27466
1,-740.1191
2,-740.0208
3,-740.1191
4,-740.27466

Migration Barrier,0.2538452
