Image,Energy (eV)
0,-999.419189453125
1,-998.6901245117188
2,-997.9146728515625
3,-998.6818237304688
4,-999.4226684570312

Migration Barrier,1.50799560546875
