Image Index,Energy (eV)
0,-727.958740234375
1,-726.4891967773438
2,-724.7435302734375
3,-725.2777099609375
4,-727.958984375

Migration Barrier,3.2154541015625
