Image Index,Energy (eV)
0,-295.964599609375
1,-295.8889465332031
2,-295.524658203125
3,-295.19232177734375
4,-294.70819091796875
5,-294.8503723144531
6,-295.53546142578125
7,-295.91021728515625
8,-295.91650390625

Migration Barrier,1.25640869140625
