Image Index,Energy (eV)
0,-1396.87451171875
1,-1396.115478515625
2,-1395.5909423828125
3,-1396.2398681640625
4,-1396.8756103515625

Migration Barrier,1.28466796875
