Image Index,Energy (eV)
0,-393.6556202077006
1,-393.58872676198973
2,-393.5932422854423
3,-393.5738534076456
4,-393.64719947403256

Migration Barrier,0.08176680005504977
