Image Index,Energy (eV)
0,-628.0892333984375
1,-627.633056640625
2,-627.6204223632812
3,-627.90576171875
4,-628.0892333984375

Migration Barrier,0.46881103515625
