Image Index,Energy (eV)
0,-795.437142150193
1,-795.3305514392791
2,-795.0606296278398
3,-795.2663393815467
4,-795.5918814273543

Migration Barrier,0.5312517995145072
