Image,Energy (eV)
0,-404.8543395996094
1,-403.6542663574219
2,-404.0895690917969
3,-404.0148620605469
4,-404.8403625488281

Migration Barrier,1.2000732421875
