Image Index,Energy (eV)
0,-340.22498
1,-340.1269
2,-340.44092
3,-340.12692
4,-340.22495

Migration Barrier,0.31402588
