Image Index,Energy (eV)
0,-300.2811584472656
1,-299.38800048828125
2,-297.7358093261719
3,-299.38348388671875
4,-300.2799072265625

Migration Barrier,2.54534912109375
