Image Index,Energy (eV)
0,-1029.095703125
1,-1028.1724853515625
2,-1027.03271484375
3,-1028.17236328125
4,-1029.095703125

Migration Barrier,2.06298828125
