Image Index,Energy (eV)
0,-339.85995
1,-339.45868
2,-338.78555
3,-339.41058
4,-339.85202

Migration Barrier,1.0744019
