Image,Energy (eV)
0,-885.496826171875
1,-877.303955078125
2,-878.2348022460938
3,-878.4027099609375
4,-885.529296875

Migration Barrier,8.225341796875
