Image Index,Energy (eV)
0,-754.0004272460938
1,-752.1924438476562
2,-750.7347412109375
3,-752.1909790039062
4,-754.0003662109375

Migration Barrier,3.26568603515625
