Image Index,Energy (eV)
0,-859.8992309570312
1,-859.46630859375
2,-859.1173706054688
3,-859.649658203125
4,-859.8447265625

Migration Barrier,0.7818603515625
