Image,Energy (eV)
0,-798.584228515625
1,-798.2530517578125
2,-798.2631225585938
3,-798.5795288085938
4,-798.7670288085938

Migration Barrier,0.51397705078125
