Image Index,Energy (eV)
0,-407.104736328125
1,-406.51776123046875
2,-406.9307861328125
3,-406.517822265625
4,-407.104736328125

Migration Barrier,0.58697509765625
