Image Index,Energy (eV)
0,-658.6886
1,-658.066
2,-657.39
3,-658.06726
4,-658.6933

Migration Barrier,1.3032837
