Image Index,Energy (eV)
0,-872.079
1,-870.74744
2,-870.06647
3,-871.1922
4,-872.079

Migration Barrier,2.0125122
