Image Index,Energy (eV)
0,-618.88904
1,-617.97797
2,-617.20197
3,-618.2739
4,-618.88904

Migration Barrier,1.6870728
