Image Index,Energy (eV)
0,-140.32594299316406
1,-140.22769165039062
2,-139.99896240234375
3,-140.22781372070312
4,-140.32594299316406

Migration Barrier,0.3269805908203125
