Image Index,Energy (eV)
0,-429.265625
1,-428.3252868652344
2,-427.01885986328125
3,-428.3941650390625
4,-429.25909423828125

Migration Barrier,2.24676513671875
