Image Index,Energy (eV)
0,-1565.85009765625
1,-1565.259765625
2,-1564.150390625
3,-1565.259521484375
4,-1565.8502197265625

Migration Barrier,1.6998291015625
