Image Index,Energy (eV)
0,-450.691162109375
1,-450.1303405761719
2,-450.44207763671875
3,-450.12994384765625
4,-450.691162109375

Migration Barrier,0.56121826171875
