Image Index,Energy (eV)
0,-826.7144
1,-826.0733
2,-826.2963
3,-826.07983
4,-826.72284

Migration Barrier,0.64953613
