Image Index,Energy (eV)
0,-411.72039794921875
1,-411.63715
2,-411.40067
3,-410.98825
4,-410.84906
5,-411.07294
6,-411.3871
7,-411.61206
8,-411.67901611328125

Migration Barrier,0.8713379
