Image Index,Energy (eV)
0,-795.68286
1,-795.6146
2,-795.4579
3,-795.34
4,-795.3715
5,-795.4724
6,-795.5998
7,-795.76843
8,-795.86774

Migration Barrier,0.52770996
