Image Index,Energy (eV)
0,-339.84985
1,-339.43628
2,-338.78998
3,-339.4325
4,-339.8523

Migration Barrier,1.0623169
