Image,Energy (eV)
0,-558.3838500976562
1,-558.2318725585938
2,-558.072021484375
3,-558.11962890625
4,-558.396240234375

Migration Barrier,0.32421875
