Image Index,Energy (eV)
0,-336.2929871447292
1,-336.11560073478995
2,-336.15785795179556
3,-336.1155900817899
4,-336.2930131167865

Migration Barrier,0.1774230349965933
