Image Index,Energy (eV)
0,-347.46072
1,-347.1969
2,-347.28986
3,-347.1968
4,-347.46075

Migration Barrier,0.26394653
