Image Index,Energy (eV)
0,-292.94805908203125
1,-292.22076416015625
2,-291.46856689453125
3,-292.120361328125
4,-292.6641845703125

Migration Barrier,1.4794921875
