Image,Energy (eV)
0,-352.2467346191406
1,-351.88409423828125
2,-352.2351379394531
3,-351.88018798828125
4,-352.2450866699219

Migration Barrier,0.366546630859375
