Image Index,Energy (eV)
0,-405.07086181640625
1,-404.88739013671875
2,-404.76898193359375
3,-404.9351501464844
4,-405.0775146484375

Migration Barrier,0.30853271484375
