Image Index,Energy (eV)
0,-599.9784
1,-599.8516
2,-599.61096
3,-599.61804
4,-599.7307

Migration Barrier,0.36743164
