Image Index,Energy (eV)
0,-729.052001953125
1,-728.5704345703125
2,-728.3524169921875
3,-728.5704345703125
4,-729.052001953125

Migration Barrier,0.6995849609375
