Image,Energy (eV)
0,-702.427490234375
1,-702.2803955078125
2,-702.1771240234375
3,-702.2985229492188
4,-702.4293823242188

Migration Barrier,0.25225830078125
