Image Index,Energy (eV)
0,-795.38275
1,-795.15564
2,-795.0559
3,-795.15564
4,-795.3828

Migration Barrier,0.3269043
