Image Index,Energy (eV)
0,-1125.4724586495365
1,-1124.634290624468
2,-1122.8407822643305
3,-1124.6342738331596
4,-1125.4724586495365

Migration Barrier,2.631676385205992
