Image Index,Energy (eV)
0,-711.6919
1,-711.34973
2,-710.5463
3,-711.2442
4,-711.72034

Migration Barrier,1.1740112
