Image Index,Energy (eV)
0,-328.21923828125
1,-328.0208740234375
2,-328.1537780761719
3,-328.0209045410156
4,-328.2192077636719

Migration Barrier,0.1983642578125
