Image Index,Energy (eV)
0,-877.2604370117188
1,-876.9011840820312
2,-876.538330078125
3,-876.9011840820312
4,-877.2604370117188

Migration Barrier,0.72210693359375
