Image Index,Energy (eV)
0,-403.4706074247019
1,-402.7022029870913
2,-402.288341792201
3,-402.7035607081465
4,-403.470607426531

Migration Barrier,1.1822656343300082
