Image Index,Energy (eV)
0,-317.1998111539143
1,-316.81228599944274
2,-316.9484426456443
3,-316.8122860063834
4,-317.1998111519224

Migration Barrier,0.3875251544715752
