Image,Energy (eV)
0,-350.9256286621094
1,-350.16741943359375
2,-350.2648010253906
3,-350.1589660644531
4,-350.9226989746094

Migration Barrier,0.76666259765625
