Image Index,Energy (eV)
0,-913.15906
1,-913.10376
2,-913.1684
3,-913.20013
4,-913.2972

Migration Barrier,0.19342041
