Image Index,Energy (eV)
0,-901.98596
1,-901.98553
2,-901.8985
3,-901.98553
4,-901.98596

Migration Barrier,0.08746338
