Image Index,Energy (eV)
0,-137.52689
1,-137.31361
2,-137.07616
3,-137.31361
4,-137.52689

Migration Barrier,0.45072937
