Image,Energy (eV)
0,-511.0693359375
1,-510.60272216796875
2,-509.9440612792969
3,-510.6752624511719
4,-511.1117858886719

Migration Barrier,1.167724609375
