Image,Energy (eV)
0,-221.449462890625
1,-221.0268096923828
2,-221.4268341064453
3,-221.0304718017578
4,-221.44595336914062

Migration Barrier,0.4226531982421875
