Image Index,Energy (eV)
0,-309.7655029296875
1,-309.42987060546875
2,-309.56109619140625
3,-310.5099182128906
4,-310.6365966796875

Migration Barrier,1.20672607421875
