Image Index,Energy (eV)
0,-321.40948486328125
1,-320.79815673828125
2,-320.37493896484375
3,-321.08953857421875
4,-321.4698791503906

Migration Barrier,1.094940185546875
