Image Index,Energy (eV)
0,-731.37109375
1,-731.1204833984375
2,-730.888427734375
3,-731.12060546875
4,-731.37109375

Migration Barrier,0.482666015625
