Image,Energy (eV)
0,-881.6016235351562
1,-880.3399047851562
2,-879.9657592773438
3,-880.3438720703125
4,-881.5969848632812

Migration Barrier,1.6358642578125
