Image Index,Energy (eV)
0,-433.94907
1,-433.4824
2,-433.02936
3,-433.27597
4,-433.94907

Migration Barrier,0.91970825
