Image Index,Energy (eV)
0,-825.96936
1,-824.99304
2,-823.0495
3,-824.79224
4,-825.9945

Migration Barrier,2.9450073
