Image Index,Energy (eV)
0,-588.56635
1,-588.5183
2,-588.4553
3,-588.45154
4,-588.5663

Migration Barrier,0.11480713
