Image,Energy (eV)
0,-792.6088256835938
1,-792.3601684570312
2,-792.2034301757812
3,-792.3651123046875
4,-792.479736328125

Migration Barrier,0.4053955078125
