Image Index,Energy (eV)
0,-404.895263671875
1,-403.64752197265625
2,-403.932373046875
3,-404.0323486328125
4,-404.88311767578125

Migration Barrier,1.24774169921875
