Image Index,Energy (eV)
0,-832.4456
1,-832.2292
2,-832.24036
3,-831.90424
4,-832.41034

Migration Barrier,0.54138184
