Image Index,Energy (eV)
0,-419.5350036621094
1,-419.40093994140625
2,-419.4489440917969
3,-419.401123046875
4,-419.5353698730469

Migration Barrier,0.134429931640625
