Image Index,Energy (eV)
0,-307.7921142578125
1,-307.42535400390625
2,-307.70684814453125
3,-307.4249267578125
4,-307.78839111328125

Migration Barrier,0.3671875
