Image Index,Energy (eV)
0,-354.9638671875
1,-354.87799072265625
2,-354.5975036621094
3,-354.24481201171875
4,-353.76220703125
5,-353.82293701171875
6,-354.41412353515625
7,-354.8406066894531
8,-354.9459228515625

Migration Barrier,1.20166015625
