Image Index,Energy (eV)
0,-897.8318809518472
1,-897.097079197343
2,-896.2169658369729
3,-897.3081162032689
4,-897.8904479772957

Migration Barrier,1.6734821403227897
