Image Index,Energy (eV)
0,-301.0713081223097
1,-300.4938643637584
2,-299.82659223236516
3,-300.58541846957564
4,-301.05462467342255

Migration Barrier,1.2447158899445299
