Image Index,Energy (eV)
0,-260.53670807550486
1,-260.0849891226803
2,-260.2845267849027
3,-260.08498912975205
4,-260.5367080779674

Migration Barrier,0.4517189552870491
