Image Index,Energy (eV)
0,-302.67886
1,-302.39975
2,-302.73376
3,-302.39975
4,-302.6789

Migration Barrier,0.3340149
