Image Index,Energy (eV)
0,-776.04095
1,-775.8498
2,-775.5629
3,-775.8447
4,-776.04095

Migration Barrier,0.47802734
