Image Index,Energy (eV)
0,-339.849853515625
1,-339.74695
2,-339.47348
3,-339.19867
4,-338.90234
5,-339.06342
6,-339.48264
7,-339.76526
8,-339.8523254394531

Migration Barrier,0.9499817
