Image Index,Energy (eV)
0,-832.4456176757812
1,-832.26117
2,-832.2522
3,-832.2795
4,-832.3197
5,-831.97546
6,-831.9506
7,-832.1782
8,-832.4103393554688

Migration Barrier,0.49499512
