Image,Energy (eV)
0,-1129.1051025390625
1,-1128.650146484375
2,-1127.934326171875
3,-1128.6572265625
4,-1129.248779296875

Migration Barrier,1.314453125
