Image Index,Energy (eV)
0,-478.97696
1,-478.6811
2,-478.2431
3,-478.68185
4,-478.977

Migration Barrier,0.7338867
