Image,Energy (eV)
0,-920.0641479492188
1,-919.8600463867188
2,-919.519287109375
3,-919.5673217773438
4,-920.1311645507812

Migration Barrier,0.61187744140625
