Image,Energy (eV)
0,-266.8921813964844
1,-266.6916198730469
2,-266.17193603515625
3,-265.88140869140625
4,-266.25421142578125

Migration Barrier,1.010772705078125
