Image Index,Energy (eV)
0,-241.86598
1,-241.77914
2,-241.15765
3,-240.74095
4,-241.1252

Migration Barrier,1.1250305
