Image,Energy (eV)
0,-420.01531982421875
1,-419.5799560546875
2,-420.0745544433594
3,-419.5769348144531
4,-420.1385498046875

Migration Barrier,0.561614990234375
