Image Index,Energy (eV)
0,-756.9527587890625
1,-756.7564697265625
2,-756.634033203125
3,-756.7564697265625
4,-756.9527587890625

Migration Barrier,0.3187255859375
