Image Index,Energy (eV)
0,-1047.3378111927516
1,-1047.0200034135103
2,-1046.730596074159
3,-1047.0199486344038
4,-1047.3378111927516

Migration Barrier,0.6072151185926487
