Image Index,Energy (eV)
0,-391.16678
1,-391.16046
2,-390.8561
3,-390.38745
4,-390.4355
5,-390.6153
6,-390.80408
7,-390.96017
8,-391.0064

Migration Barrier,0.7793274
