Image Index,Energy (eV)
0,-661.86884
1,-661.77515
2,-661.61835
3,-661.6675
4,-661.7804

Migration Barrier,0.25048828
