Image Index,Energy (eV)
0,-594.7527465820312
1,-595.830810546875
2,-596.65869140625
3,-595.8307495117188
4,-594.7527465820312

Migration Barrier,1.90594482421875
