Image Index,Energy (eV)
0,-282.4891
1,-282.29602
2,-282.66495
3,-282.29602
4,-282.48907

Migration Barrier,0.368927
