Image Index,Energy (eV)
0,-312.9295349121094
1,-312.19610595703125
2,-311.9332275390625
3,-312.1881103515625
4,-312.93145751953125

Migration Barrier,0.99822998046875
