Image Index,Energy (eV)
0,-309.69785
1,-309.57358
2,-309.51517
3,-309.763
4,-309.85544
5,-309.7527
6,-309.50964
7,-309.58145
8,-309.71353

Migration Barrier,0.34579468
