Image Index,Energy (eV)
0,-558.509765625
1,-558.2599487304688
2,-558.24609375
3,-558.3871459960938
4,-558.509765625

Migration Barrier,0.263671875
