Image Index,Energy (eV)
0,-687.9272282910669
1,-687.8658171584566
2,-687.8975034731423
3,-687.8704715251156
4,-687.933458816771

Migration Barrier,0.0676416583144146
