Image Index,Energy (eV)
0,-256.1115
1,-255.81593
2,-255.24768
3,-254.99359
4,-255.02875

Migration Barrier,1.1179199
