Image Index,Energy (eV)
0,-555.96814
1,-555.96356
2,-555.9774
3,-555.91956
4,-555.93317

Migration Barrier,0.057861328
