Image Index,Energy (eV)
0,-1921.888427734375
1,-1921.09375
2,-1920.9217529296875
3,-1921.53173828125
4,-1921.8883056640625

Migration Barrier,0.9666748046875
