Image Index,Energy (eV)
0,-360.63672
1,-360.39902
2,-359.74628
3,-359.7097
4,-360.01547

Migration Barrier,0.9270325
