Image Index,Energy (eV)
0,-164.7484893798828
1,-163.87100219726562
2,-162.57522583007812
3,-163.87045288085938
4,-164.7484893798828

Migration Barrier,2.1732635498046875
