Image Index,Energy (eV)
0,-230.53717
1,-229.76724
2,-228.59943
3,-228.67586
4,-230.97023

Migration Barrier,2.3708038
