Image Index,Energy (eV)
0,-627.0611572265625
1,-626.8040771484375
2,-626.3370361328125
3,-626.8036499023438
4,-627.0611572265625

Migration Barrier,0.72412109375
