Image,Energy (eV)
0,-161.43017578125
1,-161.21437072753906
2,-160.98443603515625
3,-161.21461486816406
4,-161.42535400390625

Migration Barrier,0.44573974609375
