Image Index,Energy (eV)
0,-1824.38134765625
1,-1823.6708984375
2,-1822.072998046875
3,-1823.6767578125
4,-1824.3814697265625

Migration Barrier,2.3084716796875
