Image Index,Energy (eV)
0,-795.437142150193
1,-795.2638714560438
2,-794.9036327453609
3,-795.101046204453
4,-795.437142150193

Migration Barrier,0.5335094048321025
