Image,Energy (eV)
0,-878.01025390625
1,-877.63818359375
2,-877.2821044921875
3,-877.641845703125
4,-878.0120849609375

Migration Barrier,0.72998046875
