Image Index,Energy (eV)
0,-378.70881695810544
1,-378.2041182474013
2,-377.2479222654229
3,-377.8250417941809
4,-378.41632620618066

Migration Barrier,1.4608946926825297
