Image Index,Energy (eV)
0,-841.98517
1,-841.863
2,-841.81366
3,-841.8979
4,-842.1094

Migration Barrier,0.29571533
