Image Index,Energy (eV)
0,-465.3880777876894
1,-465.40283304265273
2,-465.35053088051336
3,-465.4028330426529
4,-465.3880777876891

Migration Barrier,0.05230216213954009
