Image,Energy (eV)
0,-388.9524841308594
1,-389.0768127441406
2,-388.2350158691406
3,-388.79229736328125
4,-389.7162170410156

Migration Barrier,1.481201171875
