Image Index,Energy (eV)
0,-225.1654410977847
1,-225.05497033454728
2,-224.41587877855594
3,-224.14777652943343
4,-224.15863924926526

Migration Barrier,1.0176645683512788
