Image Index,Energy (eV)
0,-633.10034
1,-632.3414
2,-632.9932
3,-632.45386
4,-633.2753

Migration Barrier,0.93395996
