Image,Energy (eV)
0,-341.321533203125
1,-340.9134521484375
2,-340.99298095703125
3,-340.8473205566406
4,-341.318603515625

Migration Barrier,0.474212646484375
