Image Index,Energy (eV)
0,-354.3645935058594
1,-354.134765625
2,-354.3781433105469
3,-354.13555908203125
4,-354.36456298828125

Migration Barrier,0.243377685546875
