Image Index,Energy (eV)
0,-709.4376831054688
1,-709.0191650390625
2,-708.55224609375
3,-709.0191650390625
4,-709.437744140625

Migration Barrier,0.885498046875
