Image Index,Energy (eV)
0,-706.3379
1,-706.08307
2,-706.0381
3,-706.0855
4,-706.3395

Migration Barrier,0.3013916
