Image Index,Energy (eV)
0,-433.66617221475866
1,-433.40529469905425
2,-433.0851217607975
3,-433.4005073461101
4,-433.6661193164932

Migration Barrier,0.5810504539611543
