Image,Energy (eV)
0,-278.8739318847656
1,-278.22760009765625
2,-277.5562438964844
3,-278.22857666015625
4,-278.8739929199219

Migration Barrier,1.3177490234375
