Image,Energy (eV)
0,-194.92591857910156
1,-194.2748260498047
2,-193.76051330566406
3,-194.2841339111328
4,-194.8585968017578

Migration Barrier,1.1654052734375
