Image Index,Energy (eV)
0,-248.4427032470703
1,-248.36584
2,-248.1082
3,-247.77956
4,-247.56798
5,-247.52399
6,-247.52599
7,-247.5901
8,-247.6387176513672

Migration Barrier,0.91871643
