Image Index,Energy (eV)
0,-1088.9697583865827
1,-1088.6163021649038
2,-1088.2131941970254
3,-1088.6162570094561
4,-1088.9697583865827

Migration Barrier,0.7565641895573663
