Image Index,Energy (eV)
0,-297.65295
1,-297.4858
2,-297.65292
3,-297.48645
4,-297.6585

Migration Barrier,0.17269897
