Image Index,Energy (eV)
0,-796.8373208426233
1,-796.6300758256043
2,-796.5589346283194
3,-796.518512096194
4,-796.6061074251586

Migration Barrier,0.3188087464293403
