Image Index,Energy (eV)
0,-240.58054
1,-240.33118
2,-239.75949
3,-239.60724
4,-239.75473

Migration Barrier,0.9732971
