Image Index,Energy (eV)
0,-445.7258
1,-445.53516
2,-444.78336
3,-445.52567
4,-445.7265

Migration Barrier,0.94314575
