Image Index,Energy (eV)
0,-867.4639565369363
1,-867.438787316143
2,-867.4324845480347
3,-867.4388801249511
4,-867.4639559048392

Migration Barrier,0.03147198890155778
