Image Index,Energy (eV)
0,-845.4324
1,-845.05273
2,-844.51056
3,-845.0528
4,-845.4324

Migration Barrier,0.92181396
