Image Index,Energy (eV)
0,-941.20734
1,-940.8916
2,-940.4944
3,-940.90485
4,-941.20593

Migration Barrier,0.71295166
