Image,Energy (eV)
0,-714.9998779296875
1,-714.8098754882812
2,-714.4994506835938
3,-714.6612548828125
4,-714.89306640625

Migration Barrier,0.50042724609375
