Image Index,Energy (eV)
0,-744.7995714534607
1,-744.7450118338927
2,-744.7349568914472
3,-744.7482116293045
4,-744.7968783328694

Migration Barrier,0.06461456201350302
