Image,Energy (eV)
0,-776.408935546875
1,-776.3679809570312
2,-776.3283081054688
3,-776.3914184570312
4,-776.4548950195312

Migration Barrier,0.1265869140625
