Image Index,Energy (eV)
0,-299.2711188265978
1,-298.90251084515364
2,-298.76724957277247
3,-298.90251084515364
4,-299.2711188265978

Migration Barrier,0.5038692538253144
