Image Index,Energy (eV)
0,-795.437142150193
1,-795.1420602882374
2,-794.9984307024957
3,-795.1420584537523
4,-795.437142150193

Migration Barrier,0.4387114476973011
