Image Index,Energy (eV)
0,-868.22485
1,-868.1528
2,-868.131
3,-868.1531
4,-868.22485

Migration Barrier,0.09387207
