Image Index,Energy (eV)
0,-690.7819381317792
1,-690.6355417738473
2,-690.5456797919448
3,-690.6416049010571
4,-690.7747282859252

Migration Barrier,0.23625833983430766
