Image Index,Energy (eV)
0,-828.1054168441589
1,-827.3608376407747
2,-826.0189818099044
3,-827.0733159806322
4,-827.9238732676499

Migration Barrier,2.086435034254464
