Image,Energy (eV)
0,-866.8497924804688
1,-866.8171997070312
2,-866.7874755859375
3,-866.8057861328125
4,-866.8353881835938

Migration Barrier,0.06231689453125
