Image Index,Energy (eV)
0,-836.2569529847583
1,-835.9036818012803
2,-835.3733896511156
3,-835.901183889021
4,-836.2620395864121

Migration Barrier,0.8886499352964847
