Image Index,Energy (eV)
0,-558.2939453125
1,-558.1658935546875
2,-558.093994140625
3,-558.0887451171875
4,-558.2732543945312

Migration Barrier,0.2052001953125
