Image Index,Energy (eV)
0,-843.6529
1,-843.6107
2,-843.60986
3,-843.60516
4,-843.64935

Migration Barrier,0.047729492
