Image Index,Energy (eV)
0,-705.1413689246436
1,-704.5858523591274
2,-704.2601814606422
3,-704.5858523591274
4,-705.1413689246436

Migration Barrier,0.8811874640014139
