Image Index,Energy (eV)
0,-303.4808
1,-303.05917
2,-302.68225
3,-302.76978
4,-303.0268

Migration Barrier,0.79855347
