Image Index,Energy (eV)
0,-637.7098187853062
1,-637.4391817777594
2,-637.4457917873631
3,-637.4390679383106
4,-637.7098923805945

Migration Barrier,0.2708244422839243
