Image,Energy (eV)
0,-302.529541015625
1,-302.3889465332031
2,-302.5818176269531
3,-302.3884582519531
4,-302.53204345703125

Migration Barrier,0.193359375
