Image,Energy (eV)
0,-852.0751342773438
1,-851.94921875
2,-851.752197265625
3,-851.890380859375
4,-852.1288452148438

Migration Barrier,0.37664794921875
