Image,Energy (eV)
0,-726.8483276367188
1,-726.6594848632812
2,-726.56982421875
3,-726.6603393554688
4,-726.8496704101562

Migration Barrier,0.27984619140625
