Image Index,Energy (eV)
0,-342.39348006286014
1,-341.99822825347735
2,-342.11871610841075
3,-341.9981603554533
4,-342.39348006286014

Migration Barrier,0.3953197074068271
