Image Index,Energy (eV)
0,-912.96185
1,-912.782
2,-912.5598
3,-912.692
4,-912.8206

Migration Barrier,0.40203857
