Image,Energy (eV)
0,-649.5938720703125
1,-649.4910278320312
2,-649.2406005859375
3,-649.6382446289062
4,-649.942138671875

Migration Barrier,0.7015380859375
