Image Index,Energy (eV)
0,-130.13406372070312
1,-129.90721130371094
2,-129.67156982421875
3,-129.9072265625
4,-130.13406372070312

Migration Barrier,0.462493896484375
