Image,Energy (eV)
0,-1303.9117431640625
1,-1303.7813720703125
2,-1303.693603515625
3,-1303.7886962890625
4,-1303.909423828125

Migration Barrier,0.2181396484375
