Image Index,Energy (eV)
0,-288.7272
1,-288.51138
2,-288.8517
3,-288.51138
4,-288.7272

Migration Barrier,0.34033203
