Image,Energy (eV)
0,-786.7081298828125
1,-785.34814453125
2,-782.8682861328125
3,-785.1229858398438
4,-786.8801879882812

Migration Barrier,4.01190185546875
