Image Index,Energy (eV)
0,-257.70575
1,-257.6753
2,-257.53577
3,-257.30814
4,-257.1272
5,-257.09964
6,-257.16534
7,-257.25876
8,-257.3121

Migration Barrier,0.6061096
