Image Index,Energy (eV)
0,-178.5187
1,-178.43373
2,-178.26312
3,-178.4333
4,-178.51982

Migration Barrier,0.2566986
