Image Index,Energy (eV)
0,-141.04944
1,-140.88684
2,-140.00514
3,-140.86293
4,-141.04945

Migration Barrier,1.0443115
