Image Index,Energy (eV)
0,-623.6208
1,-623.49066
2,-623.39294
3,-623.52435
4,-623.6528

Migration Barrier,0.25982666
