Image Index,Energy (eV)
0,-340.90595043754314
1,-340.6450814411183
2,-340.97906863378705
3,-340.64508143331096
4,-340.90595043119947

Migration Barrier,0.33398720047608776
