Image Index,Energy (eV)
0,-1364.842667380282
1,-1364.7778654725053
2,-1364.8108428449823
3,-1364.8535189205406
4,-1364.882258500776

Migration Barrier,0.1043930282708061
