Image Index,Energy (eV)
0,-839.8751220703125
1,-839.841552734375
2,-839.95166015625
3,-839.9962158203125
4,-840.13134765625

Migration Barrier,0.289794921875
