Image,Energy (eV)
0,-1823.9552001953125
1,-1824.007568359375
2,-1823.9930419921875
3,-1824.01513671875
4,-1823.9532470703125

Migration Barrier,0.0618896484375
