Image Index,Energy (eV)
0,-162.18238830566406
1,-161.9749755859375
2,-161.7498016357422
3,-161.97496032714844
4,-162.18240356445312

Migration Barrier,0.4326019287109375
