Image Index,Energy (eV)
0,-799.106689453125
1,-798.99267578125
2,-798.62548828125
3,-798.7219848632812
4,-799.106689453125

Migration Barrier,0.481201171875
