Image,Energy (eV)
0,-400.9718322753906
1,-400.9308166503906
2,-400.7908630371094
3,-400.7130126953125
4,-400.9722900390625

Migration Barrier,0.25927734375
