Image Index,Energy (eV)
0,-3380.117431640625
1,-3379.67236328125
2,-3379.213623046875
3,-3379.672607421875
4,-3380.117431640625

Migration Barrier,0.90380859375
