Image Index,Energy (eV)
0,-304.88983
1,-304.54764
2,-304.6845
3,-304.5476
4,-304.88983

Migration Barrier,0.34222412
