Image Index,Energy (eV)
0,-809.9398
1,-809.5254
2,-809.61273
3,-809.5255
4,-809.9398

Migration Barrier,0.4144287
