Image,Energy (eV)
0,-293.253662109375
1,-292.9215087890625
2,-292.87396240234375
3,-292.9225769042969
4,-293.25146484375

Migration Barrier,0.37969970703125
