Image Index,Energy (eV)
0,-388.43170166015625
1,-388.125732421875
2,-387.84100341796875
3,-388.12591552734375
4,-388.43170166015625

Migration Barrier,0.5906982421875
