Image Index,Energy (eV)
0,-341.97784
1,-341.90506
2,-342.1126
3,-341.90506
4,-341.9778

Migration Barrier,0.20755005
