Image Index,Energy (eV)
0,-585.1692970844796
1,-584.8131989219966
2,-584.3085907378718
3,-584.812145296863
4,-585.1692970842189

Migration Barrier,0.8607063466077989
