Image,Energy (eV)
0,-199.52407836914062
1,-199.11639404296875
2,-199.26968383789062
3,-199.11558532714844
4,-199.52574157714844

Migration Barrier,0.41015625
