Image Index,Energy (eV)
0,-937.1081387833469
1,-937.0958466934222
2,-936.7447941132843
3,-937.0958303705122
4,-937.1081385306566

Migration Barrier,0.3633446700625882
