Image,Energy (eV)
0,-345.4620361328125
1,-344.900390625
2,-345.1484069824219
3,-344.8968505859375
4,-345.4608154296875

Migration Barrier,0.565185546875
