Image Index,Energy (eV)
0,-230.41641235351562
1,-230.29042053222656
2,-229.32650756835938
3,-229.1206817626953
4,-229.28521728515625

Migration Barrier,1.2957305908203125
