Image Index,Energy (eV)
0,-394.2611
1,-394.0679
2,-393.97064
3,-393.7116
4,-393.59943
5,-393.76123
6,-393.85925
7,-394.13696
8,-394.3429

Migration Barrier,0.74346924
