Image Index,Energy (eV)
0,-707.908935546875
1,-707.7197265625
2,-707.6444091796875
3,-707.7197265625
4,-707.908935546875

Migration Barrier,0.2645263671875
