Image Index,Energy (eV)
0,-801.0347900390625
1,-800.93505859375
2,-800.7198486328125
3,-800.93505859375
4,-801.0347900390625

Migration Barrier,0.31494140625
