Image,Energy (eV)
0,-492.49542236328125
1,-492.16497802734375
2,-491.72076416015625
3,-492.17877197265625
4,-492.4542236328125

Migration Barrier,0.774658203125
