Image Index,Energy (eV)
0,-906.7692
1,-906.11804
2,-906.3737
3,-906.10205
4,-906.783

Migration Barrier,0.68096924
