Image Index,Energy (eV)
0,-830.7326
1,-830.32837
2,-830.3937
3,-830.3216
4,-830.728

Migration Barrier,0.41101074
