Image Index,Energy (eV)
0,-379.1065368652344
1,-379.04135
2,-378.91983
3,-378.67593
4,-378.49664
5,-378.5943
6,-378.84174
7,-379.01227
8,-379.0893249511719

Migration Barrier,0.6098938
