Image Index,Energy (eV)
0,-292.9480895996094
1,-292.88079833984375
2,-292.60626220703125
3,-292.07989501953125
4,-292.03814697265625
5,-292.3341979980469
6,-292.6566162109375
7,-292.888427734375
8,-292.962890625

Migration Barrier,0.92474365234375
