Image,Energy (eV)
0,-282.1480712890625
1,-281.9448547363281
2,-282.2469482421875
3,-281.94464111328125
4,-282.1515808105469

Migration Barrier,0.30230712890625
