Image,Energy (eV)
0,-210.97959899902344
1,-210.6114044189453
2,-210.39990234375
3,-210.54708862304688
4,-211.021728515625

Migration Barrier,0.621826171875
