Image,Energy (eV)
0,-267.87444558821215
1,-267.87176058680706
2,-267.8319224267159
3,-267.6857353657018
4,-267.4913969039488
5,-267.39174685327373
6,-267.4257105020594
7,-267.4867930357875
8,-267.5118328177388

Migration Barrier,0.48269873493842397
