Image,Energy (eV)
0,-582.1287231445312
1,-581.8716430664062
2,-581.4616088867188
3,-581.8850708007812
4,-582.1298217773438

Migration Barrier,0.668212890625
