Image Index,Energy (eV)
0,-282.9363098144531
1,-282.8182373046875
2,-282.31439208984375
3,-281.55206298828125
4,-281.36065673828125
5,-281.62933349609375
6,-282.2253723144531
7,-282.61785888671875
8,-282.8333435058594

Migration Barrier,1.575653076171875
