Image Index,Energy (eV)
0,-811.4908
1,-810.0679
2,-809.4759
3,-810.00226
4,-811.4795

Migration Barrier,2.0148926
