Image Index,Energy (eV)
0,-708.8157
1,-708.7563
2,-708.7129
3,-708.7563
4,-708.81573

Migration Barrier,0.10284424
