Image,Energy (eV)
0,-688.2981567382812
1,-687.4468994140625
2,-688.11328125
3,-687.451171875
4,-688.291015625

Migration Barrier,0.85125732421875
