Image Index,Energy (eV)
0,-280.1493
1,-280.06244
2,-279.77563
3,-279.50552
4,-279.4843
5,-279.4615
6,-279.3973
7,-279.44287
8,-279.47134

Migration Barrier,0.75198364
