Image Index,Energy (eV)
0,-1824.2508544921875
1,-1823.782470703125
2,-1823.346923828125
3,-1824.054931640625
4,-1824.38134765625

Migration Barrier,1.034423828125
