Image Index,Energy (eV)
0,-701.7496337890625
1,-701.1890869140625
2,-700.8333740234375
3,-701.1890869140625
4,-701.7496337890625

Migration Barrier,0.916259765625
