Image Index,Energy (eV)
0,-295.9774475097656
1,-295.41455078125
2,-294.6862487792969
3,-295.4368591308594
4,-295.9239501953125

Migration Barrier,1.29119873046875
