Image Index,Energy (eV)
0,-222.29107666015625
1,-221.75193786621094
2,-220.97802734375
3,-220.98880004882812
4,-221.1808319091797

Migration Barrier,1.31304931640625
