Image Index,Energy (eV)
0,-316.12378
1,-316.1266
2,-316.37222
3,-316.1266
4,-316.12372

Migration Barrier,0.24850464
