Image Index,Energy (eV)
0,-803.90875
1,-803.6189
2,-803.25964
3,-803.61884
4,-803.90875

Migration Barrier,0.6491089
