Image Index,Energy (eV)
0,-231.97975
1,-231.74338
2,-231.58514
3,-231.89217
4,-231.99255

Migration Barrier,0.40740967
