Image,Energy (eV)
0,-554.1762084960938
1,-553.7703247070312
2,-553.790771484375
3,-553.7764892578125
4,-554.1668701171875

Migration Barrier,0.4058837890625
