Image Index,Energy (eV)
0,-842.2705069111831
1,-842.0972964551739
2,-842.0325441662333
3,-842.2225227443049
4,-842.4869081908679

Migration Barrier,0.45436402463462855
