Image Index,Energy (eV)
0,-842.10944
1,-842.02136
2,-842.0015
3,-841.92883
4,-841.98517

Migration Barrier,0.18060303
