Image,Energy (eV)
0,-247.09202575683594
1,-246.93939208984375
2,-246.2567138671875
3,-246.9423065185547
4,-247.0936737060547

Migration Barrier,0.8369598388671875
