Image,Energy (eV)
0,-278.3341064453125
1,-278.3116455078125
2,-278.0586242675781
3,-277.529052734375
4,-277.5213928222656

Migration Barrier,0.812713623046875
