Image,Energy (eV)
0,-292.09051513671875
1,-291.5498962402344
2,-290.6274108886719
3,-291.3418884277344
4,-291.8955993652344

Migration Barrier,1.463104248046875
