Image Index,Energy (eV)
0,-824.8143920898438
1,-823.8273315429688
2,-824.330078125
3,-823.8377685546875
4,-824.826904296875

Migration Barrier,0.99957275390625
