Image Index,Energy (eV)
0,-2251.168916806825
1,-2250.9602199139085
2,-2250.608759931933
3,-2250.9652282739567
4,-2251.1689168051753

Migration Barrier,0.5601568748920727
