Image Index,Energy (eV)
0,-453.56878662109375
1,-453.53653
2,-453.41864
3,-453.23703
4,-453.12595
5,-453.2264
6,-453.4081
7,-453.5307
8,-453.57080078125

Migration Barrier,0.44485474
