Image Index,Energy (eV)
0,-734.2489747452795
1,-733.7961393056202
2,-733.664789238792
3,-733.7961393909857
4,-734.248974776663

Migration Barrier,0.5841855378710079
