Image Index,Energy (eV)
0,-340.70649323778593
1,-340.3486804448649
2,-340.7518549749816
3,-340.3486804448647
4,-340.7064932377859

Migration Barrier,0.4031745301168712
