Image Index,Energy (eV)
0,-925.04767
1,-925.0608
2,-925.15204
3,-925.06085
4,-925.04767

Migration Barrier,0.10437012
