Image Index,Energy (eV)
0,-524.2222277952501
1,-523.8443569986299
2,-524.4151936147304
3,-523.8447505063987
4,-524.2222475185765

Migration Barrier,0.5708366161004506
