Image,Energy (eV)
0,-627.4427490234375
1,-627.1653442382812
2,-626.7242431640625
3,-627.1831665039062
4,-627.4422607421875

Migration Barrier,0.718505859375
