Image Index,Energy (eV)
0,-773.9154
1,-774.15173
2,-773.7383
3,-773.96875
4,-774.5426

Migration Barrier,0.8043213
