Image,Energy (eV)
0,-239.0135955810547
1,-239.03553771972656
2,-238.967529296875
3,-237.94972229003906
4,-237.81964111328125

Migration Barrier,1.2158966064453125
