Image,Energy (eV)
0,-586.3744506835938
1,-586.0122680664062
2,-585.4684448242188
3,-586.0046997070312
4,-586.3828735351562

Migration Barrier,0.9144287109375
