Image Index,Energy (eV)
0,-723.53076
1,-722.8515
2,-723.66705
3,-722.8525
4,-723.53253

Migration Barrier,0.81555176
