Image Index,Energy (eV)
0,-2519.6617004997197
1,-2519.530418259007
2,-2519.430810365629
3,-2519.377924135896
4,-2519.6617004997197

Migration Barrier,0.28377636382356286
