Image Index,Energy (eV)
0,-365.7615
1,-365.39822
2,-364.79947
3,-365.36554
4,-365.7594

Migration Barrier,0.96203613
