Image,Energy (eV)
0,-333.09332275390625
1,-333.2624206542969
2,-333.8720703125
3,-333.25836181640625
4,-333.0875549316406

Migration Barrier,0.784515380859375
