Image Index,Energy (eV)
0,-1118.8961181640625
1,-1118.6876220703125
2,-1118.1488037109375
3,-1118.5623779296875
4,-1118.92236328125

Migration Barrier,0.7735595703125
