Image Index,Energy (eV)
0,-231.0993194580078
1,-231.030029296875
2,-230.77650451660156
3,-230.3493194580078
4,-230.01211547851562
5,-229.83184814453125
6,-229.65365600585938
7,-229.665283203125
8,-229.77920532226562

Migration Barrier,1.4456634521484375
