Image Index,Energy (eV)
0,-286.8104553222656
1,-286.516845703125
2,-286.4910888671875
3,-286.5168762207031
4,-286.8104553222656

Migration Barrier,0.319366455078125
