Image,Energy (eV)
0,-746.42724609375
1,-745.53466796875
2,-744.4617309570312
3,-745.53564453125
4,-746.4274291992188

Migration Barrier,1.9656982421875
