Image Index,Energy (eV)
0,-1087.8721923828125
1,-1085.856201171875
2,-1083.1234130859375
3,-1086.009033203125
4,-1088.27197265625

Migration Barrier,5.1485595703125
