Image,Energy (eV)
0,-586.3806762695312
1,-586.0363159179688
2,-585.410888671875
3,-585.9420166015625
4,-586.373779296875

Migration Barrier,0.96978759765625
