Image Index,Energy (eV)
0,-713.2789306640625
1,-712.443115234375
2,-711.1761474609375
3,-712.4431762695312
4,-713.2789306640625

Migration Barrier,2.102783203125
