Image Index,Energy (eV)
0,-227.82017451721842
1,-227.40601088104034
2,-227.60053730887137
3,-227.4060108777348
4,-227.82017450112414

Migration Barrier,0.41416363948363255
