Image,Energy (eV)
0,-2216.145263671875
1,-2215.8779296875
2,-2215.5234375
3,-2215.87451171875
4,-2216.1572265625

Migration Barrier,0.6337890625
