Image,Energy (eV)
0,-710.71533203125
1,-711.1155395507812
2,-714.1613159179688
3,-713.4521484375
4,-713.3556518554688

Migration Barrier,3.44598388671875
