Image Index,Energy (eV)
0,-395.09784
1,-394.80908
2,-395.04324
3,-394.809
4,-395.09784

Migration Barrier,0.28884888
