Image Index,Energy (eV)
0,-630.5960693359375
1,-629.9000244140625
2,-628.7005615234375
3,-629.847900390625
4,-630.600830078125

Migration Barrier,1.9002685546875
