Image Index,Energy (eV)
0,-1274.0153534037277
1,-1273.9018251236073
2,-1273.8822601205516
3,-1273.901825124212
4,-1274.0153534036547

Migration Barrier,0.1330932831760947
