Image Index,Energy (eV)
0,-571.730256758019
1,-571.0849043662352
2,-570.283655670599
3,-571.0847408647934
4,-571.7302567580184

Migration Barrier,1.4466010874199355
