Image Index,Energy (eV)
0,-231.69540761992272
1,-231.4130116684663
2,-230.72173395693414
3,-230.39467740278832
4,-230.52792591258458

Migration Barrier,1.3007302171344008
