Image Index,Energy (eV)
0,-411.7204
1,-411.32877
2,-410.71594
3,-411.3105
4,-411.67633

Migration Barrier,1.0044556
