Image Index,Energy (eV)
0,-841.3086380260141
1,-841.1702019885474
2,-840.950817247587
3,-841.1702054228151
4,-841.3086380259776

Migration Barrier,0.3578207784271399
