Image Index,Energy (eV)
0,-315.46197509765625
1,-315.1356506347656
2,-315.0692138671875
3,-315.1356506347656
4,-315.46197509765625

Migration Barrier,0.39276123046875
