Image,Energy (eV)
0,-304.4296569824219
1,-304.0684814453125
2,-304.3885803222656
3,-304.07122802734375
4,-304.4295654296875

Migration Barrier,0.361175537109375
