Image,Energy (eV)
0,-279.72025577917657
1,-279.456777445729
2,-278.91448209395145
3,-278.7898618526622
4,-278.74058400697385
5,-278.80083947418046
6,-278.97679368662835
7,-279.2347561554783
8,-279.41171778714335

Migration Barrier,0.9796717722027211
