Image Index,Energy (eV)
0,-713.1769409179688
1,-712.6395263671875
2,-712.6281127929688
3,-712.6396484375
4,-713.1769409179688

Migration Barrier,0.548828125
