Image Index,Energy (eV)
0,-949.0436
1,-947.65405
2,-946.96216
3,-948.1397
4,-949.0435

Migration Barrier,2.081421
