Image,Energy (eV)
0,-1313.635498046875
1,-1313.4163818359375
2,-1313.0230712890625
3,-1313.408203125
4,-1313.645263671875

Migration Barrier,0.6221923828125
