Image Index,Energy (eV)
0,-310.7715759277344
1,-310.08843994140625
2,-310.19677734375
3,-310.08819580078125
4,-310.7715759277344

Migration Barrier,0.683380126953125
