Image Index,Energy (eV)
0,-2954.5751953125
1,-2954.092529296875
2,-2953.568115234375
3,-2954.092529296875
4,-2954.5751953125

Migration Barrier,1.007080078125
