Image Index,Energy (eV)
0,-558.2423095703125
1,-558.2509765625
2,-558.2996826171875
3,-558.4168701171875
4,-558.509765625

Migration Barrier,0.2674560546875
