Image Index,Energy (eV)
0,-215.5495750307289
1,-215.4270641122421
2,-214.74989523753337
3,-214.21652173032936
4,-214.62318760262727

Migration Barrier,1.3330533003995413
