Image,Energy (eV)
0,-306.2547607421875
1,-306.3849182128906
2,-306.9471130371094
3,-306.35699462890625
4,-306.25494384765625

Migration Barrier,0.692352294921875
