Image Index,Energy (eV)
0,-973.51166
1,-973.4293
2,-973.3094
3,-973.4007
4,-973.512

Migration Barrier,0.20263672
