Image Index,Energy (eV)
0,-837.97565
1,-837.8371
2,-837.5962
3,-837.7764
4,-838.0654

Migration Barrier,0.46923828
