Image Index,Energy (eV)
0,-1892.5007177806006
1,-1891.8363089296786
2,-1890.900970983503
3,-1891.8344913162348
4,-1892.5007177806006

Migration Barrier,1.5997467970976231
