Image Index,Energy (eV)
0,-224.54752
1,-224.07483
2,-224.13745
3,-224.07388
4,-224.54892

Migration Barrier,0.47503662
