Image Index,Energy (eV)
0,-888.4935913085938
1,-887.718994140625
2,-886.9124755859375
3,-888.078125
4,-888.70166015625

Migration Barrier,1.7891845703125
