Image Index,Energy (eV)
0,-805.2030996905523
1,-803.7077330326833
2,-801.4800504077504
3,-803.7212309597572
4,-805.1494835139529

Migration Barrier,3.7230492828019806
