Image Index,Energy (eV)
0,-360.6381
1,-360.3274
2,-359.93414
3,-360.3074
4,-360.62695

Migration Barrier,0.703949
