Image Index,Energy (eV)
0,-798.8189697265625
1,-798.4346313476562
2,-798.1259765625
3,-798.4347534179688
4,-798.8189697265625

Migration Barrier,0.6929931640625
