Image Index,Energy (eV)
0,-861.2981
1,-861.29645
2,-861.2862
3,-861.27216
4,-861.2499

Migration Barrier,0.048217773
