Image Index,Energy (eV)
0,-922.039306640625
1,-921.2344970703125
2,-921.0799560546875
3,-921.754638671875
4,-921.9907836914062

Migration Barrier,0.9593505859375
