Image,Energy (eV)
0,-310.0281677246094
1,-309.66229248046875
2,-308.8824768066406
3,-309.1707763671875
4,-309.7621154785156

Migration Barrier,1.14569091796875
