Image Index,Energy (eV)
0,-409.7890625
1,-409.2276611328125
2,-409.4954833984375
3,-409.22760009765625
4,-409.7890625

Migration Barrier,0.56146240234375
