Image Index,Energy (eV)
0,-356.28796
1,-355.98383
2,-356.27292
3,-355.98386
4,-356.28796

Migration Barrier,0.30413818
