Image Index,Energy (eV)
0,-491.3135986328125
1,-490.9041748046875
2,-490.5306701660156
3,-490.9042053222656
4,-491.3135986328125

Migration Barrier,0.782928466796875
