Image Index,Energy (eV)
0,-744.0115072911024
1,-743.8824902337535
2,-743.5989595682448
3,-743.878308538811
4,-743.9994646779827

Migration Barrier,0.41254772285753916
