Image Index,Energy (eV)
0,-1006.437814228471
1,-1005.8300368762426
2,-1005.1002402358994
3,-1005.8216467873517
4,-1006.4378559702202

Migration Barrier,1.3376157343208206
