Image Index,Energy (eV)
0,-439.6329
1,-439.17963
2,-439.41196
3,-439.22546
4,-439.64072

Migration Barrier,0.4610901
