Image Index,Energy (eV)
0,-163.99106
1,-163.8199
2,-163.72496
3,-163.80641
4,-163.9702

Migration Barrier,0.26609802
