Image,Energy (eV)
0,-838.1106567382812
1,-837.8013305664062
2,-837.3594360351562
3,-837.7977294921875
4,-838.1136474609375

Migration Barrier,0.75421142578125
