Image Index,Energy (eV)
0,-836.1844900686855
1,-835.7842682388941
2,-835.0178594407181
3,-835.7803865953688
4,-836.1786072202668

Migration Barrier,1.166630627967379
