Image,Energy (eV)
0,-171.44766235351562
1,-171.14266967773438
2,-170.82666015625
3,-171.14273071289062
4,-171.44825744628906

Migration Barrier,0.6215972900390625
