Image Index,Energy (eV)
0,-887.3121
1,-887.1839
2,-887.0775
3,-887.17993
4,-887.3146

Migration Barrier,0.23706055
