Image Index,Energy (eV)
0,-616.1097325382898
1,-615.2719742192828
2,-614.0623357208749
3,-615.3810498675917
4,-616.1097325382898

Migration Barrier,2.047396817414892
