Image Index,Energy (eV)
0,-682.02576
1,-681.89905
2,-681.8426
3,-681.86694
4,-681.97107

Migration Barrier,0.1831665
