Image Index,Energy (eV)
0,-300.25803
1,-299.99786
2,-300.3805
3,-299.99786
4,-300.25803

Migration Barrier,0.3826294
