Image Index,Energy (eV)
0,-432.5723571777344
1,-432.3447570800781
2,-432.0482177734375
3,-432.341552734375
4,-432.5722961425781

Migration Barrier,0.524139404296875
