Image Index,Energy (eV)
0,-280.38333
1,-279.92596
2,-279.5747
3,-279.54718
4,-279.75137

Migration Barrier,0.8361511
