Image Index,Energy (eV)
0,-999.4615478515625
1,-998.839599609375
2,-998.0474853515625
3,-998.7952270507812
4,-999.4616088867188

Migration Barrier,1.41412353515625
