Image Index,Energy (eV)
0,-470.29599968725597
1,-470.2652822712317
2,-470.35744775699084
3,-470.24667329651817
4,-470.27197507565586

Migration Barrier,0.11077446047266903
