Image Index,Energy (eV)
0,-276.79993
1,-276.7197
2,-277.16663
3,-276.7197
4,-276.79996

Migration Barrier,0.44692993
