Image Index,Energy (eV)
0,-299.92807
1,-299.74905
2,-299.78128
3,-299.74908
4,-299.92807

Migration Barrier,0.17901611
