Image Index,Energy (eV)
0,-858.8662
1,-858.77075
2,-858.53046
3,-858.7709
4,-858.8662

Migration Barrier,0.3357544
