Image,Energy (eV)
0,-164.62548828125
1,-163.7654266357422
2,-162.4865264892578
3,-163.76388549804688
4,-164.62393188476562

Migration Barrier,2.1389617919921875
