Image,Energy (eV)
0,-291.41461181640625
1,-291.4723205566406
2,-291.7403259277344
3,-291.4710998535156
4,-291.41888427734375

Migration Barrier,0.325714111328125
