Image Index,Energy (eV)
0,-940.76117
1,-940.7416
2,-940.86835
3,-940.74164
4,-940.7612

Migration Barrier,0.12677002
