Image Index,Energy (eV)
0,-820.64575
1,-820.24774
2,-820.24146
3,-820.24774
4,-820.64575

Migration Barrier,0.40429688
