Image Index,Energy (eV)
0,-799.26220703125
1,-798.9118041992188
2,-798.8135986328125
3,-799.1412353515625
4,-799.4602661132812

Migration Barrier,0.64666748046875
