Image Index,Energy (eV)
0,-319.04434
1,-318.7932
2,-319.0983
3,-318.7932
4,-319.04434

Migration Barrier,0.30508423
