Image Index,Energy (eV)
0,-687.462646484375
1,-687.8964233398438
2,-687.2186279296875
3,-687.5426025390625
4,-688.3624267578125

Migration Barrier,1.143798828125
