Image Index,Energy (eV)
0,-347.901123046875
1,-347.8119812011719
2,-348.45623779296875
3,-347.81201171875
4,-347.901123046875

Migration Barrier,0.644256591796875
