Image,Energy (eV)
0,-726.9008178710938
1,-726.8521118164062
2,-726.74365234375
3,-726.8533935546875
4,-726.9000854492188

Migration Barrier,0.15716552734375
