Image Index,Energy (eV)
0,-232.38400899790923
1,-232.10877895789432
2,-231.91780710223907
3,-232.29205277688249
4,-232.43741883701662

Migration Barrier,0.5196117347775555
