Image Index,Energy (eV)
0,-556.3307
1,-556.31464
2,-556.2786
3,-556.28485
4,-556.24695

Migration Barrier,0.083740234
