Image Index,Energy (eV)
0,-316.415283203125
1,-316.03271484375
2,-316.1719665527344
3,-316.03271484375
4,-316.4153137207031

Migration Barrier,0.382598876953125
