Image,Energy (eV)
0,-320.09808349609375
1,-319.7767028808594
2,-319.59881591796875
3,-319.7830505371094
4,-320.0997619628906

Migration Barrier,0.500946044921875
