Image Index,Energy (eV)
0,-318.1962
1,-317.96655
2,-317.94244
3,-317.96658
4,-318.19614

Migration Barrier,0.25375366
