Image Index,Energy (eV)
0,-1825.169004177903
1,-1825.021640258769
2,-1825.0602860626632
3,-1825.0216411832218
4,-1825.169004177903

Migration Barrier,0.14736391913402258
