Image Index,Energy (eV)
0,-240.37169
1,-239.80917
2,-238.4787
3,-239.90443
4,-240.29097

Migration Barrier,1.8929901
