Image Index,Energy (eV)
0,-557.983
1,-557.7224
2,-557.28955
3,-557.7178
4,-557.9841

Migration Barrier,0.69451904
