Image Index,Energy (eV)
0,-405.3251647949219
1,-405.08740234375
2,-404.69244384765625
3,-405.063720703125
4,-405.3245544433594

Migration Barrier,0.632720947265625
