Image,Energy (eV)
0,-799.22705078125
1,-798.734619140625
2,-798.4970092773438
3,-798.7386474609375
4,-799.2280883789062

Migration Barrier,0.7310791015625
