Image Index,Energy (eV)
0,-822.3219
1,-821.8624
2,-821.85846
3,-821.8624
4,-822.3219

Migration Barrier,0.46343994
