Image,Energy (eV)
0,-708.7344360351562
1,-708.206298828125
2,-707.9310302734375
3,-707.5045166015625
4,-709.3074340820312

Migration Barrier,1.80291748046875
