Image Index,Energy (eV)
0,-5294.4287109375
1,-5293.83154296875
2,-5293.1240234375
3,-5293.865234375
4,-5294.44287109375

Migration Barrier,1.31884765625
