Image,Energy (eV)
0,-758.7235107421875
1,-758.1982421875
2,-757.5504150390625
3,-758.2030029296875
4,-758.7299194335938

Migration Barrier,1.17950439453125
