Image Index,Energy (eV)
0,-553.8723406400028
1,-553.52707583505
2,-553.4638557668819
3,-553.5275542881235
4,-553.8724289886318

Migration Barrier,0.40857322174986166
