Image Index,Energy (eV)
0,-3027.497314453125
1,-3026.68798828125
2,-3026.33154296875
3,-3026.68798828125
4,-3027.497314453125

Migration Barrier,1.165771484375
