Image,Energy (eV)
0,-474.9387512207031
1,-474.9711608886719
2,-474.8881530761719
3,-474.9591064453125
4,-474.9281311035156

Migration Barrier,0.0830078125
