Image Index,Energy (eV)
0,-304.68848
1,-304.39453
2,-304.5843
3,-304.3945
4,-304.6885

Migration Barrier,0.29400635
