Image Index,Energy (eV)
0,-776.3597
1,-776.32227
2,-776.3418
3,-776.3223
4,-776.35706

Migration Barrier,0.03741455
