Image Index,Energy (eV)
0,-918.64954
1,-918.6187
2,-918.60266
3,-918.6191
4,-918.6495

Migration Barrier,0.046875
