Image Index,Energy (eV)
0,-640.24267578125
1,-639.3814697265625
2,-638.4628295898438
3,-639.3814697265625
4,-640.24267578125

Migration Barrier,1.77984619140625
