Image Index,Energy (eV)
0,-764.245
1,-763.68304
2,-763.6275
3,-763.6818
4,-764.24445

Migration Barrier,0.6174927
