Image Index,Energy (eV)
0,-798.8189697265625
1,-798.662109375
2,-798.339111328125
3,-798.5759887695312
4,-798.9749145507812

Migration Barrier,0.63580322265625
