Image Index,Energy (eV)
0,-692.44836
1,-692.2348
2,-691.9787
3,-692.2348
4,-692.44836

Migration Barrier,0.46966553
