Image Index,Energy (eV)
0,-5303.3117632119065
1,-5302.771457985363
2,-5302.106438686605
3,-5302.795570120188
4,-5303.333423603873

Migration Barrier,1.2269849172680551
