Image Index,Energy (eV)
0,-318.40609763177315
1,-318.01077676719916
2,-318.15082997562257
3,-318.01077677059845
4,-318.4060976301137

Migration Barrier,0.3953208645739892
