Image,Energy (eV)
0,-1823.9605712890625
1,-1823.4349365234375
2,-1821.41064453125
3,-1823.428466796875
4,-1823.9683837890625

Migration Barrier,2.5577392578125
