Image Index,Energy (eV)
0,-1128.2998046875
1,-1127.2279052734375
2,-1125.3758544921875
3,-1127.2279052734375
4,-1128.2998046875

Migration Barrier,2.9239501953125
