Image Index,Energy (eV)
0,-682.3896
1,-681.94495
2,-681.5414
3,-681.9445
4,-682.3842

Migration Barrier,0.84820557
