Image,Energy (eV)
0,-1205.0576171875
1,-1203.84130859375
2,-1202.8155517578125
3,-1203.8018798828125
4,-1205.05419921875

Migration Barrier,2.2420654296875
