Image Index,Energy (eV)
0,-688.92645
1,-688.4757
2,-689.0316
3,-688.47455
4,-689.1166

Migration Barrier,0.6420288
