Image Index,Energy (eV)
0,-932.12445
1,-932.0012
2,-931.90045
3,-932.0293
4,-932.1634

Migration Barrier,0.26293945
