Image Index,Energy (eV)
0,-234.18792724609375
1,-233.59402465820312
2,-232.56094360351562
3,-231.9822998046875
4,-232.2509765625

Migration Barrier,2.20562744140625
