Image Index,Energy (eV)
0,-379.7890625
1,-379.4169921875
2,-378.2453918457031
3,-378.859375
4,-379.40240478515625

Migration Barrier,1.543670654296875
