Image Index,Energy (eV)
0,-200.1313
1,-199.73438
2,-199.10817
3,-199.63828
4,-200.1337

Migration Barrier,1.025528
