Image Index,Energy (eV)
0,-649.82446
1,-649.01086
2,-648.2824
3,-649.18445
4,-649.82446

Migration Barrier,1.5420532
