Image,Energy (eV)
0,-558.4039306640625
1,-558.2923583984375
2,-558.2735595703125
3,-558.2877197265625
4,-558.3938598632812

Migration Barrier,0.13037109375
