Image,Energy (eV)
0,-286.65814208984375
1,-286.3112487792969
2,-286.3674011230469
3,-286.3084411621094
4,-286.6629638671875

Migration Barrier,0.354522705078125
