Image Index,Energy (eV)
0,-636.76886
1,-636.2523
2,-635.7253
3,-636.25446
4,-636.76886

Migration Barrier,1.0435791
