Image Index,Energy (eV)
0,-334.12268
1,-333.84265
2,-333.84573
3,-333.8427
4,-334.123

Migration Barrier,0.28033447
