Image Index,Energy (eV)
0,-598.50116
1,-598.5038
2,-598.5509
3,-598.50336
4,-598.49634

Migration Barrier,0.05456543
