Image Index,Energy (eV)
0,-1130.808837890625
1,-1130.27197265625
2,-1129.884521484375
3,-1130.441162109375
4,-1130.922607421875

Migration Barrier,1.0380859375
