Image,Energy (eV)
0,-370.13592529296875
1,-369.35418701171875
2,-369.00634765625
3,-369.74029541015625
4,-370.0472717285156

Migration Barrier,1.12957763671875
