Image Index,Energy (eV)
0,-872.1238403320312
1,-871.2164306640625
2,-870.6991577148438
3,-871.230224609375
4,-872.1241455078125

Migration Barrier,1.42498779296875
