Image Index,Energy (eV)
0,-585.1692970844796
1,-584.8171236597832
2,-584.2593798641677
3,-584.7667592290662
4,-585.1729036225543

Migration Barrier,0.9135237583865319
