Image Index,Energy (eV)
0,-841.9335164094812
1,-842.0617212259812
2,-842.1796990032423
3,-842.0616097880815
4,-841.9335047138828

Migration Barrier,0.24619428935943688
