Image Index,Energy (eV)
0,-230.35048
1,-229.98418
2,-230.0086
3,-230.38997
4,-230.86217

Migration Barrier,0.8779907
