Image Index,Energy (eV)
0,-369.47992
1,-369.35202
2,-369.42215
3,-369.3519
4,-369.47992

Migration Barrier,0.12802124
