Image Index,Energy (eV)
0,-822.6482543945312
1,-821.9619750976562
2,-821.9288330078125
3,-821.9619140625
4,-822.6483154296875

Migration Barrier,0.719482421875
