Image Index,Energy (eV)
0,-734.64374
1,-734.5391
2,-734.4759
3,-734.5391
4,-734.64374

Migration Barrier,0.16784668
