Image Index,Energy (eV)
0,-2182.7398685383205
1,-2182.417308833899
2,-2181.9785200822294
3,-2182.2841943142553
4,-2182.737641998649

Migration Barrier,0.7613484560911274
