Image,Energy (eV)
0,-806.5656127929688
1,-806.053955078125
2,-805.6014404296875
3,-806.0533447265625
4,-806.568603515625

Migration Barrier,0.9671630859375
