Image Index,Energy (eV)
0,-701.24585
1,-701.3998
2,-701.36646
3,-701.65173
4,-701.7689

Migration Barrier,0.5230713
