Image Index,Energy (eV)
0,-841.6161
1,-841.6452
2,-841.7969
3,-841.64526
4,-841.6161

Migration Barrier,0.18078613
