Image Index,Energy (eV)
0,-291.35757
1,-291.29587
2,-291.0658
3,-291.12012
4,-291.1936

Migration Barrier,0.29177856
