Image,Energy (eV)
0,-1127.34228515625
1,-1126.8223876953125
2,-1126.3089599609375
3,-1126.822509765625
4,-1127.3385009765625

Migration Barrier,1.0333251953125
