Image,Energy (eV)
0,-919.8157348632812
1,-918.4795532226562
2,-917.494140625
3,-918.4749755859375
4,-919.3070068359375

Migration Barrier,2.32159423828125
