Image Index,Energy (eV)
0,-1486.36376953125
1,-1485.455078125
2,-1483.99072265625
3,-1485.4549560546875
4,-1486.36376953125

Migration Barrier,2.373046875
