Image Index,Energy (eV)
0,-410.0339293256821
1,-409.5433585163548
2,-409.7814189815732
3,-409.54335851479857
4,-410.0339293141675

Migration Barrier,0.4905708108835256
