Image Index,Energy (eV)
0,-389.915283203125
1,-389.790283203125
2,-388.96417236328125
3,-389.3673400878906
4,-390.15570068359375

Migration Barrier,1.1915283203125
