Image Index,Energy (eV)
0,-287.15865324973674
1,-286.7352963662454
2,-287.1499923458399
3,-286.7352963662455
4,-287.15865324973674

Migration Barrier,0.42335688349135125
