Image Index,Energy (eV)
0,-918.6495
1,-918.61884
2,-918.6027
3,-918.6189
4,-918.64954

Migration Barrier,0.046813965
