Image Index,Energy (eV)
0,-745.59454
1,-745.504
2,-745.4768
3,-745.49176
4,-745.6378

Migration Barrier,0.16101074
