Image Index,Energy (eV)
0,-841.6563720703125
1,-841.5017700195312
2,-841.2639770507812
3,-841.5017700195312
4,-841.6563110351562

Migration Barrier,0.39239501953125
