Image Index,Energy (eV)
0,-303.22576904296875
1,-303.04495
2,-302.63577
3,-302.49454
4,-302.40482
5,-302.41223
6,-302.59857
7,-302.83398
8,-302.9891052246094

Migration Barrier,0.82095337
