Image,Energy (eV)
0,-234.05282592773438
1,-233.8074493408203
2,-232.61441040039062
3,-231.83778381347656
4,-232.076416015625

Migration Barrier,2.2150421142578125
