Image Index,Energy (eV)
0,-374.2634
1,-373.75488
2,-373.82355
3,-373.75464
4,-374.2634

Migration Barrier,0.50875854
