Image Index,Energy (eV)
0,-251.44650182391078
1,-251.0243663361715
2,-250.24519144403493
3,-249.71171509912105
4,-249.74593163815183

Migration Barrier,1.7347867247897284
