Image,Energy (eV)
0,-620.685302734375
1,-619.2875366210938
2,-618.2496948242188
3,-619.59619140625
4,-620.686279296875

Migration Barrier,2.43658447265625
