Image Index,Energy (eV)
0,-842.2953
1,-842.31726
2,-842.40027
3,-842.3172
4,-842.2952

Migration Barrier,0.105041504
