Image,Energy (eV)
0,-135.878173828125
1,-135.69708251953125
2,-135.40997314453125
3,-135.6990966796875
4,-135.8833770751953

Migration Barrier,0.4734039306640625
