Image Index,Energy (eV)
0,-268.0281824422551
1,-267.760799852725
2,-267.2651350581893
3,-267.17568051962127
4,-267.3817928192665

Migration Barrier,0.8525019226338486
