Image Index,Energy (eV)
0,-377.2662353515625
1,-376.6886901855469
2,-375.87286376953125
3,-376.1868896484375
4,-376.62841796875

Migration Barrier,1.39337158203125
