Image Index,Energy (eV)
0,-687.0079345703125
1,-686.184326171875
2,-686.802734375
3,-686.1861572265625
4,-687.009521484375

Migration Barrier,0.8251953125
