Image,Energy (eV)
0,-657.1194458007812
1,-656.9356079101562
2,-656.833740234375
3,-657.0990600585938
4,-657.2803344726562

Migration Barrier,0.44659423828125
