Image Index,Energy (eV)
0,-707.8576
1,-707.86426
2,-707.8013
3,-707.8656
4,-707.8585

Migration Barrier,0.064331055
