Image Index,Energy (eV)
0,-255.4729170410265
1,-255.19990488809174
2,-254.4066715937121
3,-253.93112570295995
4,-253.71196989525583

Migration Barrier,1.7609471457706718
