Image Index,Energy (eV)
0,-303.481
1,-302.87442
2,-302.68097
3,-302.90018
4,-303.25342

Migration Barrier,0.8000183
