Image Index,Energy (eV)
0,-1372.330078125
1,-1372.3182373046875
2,-1372.3177490234375
3,-1372.36767578125
4,-1372.41064453125

Migration Barrier,0.0928955078125
