Image Index,Energy (eV)
0,-377.2662048339844
1,-377.12042236328125
2,-376.7226867675781
3,-376.24847412109375
4,-375.99334716796875
5,-376.18359375
6,-376.2757263183594
7,-376.4801025390625
8,-376.62841796875

Migration Barrier,1.272857666015625
