Image Index,Energy (eV)
0,-806.6203002929688
1,-806.0347290039062
2,-805.7582397460938
3,-806.0347290039062
4,-806.6203002929688

Migration Barrier,0.862060546875
