Image Index,Energy (eV)
0,-683.3883614053958
1,-683.2067347057613
2,-683.2184283548479
3,-683.3084964929218
4,-683.4706465268268

Migration Barrier,0.26391182106556244
