Image Index,Energy (eV)
0,-343.36346435546875
1,-342.93280029296875
2,-343.30535888671875
3,-342.93280029296875
4,-343.3634338378906

Migration Barrier,0.4306640625
