Image Index,Energy (eV)
0,-225.5015106201172
1,-225.40223693847656
2,-224.5299072265625
3,-224.23826599121094
4,-224.266357421875

Migration Barrier,1.26324462890625
