Image,Energy (eV)
0,-315.13470458984375
1,-314.72125244140625
2,-314.96728515625
3,-314.7267150878906
4,-315.13677978515625

Migration Barrier,0.41552734375
