Image,Energy (eV)
0,-610.03515625
1,-609.4849853515625
2,-609.3591918945312
3,-609.482421875
4,-610.0345458984375

Migration Barrier,0.67596435546875
