Image Index,Energy (eV)
0,-881.38134765625
1,-880.7652587890625
2,-880.0426635742188
3,-880.8028564453125
4,-881.38134765625

Migration Barrier,1.33868408203125
