Image Index,Energy (eV)
0,-1876.24365234375
1,-1874.927001953125
2,-1874.704833984375
3,-1874.927001953125
4,-1876.2437744140625

Migration Barrier,1.5389404296875
