Image Index,Energy (eV)
0,-756.7022180047754
1,-755.2303496930572
2,-753.9624181960053
3,-755.2296220845246
4,-756.7022180047755

Migration Barrier,2.7397998087702717
