Image Index,Energy (eV)
0,-745.9544677734375
1,-745.0620727539062
2,-743.9965209960938
3,-745.0612182617188
4,-745.9544677734375

Migration Barrier,1.95794677734375
