Image,Energy (eV)
0,-322.3095397949219
1,-321.782470703125
2,-321.68914794921875
3,-321.78521728515625
4,-322.309326171875

Migration Barrier,0.620391845703125
