Image,Energy (eV)
0,-1319.59326171875
1,-1319.5408935546875
2,-1319.50341796875
3,-1319.535888671875
4,-1319.59765625

Migration Barrier,0.09423828125
