Image Index,Energy (eV)
0,-314.5371
1,-314.699
2,-314.94742
3,-314.69656
4,-314.53885

Migration Barrier,0.41030884
