Image Index,Energy (eV)
0,-819.4477
1,-819.36346
2,-819.3352
3,-819.369
4,-819.4443

Migration Barrier,0.11248779
