Image Index,Energy (eV)
0,-832.8535
1,-832.33875
2,-832.29224
3,-832.3415
4,-832.85583

Migration Barrier,0.56359863
