Image Index,Energy (eV)
0,-558.509765625
1,-558.461181640625
2,-558.4317626953125
3,-558.4609985351562
4,-558.509765625

Migration Barrier,0.0780029296875
