Image Index,Energy (eV)
0,-1027.2344970703125
1,-1026.9002685546875
2,-1026.3238525390625
3,-1026.7578125
4,-1027.236083984375

Migration Barrier,0.9122314453125
