Image Index,Energy (eV)
0,-1553.3961181640625
1,-1553.268310546875
2,-1552.9974365234375
3,-1553.267822265625
4,-1553.3961181640625

Migration Barrier,0.398681640625
