Image,Energy (eV)
0,-738.8209838867188
1,-738.666748046875
2,-738.5245971679688
3,-738.6586303710938
4,-738.82763671875

Migration Barrier,0.30303955078125
