Image Index,Energy (eV)
0,-904.77985
1,-904.775
2,-904.7354
3,-904.7652
4,-904.7537

Migration Barrier,0.044433594
