Image Index,Energy (eV)
0,-2781.038818359375
1,-2780.71923828125
2,-2780.947021484375
3,-2780.71142578125
4,-2781.02587890625

Migration Barrier,0.327392578125
