Image Index,Energy (eV)
0,-161.54841683047837
1,-161.27924296874465
2,-160.93996972723437
3,-161.27924296874465
4,-161.54841683047837

Migration Barrier,0.6084471032440035
