Image Index,Energy (eV)
0,-138.28021240234375
1,-138.2250518798828
2,-137.6385040283203
3,-138.22872924804688
4,-138.28176879882812

Migration Barrier,0.6432647705078125
