Image,Energy (eV)
0,-666.7515869140625
1,-666.661865234375
2,-666.688232421875
3,-666.6629638671875
4,-666.750244140625

Migration Barrier,0.0897216796875
