Image,Energy (eV)
0,-450.8558349609375
1,-450.2110595703125
2,-450.4820556640625
3,-450.2105712890625
4,-450.85772705078125

Migration Barrier,0.64715576171875
