Image Index,Energy (eV)
0,-787.7319
1,-788.3632
2,-788.4992
3,-788.36804
4,-787.7315

Migration Barrier,0.7677002
