Image Index,Energy (eV)
0,-280.1307373046875
1,-279.34796142578125
2,-278.883056640625
3,-278.4497985839844
4,-278.86016845703125

Migration Barrier,1.680938720703125
