Image Index,Energy (eV)
0,-919.0804
1,-919.04724
2,-918.96606
3,-919.04724
4,-919.0805

Migration Barrier,0.11444092
