Image Index,Energy (eV)
0,-648.36145
1,-648.1223
2,-647.7793
3,-648.1223
4,-648.36145

Migration Barrier,0.5821533
