Image Index,Energy (eV)
0,-841.1985
1,-841.05475
2,-840.8657
3,-841.0548
4,-841.1985

Migration Barrier,0.33276367
