Image Index,Energy (eV)
0,-826.71497
1,-826.33673
2,-825.9867
3,-826.35034
4,-826.7155

Migration Barrier,0.7288208
