Image Index,Energy (eV)
0,-927.0658
1,-927.49567
2,-927.07056
3,-927.4958
4,-927.06573

Migration Barrier,0.4300537
