Image Index,Energy (eV)
0,-503.569
1,-503.1863
2,-502.29526
3,-503.23282
4,-503.6245

Migration Barrier,1.3292542
