Image Index,Energy (eV)
0,-328.94275
1,-328.68307
2,-329.04898
3,-328.68307
4,-328.94272

Migration Barrier,0.36590576
