Image Index,Energy (eV)
0,-408.5711975097656
1,-408.4498
2,-407.95218
3,-407.7627
4,-407.8945
5,-408.12347
6,-408.3215
7,-408.20557
8,-408.168701171875

Migration Barrier,0.8085022
