Image Index,Energy (eV)
0,-734.8803672832807
1,-734.4363271137277
2,-733.5017741641906
3,-733.894405096532
4,-734.2489742464234

Migration Barrier,1.3785931190901692
