Image Index,Energy (eV)
0,-754.0004272460938
1,-753.6969604492188
2,-753.3896484375
3,-753.6969604492188
4,-754.0004272460938

Migration Barrier,0.61077880859375
