Image Index,Energy (eV)
0,-749.2731
1,-748.5592
2,-747.7085
3,-748.55914
4,-749.2731

Migration Barrier,1.5645752
