Image Index,Energy (eV)
0,-947.91315
1,-947.68823
2,-947.48663
3,-947.68823
4,-947.91315

Migration Barrier,0.42651367
