Image Index,Energy (eV)
0,-824.575
1,-824.09125
2,-824.1319
3,-824.32306
4,-824.746

Migration Barrier,0.6547241
