Image,Energy (eV)
0,-1652.73291015625
1,-1652.55224609375
2,-1652.517333984375
3,-1652.5469970703125
4,-1652.7447509765625

Migration Barrier,0.2274169921875
