Image Index,Energy (eV)
0,-448.09198
1,-447.9855
2,-447.93402
3,-447.99374
4,-448.09198

Migration Barrier,0.15795898
