Image Index,Energy (eV)
0,-824.8143310546875
1,-824.2108764648438
2,-823.6402587890625
3,-824.2127685546875
4,-824.81689453125

Migration Barrier,1.1766357421875
