Image,Energy (eV)
0,-251.44650182391078
1,-251.36082876519936
2,-251.05855630625473
3,-250.59037810782092
4,-250.2882770188052
5,-250.0183512758176
6,-249.74201589009525
7,-249.72507751847596
8,-249.74593163815183

Migration Barrier,1.721424305434823
