Image Index,Energy (eV)
0,-2215.932373046875
1,-2215.64501953125
2,-2215.2890625
3,-2215.64501953125
4,-2215.93212890625

Migration Barrier,0.643310546875
