Image Index,Energy (eV)
0,-1302.6059382743915
1,-1302.1646583014485
2,-1301.0031129693382
3,-1302.1549494862222
4,-1302.6059382885855

Migration Barrier,1.6028253192473585
