Image Index,Energy (eV)
0,-852.3014
1,-852.1531
2,-851.8654
3,-852.15576
4,-852.3014

Migration Barrier,0.43597412
