Image Index,Energy (eV)
0,-345.18445
1,-344.87546
2,-344.93665
3,-344.87552
4,-345.18445

Migration Barrier,0.30899048
