Image Index,Energy (eV)
0,-689.0265
1,-688.83563
2,-688.4768
3,-688.5356
4,-689.0349

Migration Barrier,0.55810547
