Image Index,Energy (eV)
0,-726.1932373046875
1,-725.988037109375
2,-725.87158203125
3,-725.988037109375
4,-726.1932373046875

Migration Barrier,0.3216552734375
