Image Index,Energy (eV)
0,-795.6333808584474
1,-795.5313476663214
2,-795.4166342359263
3,-795.5313506946042
4,-795.6333808589549

Migration Barrier,0.21674662302859815
