Image Index,Energy (eV)
0,-1339.711669921875
1,-1337.9552001953125
2,-1338.0653076171875
3,-1338.36962890625
4,-1339.632568359375

Migration Barrier,1.7564697265625
