Image Index,Energy (eV)
0,-710.0022
1,-709.8978
2,-709.90735
3,-709.8979
4,-710.00226

Migration Barrier,0.10443115
