Image,Energy (eV)
0,-835.22021484375
1,-834.70751953125
2,-834.639404296875
3,-834.7034912109375
4,-835.2140502929688

Migration Barrier,0.580810546875
