Image Index,Energy (eV)
0,-837.9757
1,-837.7997
2,-837.499
3,-837.6738
4,-837.97565

Migration Barrier,0.47668457
