Image Index,Energy (eV)
0,-214.9217251019961
1,-214.51993320526645
2,-213.6545662548626
3,-213.18244031305306
4,-213.30503956861136

Migration Barrier,1.7392847889430243
