Image Index,Energy (eV)
0,-251.30246
1,-250.92596
2,-250.4814
3,-250.8878
4,-251.30534

Migration Barrier,0.8239441
