Image Index,Energy (eV)
0,-761.5150069133235
1,-760.9856221023083
2,-760.9976637612264
3,-760.9761029462684
4,-761.5092860956585

Migration Barrier,0.5389039670551483
