Image,Energy (eV)
0,-295.8453369140625
1,-295.2702331542969
2,-294.31842041015625
3,-295.2669677734375
4,-295.7828369140625

Migration Barrier,1.52691650390625
