Image Index,Energy (eV)
0,-475.0057067871094
1,-475.0426330566406
2,-474.95343017578125
3,-475.03082275390625
4,-474.9925537109375

Migration Barrier,0.089202880859375
