Image Index,Energy (eV)
0,-279.05875345757363
1,-278.5179463945309
2,-278.11379929146045
3,-278.53116798140354
4,-278.87227118984833

Migration Barrier,0.9449541661131775
