Image Index,Energy (eV)
0,-646.713914748744
1,-646.3188852758951
2,-646.1404448048123
3,-646.4288077105444
4,-647.0525310163765

Migration Barrier,0.9120862115642012
