Image,Energy (eV)
0,-355.37786865234375
1,-354.92864990234375
2,-354.05645751953125
3,-354.7642517089844
4,-355.3705749511719

Migration Barrier,1.3214111328125
