Image,Energy (eV)
0,-3014.215576171875
1,-3013.396728515625
2,-3013.008056640625
3,-3013.388427734375
4,-3014.214111328125

Migration Barrier,1.20751953125
