Image,Energy (eV)
0,-629.927978515625
1,-628.4882202148438
2,-629.5328369140625
3,-628.5597534179688
4,-629.9029541015625

Migration Barrier,1.43975830078125
