Image Index,Energy (eV)
0,-145.7961
1,-145.66151
2,-145.43167
3,-145.66153
4,-145.7961

Migration Barrier,0.36442566
