Image Index,Energy (eV)
0,-471.62698
1,-471.39355
2,-471.6018
3,-471.3977
4,-471.62997

Migration Barrier,0.23641968
