Image Index,Energy (eV)
0,-585.1729036225543
1,-584.8609075132714
2,-584.5445090491565
3,-584.8557228605472
4,-585.1692970842189

Migration Barrier,0.6283945733977134
