Image Index,Energy (eV)
0,-575.971923828125
1,-575.9249267578125
2,-575.9677734375
3,-575.929443359375
4,-575.970458984375

Migration Barrier,0.0469970703125
