Image Index,Energy (eV)
0,-1825.924072265625
1,-1825.7540283203125
2,-1825.7481689453125
3,-1825.75390625
4,-1825.9241943359375

Migration Barrier,0.176025390625
