Image Index,Energy (eV)
0,-866.6287841796875
1,-866.2867431640625
2,-865.55322265625
3,-866.2844848632812
4,-866.6287841796875

Migration Barrier,1.0755615234375
