Image Index,Energy (eV)
0,-299.2855379753122
1,-298.58541907927116
2,-297.68576133012084
3,-298.59510383506756
4,-299.12460917906867

Migration Barrier,1.5997766451913549
