Image,Energy (eV)
0,-373.59222412109375
1,-372.96929931640625
2,-371.9664306640625
3,-372.5135498046875
4,-373.1814270019531

Migration Barrier,1.62579345703125
