Image,Energy (eV)
0,-306.9822082519531
1,-306.62451171875
2,-306.92730712890625
3,-306.6258850097656
4,-306.9817810058594

Migration Barrier,0.357696533203125
