Image Index,Energy (eV)
0,-306.0029602050781
1,-306.32806396484375
2,-306.89715576171875
3,-306.26080322265625
4,-306.00164794921875

Migration Barrier,0.8955078125
