Image,Energy (eV)
0,-286.10009765625
1,-285.736572265625
2,-285.9631042480469
3,-285.7333984375
4,-286.0970764160156

Migration Barrier,0.36669921875
