Image Index,Energy (eV)
0,-344.9597473144531
1,-344.5420227050781
2,-344.8686218261719
3,-344.54193115234375
4,-344.959716796875

Migration Barrier,0.417816162109375
