Image Index,Energy (eV)
0,-923.7201100921853
1,-923.2599922463277
2,-922.6577608970164
3,-922.9456308398492
4,-923.1930636126759

Migration Barrier,1.062349195168963
