Image Index,Energy (eV)
0,-306.66714
1,-306.57684
2,-306.76447
3,-306.5768
4,-306.66714

Migration Barrier,0.18765259
