Image,Energy (eV)
0,-313.5435791015625
1,-313.20269775390625
2,-313.1011047363281
3,-313.2024841308594
4,-313.5458984375

Migration Barrier,0.444793701171875
