Image Index,Energy (eV)
0,-265.0110452219902
1,-264.8217692826048
2,-264.91838806192567
3,-264.8219583488488
4,-265.01104522408434

Migration Barrier,0.1892759414795364
