Image Index,Energy (eV)
0,-783.014
1,-782.89594
2,-782.8035
3,-782.8959
4,-783.0139

Migration Barrier,0.21044922
