Image Index,Energy (eV)
0,-811.7468872070312
1,-810.9915161132812
2,-809.6867065429688
3,-810.6849365234375
4,-811.5286865234375

Migration Barrier,2.0601806640625
