Image Index,Energy (eV)
0,-314.5196838378906
1,-314.0423889160156
2,-314.2245788574219
3,-314.04180908203125
4,-314.51507568359375

Migration Barrier,0.477874755859375
