Image Index,Energy (eV)
0,-557.6705293509644
1,-557.4515842325092
2,-557.3639815091891
3,-557.5437152393438
4,-557.6705293509644

Migration Barrier,0.3065478417753411
