Image,Energy (eV)
0,-315.8554992675781
1,-315.7895202636719
2,-315.63037109375
3,-315.78900146484375
4,-315.85968017578125

Migration Barrier,0.22930908203125
