Image Index,Energy (eV)
0,-443.1641
1,-443.09583
2,-442.69568
3,-442.7799
4,-443.1263

Migration Barrier,0.4684143
