Image,Energy (eV)
0,-409.9461669921875
1,-409.40283203125
2,-409.7052917480469
3,-409.40228271484375
4,-409.9426574707031

Migration Barrier,0.54388427734375
