Image,Energy (eV)
0,-621.9657592773438
1,-621.7880859375
2,-621.68701171875
3,-621.8551025390625
4,-622.06298828125

Migration Barrier,0.3759765625
