Image Index,Energy (eV)
0,-867.4639559048386
1,-867.1514467210066
2,-866.6153040508447
3,-867.1499565918256
4,-867.4639565369356

Migration Barrier,0.8486524860909412
