Image Index,Energy (eV)
0,-799.9912719726562
1,-799.7951049804688
2,-799.8416748046875
3,-799.995849609375
4,-800.1939697265625

Migration Barrier,0.39886474609375
