Image Index,Energy (eV)
0,-574.8897911262757
1,-574.8350380922526
2,-574.8201095750795
3,-574.8350924066631
4,-574.8897947362702

Migration Barrier,0.069685161190705
