Image Index,Energy (eV)
0,-292.9480285644531
1,-292.85791015625
2,-292.35479736328125
3,-291.655029296875
4,-291.5560302734375
5,-291.7998046875
6,-292.1866149902344
7,-292.5570983886719
8,-292.6641845703125

Migration Barrier,1.391998291015625
