Image Index,Energy (eV)
0,-1824.38134765625
1,-1824.218994140625
2,-1823.99853515625
3,-1824.2188720703125
4,-1824.3814697265625

Migration Barrier,0.3829345703125
