Image Index,Energy (eV)
0,-858.5289306640625
1,-858.5088500976562
2,-858.44970703125
3,-858.5653076171875
4,-858.5733642578125

Migration Barrier,0.1236572265625
