Image,Energy (eV)
0,-1069.58056640625
1,-1069.044921875
2,-1068.4912109375
3,-1068.961669921875
4,-1069.3360595703125

Migration Barrier,1.08935546875
