Image Index,Energy (eV)
0,-838.811279296875
1,-838.7831
2,-838.7188
3,-838.67084
4,-838.6487
5,-838.6671
6,-838.71124
7,-838.7761
8,-838.809326171875

Migration Barrier,0.16259766
