Image Index,Energy (eV)
0,-282.1450954576146
1,-281.8955927826294
2,-281.96316474853313
3,-281.89516488420804
4,-282.1459990211917

Migration Barrier,0.25083413698365575
