Image Index,Energy (eV)
0,-314.79608154296875
1,-314.4699401855469
2,-314.38525390625
3,-314.46990966796875
4,-314.79608154296875

Migration Barrier,0.41082763671875
