Image Index,Energy (eV)
0,-383.7435629506027
1,-383.42634871929613
2,-382.4086445935143
3,-383.1056676452251
4,-383.7641190809628

Migration Barrier,1.3554744874485323
