Image Index,Energy (eV)
0,-338.78619384765625
1,-338.48834228515625
2,-338.39764404296875
3,-338.48834228515625
4,-338.78619384765625

Migration Barrier,0.3885498046875
