Image Index,Energy (eV)
0,-556.4351806640625
1,-556.4586
2,-556.456
3,-556.45264
4,-556.4538
5,-556.4558
6,-556.45734
7,-556.4582
8,-556.4454956054688

Migration Barrier,0.0234375
