Image Index,Energy (eV)
0,-620.3018188476562
1,-619.1295166015625
2,-617.8915405273438
3,-619.3048095703125
4,-620.3017578125

Migration Barrier,2.4102783203125
