Image,Energy (eV)
0,-799.8787231445312
1,-799.6558837890625
2,-799.7116088867188
3,-799.8787841796875
4,-800.0772094726562

Migration Barrier,0.42132568359375
