Image,Energy (eV)
0,-851.46630859375
1,-851.3046875
2,-851.2848510742188
3,-851.31396484375
4,-851.4852294921875

Migration Barrier,0.20037841796875
