Image Index,Energy (eV)
0,-683.401
1,-683.9798
2,-684.18396
3,-683.9798
4,-683.401

Migration Barrier,0.782959
