Image Index,Energy (eV)
0,-786.8383
1,-785.9079
2,-784.9348
3,-785.9009
4,-786.83844

Migration Barrier,1.9036255
