Image,Energy (eV)
0,-1825.20068359375
1,-1825.0010986328125
2,-1825.0015869140625
3,-1825.0018310546875
4,-1825.19287109375

Migration Barrier,0.1995849609375
