Image Index,Energy (eV)
0,-257.89157
1,-257.7649
2,-257.60913
3,-257.66428
4,-257.68472

Migration Barrier,0.2824402
