Image Index,Energy (eV)
0,-840.7751455686624
1,-840.7773366674679
2,-840.9164344051253
3,-840.777432062071
4,-840.7751662152854

Migration Barrier,0.14128883646287704
