Image Index,Energy (eV)
0,-309.3604
1,-309.3117
2,-309.44745
3,-309.3117
4,-309.3604

Migration Barrier,0.13574219
