Image,Energy (eV)
0,-767.1209106445312
1,-766.8204956054688
2,-766.6505126953125
3,-766.8153686523438
4,-767.1207885742188

Migration Barrier,0.47039794921875
