Image Index,Energy (eV)
0,-588.56635
1,-588.56335
2,-588.5702
3,-588.5636
4,-588.5665

Migration Barrier,0.0068359375
