Image Index,Energy (eV)
0,-401.03509521484375
1,-400.93560791015625
2,-400.1801452636719
3,-400.400634765625
4,-400.984130859375

Migration Barrier,0.854949951171875
