Image,Energy (eV)
0,-161.42840576171875
1,-160.79075622558594
2,-159.57260131835938
3,-160.78799438476562
4,-161.42935180664062

Migration Barrier,1.85675048828125
