Image,Energy (eV)
0,-575.8363647460938
1,-574.9965209960938
2,-575.0346069335938
3,-575.8038940429688
4,-576.1053466796875

Migration Barrier,1.10882568359375
