Image Index,Energy (eV)
0,-3246.982475645347
1,-3246.3046310523573
2,-3245.3402619400454
3,-3246.2860994658204
4,-3246.982475619372

Migration Barrier,1.642213705301856
