Image Index,Energy (eV)
0,-1794.81913043026
1,-1794.6724749913856
2,-1794.5957421561614
3,-1794.6724745633746
4,-1794.81913043026

Migration Barrier,0.2233882740986246
