Image Index,Energy (eV)
0,-839.1907958984375
1,-838.868896484375
2,-838.394775390625
3,-838.7083740234375
4,-839.1907958984375

Migration Barrier,0.7960205078125
