Image,Energy (eV)
0,-279.45208740234375
1,-278.44427490234375
2,-278.2124328613281
3,-278.5447692871094
4,-279.03411865234375

Migration Barrier,1.239654541015625
