Image Index,Energy (eV)
0,-284.6228225611336
1,-284.1274590157541
2,-283.4305223930357
3,-284.12810209909077
4,-284.6228225611336

Migration Barrier,1.1923001680979155
