Image Index,Energy (eV)
0,-5303.394622644213
1,-5303.311552814782
2,-5303.01223120155
3,-5303.046958831096
4,-5303.333423603871

Migration Barrier,0.38239144266299263
