Image Index,Energy (eV)
0,-419.85894775390625
1,-419.71448
2,-419.37518
3,-419.04327
4,-418.77518
5,-418.99307
6,-419.34387
7,-419.48358
8,-419.5726318359375

Migration Barrier,1.0837708
