Image Index,Energy (eV)
0,-781.44073
1,-781.3418
2,-781.33276
3,-781.3418
4,-781.4407

Migration Barrier,0.10797119
