Image Index,Energy (eV)
0,-486.206
1,-486.4909
2,-486.28772
3,-486.49088
4,-486.206

Migration Barrier,0.2849121
