Image Index,Energy (eV)
0,-2247.880859375
1,-2247.56005859375
2,-2247.55517578125
3,-2247.56005859375
4,-2247.880859375

Migration Barrier,0.32568359375
