Image Index,Energy (eV)
0,-498.70142
1,-498.4513
2,-498.01782
3,-498.45197
4,-498.70132

Migration Barrier,0.68359375
