Image,Energy (eV)
0,-231.69540761992272
1,-231.63274363987773
2,-231.43226933365338
3,-231.07126085403613
4,-230.7517554078784
5,-230.5911077893929
6,-230.41620454484854
7,-230.43254693960503
8,-230.52792591258458

Migration Barrier,1.2792030750741787
