Image,Energy (eV)
0,-475.1156005859375
1,-475.1426086425781
2,-475.2435607910156
3,-475.1337585449219
4,-475.0928039550781

Migration Barrier,0.1507568359375
