Image Index,Energy (eV)
0,-745.25275
1,-745.2339
2,-745.2112
3,-745.23376
4,-745.2579

Migration Barrier,0.046691895
