Image Index,Energy (eV)
0,-280.1493
1,-280.05438
2,-279.74036
3,-279.4231
4,-279.3213
5,-279.31625
6,-279.31308
7,-279.33328
8,-279.3678

Migration Barrier,0.83621216
