Image Index,Energy (eV)
0,-319.8107436839833
1,-319.2092817207481
2,-319.2965704652406
3,-319.2092882309485
4,-319.81074434355975

Migration Barrier,0.6014626228116526
