Image Index,Energy (eV)
0,-645.1181030273438
1,-644.7921142578125
2,-644.5392456054688
3,-644.9099731445312
4,-645.5281982421875

Migration Barrier,0.98895263671875
