Image Index,Energy (eV)
0,-792.2723388671875
1,-791.9789428710938
2,-791.9898681640625
3,-791.4971923828125
4,-792.1944580078125

Migration Barrier,0.775146484375
