Image Index,Energy (eV)
0,-933.1213989257812
1,-932.5731201171875
2,-931.9026489257812
3,-932.2514038085938
4,-932.5572509765625

Migration Barrier,1.21875
