Image Index,Energy (eV)
0,-240.44757080078125
1,-238.7473907470703
2,-237.73077392578125
3,-238.7121124267578
4,-239.28158569335938

Migration Barrier,2.716796875
