Image Index,Energy (eV)
0,-349.9531643956562
1,-349.8832928778195
2,-350.57267404410914
3,-349.88328481415954
4,-349.95316056479265

Migration Barrier,0.6893892299495974
