Image Index,Energy (eV)
0,-257.89157
1,-257.6522
2,-257.3068
3,-257.31006
4,-257.4636

Migration Barrier,0.58477783
