Image,Energy (eV)
0,-791.4219970703125
1,-791.302490234375
2,-791.1806030273438
3,-791.301025390625
4,-791.4202880859375

Migration Barrier,0.24139404296875
