Image Index,Energy (eV)
0,-323.3425401898047
1,-322.94347035161564
2,-322.9990830407284
3,-322.9434703533748
4,-323.34254018927254

Migration Barrier,0.39906983818906383
