Image Index,Energy (eV)
0,-324.2408447265625
1,-323.9012756347656
2,-323.3973083496094
3,-323.9010009765625
4,-324.2408447265625

Migration Barrier,0.843536376953125
