Image Index,Energy (eV)
0,-654.1558227539062
1,-654.0097045898438
2,-653.8588256835938
3,-654.0093994140625
4,-654.1560668945312

Migration Barrier,0.2972412109375
