Image,Energy (eV)
0,-314.50421142578125
1,-314.0900573730469
2,-314.36016845703125
3,-314.0898132324219
4,-314.5010986328125

Migration Barrier,0.414398193359375
