Image Index,Energy (eV)
0,-799.4764404296875
1,-799.2532348632812
2,-799.1576538085938
3,-799.149658203125
4,-799.252685546875

Migration Barrier,0.3267822265625
