Image Index,Energy (eV)
0,-796.2153605416945
1,-796.1248390251786
2,-795.7968109518406
3,-795.8850050413243
4,-796.2153605416945

Migration Barrier,0.4185495898539102
