Image Index,Energy (eV)
0,-558.509765625
1,-558.2601318359375
2,-558.2481079101562
3,-558.3888549804688
4,-558.509765625

Migration Barrier,0.26165771484375
