Image Index,Energy (eV)
0,-918.64954
1,-918.4181
2,-917.91364
3,-918.4164
4,-918.64874

Migration Barrier,0.7359009
