Image,Energy (eV)
0,-584.5691528320312
1,-583.63232421875
2,-582.448974609375
3,-583.6301879882812
4,-584.5704956054688

Migration Barrier,2.12152099609375
