Image Index,Energy (eV)
0,-664.2970287464285
1,-664.1962384123725
2,-664.1558549576396
3,-664.1962384555999
4,-664.2970287465498

Migration Barrier,0.1411737889102369
