Image Index,Energy (eV)
0,-352.2703857421875
1,-351.8807678222656
2,-351.7801208496094
3,-351.8797607421875
4,-352.27117919921875

Migration Barrier,0.491058349609375
