Image Index,Energy (eV)
0,-588.5663
1,-588.5631
2,-588.5696
3,-588.56305
4,-588.56635

Migration Barrier,0.0065307617
