Image Index,Energy (eV)
0,-241.57064664790926
1,-240.39604314647087
2,-239.44001339973616
3,-240.2766101537068
4,-240.92977176405884

Migration Barrier,2.1306332481730976
