Image Index,Energy (eV)
0,-377.3898
1,-376.9531
2,-376.38922
3,-377.13873
4,-377.43936

Migration Barrier,1.0501404
