Image,Energy (eV)
0,-3381.63818359375
1,-3381.2060546875
2,-3380.763671875
3,-3381.218017578125
4,-3381.639892578125

Migration Barrier,0.876220703125
