Image Index,Energy (eV)
0,-1299.5316162109375
1,-1298.853515625
2,-1296.522705078125
3,-1298.8580322265625
4,-1299.5316162109375

Migration Barrier,3.0089111328125
