Image Index,Energy (eV)
0,-914.8923950195312
1,-914.7584228515625
2,-914.63134765625
3,-914.7257690429688
4,-914.8400268554688

Migration Barrier,0.26104736328125
