Image Index,Energy (eV)
0,-695.1732454101747
1,-694.4592838060286
2,-693.1540647698487
3,-694.4905287963726
4,-695.1732454101748

Migration Barrier,2.0191806403261126
