Image Index,Energy (eV)
0,-784.9932806663205
1,-784.3980291098949
2,-784.3874641274242
3,-784.3980103129443
4,-784.9932705135789

Migration Barrier,0.6058165388963062
