Image,Energy (eV)
0,-736.651123046875
1,-736.4166870117188
2,-736.2468872070312
3,-736.3235473632812
4,-736.5281982421875

Migration Barrier,0.40423583984375
