Image Index,Energy (eV)
0,-445.72366
1,-445.58966
2,-445.4644
3,-445.60855
4,-445.72653

Migration Barrier,0.262146
