Image Index,Energy (eV)
0,-281.176025390625
1,-281.1692
2,-281.05313
3,-280.7694
4,-280.50806
5,-280.43182
6,-280.4964
7,-280.56915
8,-280.58056640625

Migration Barrier,0.74420166
