Image Index,Energy (eV)
0,-840.0337
1,-839.90234
2,-839.7388
3,-839.9023
4,-840.0337

Migration Barrier,0.29492188
