Image,Energy (eV)
0,-830.469970703125
1,-830.1895141601562
2,-829.8378295898438
3,-829.948486328125
4,-830.2345581054688

Migration Barrier,0.63214111328125
