Image Index,Energy (eV)
0,-915.10535
1,-914.86957
2,-914.4803
3,-914.79224
4,-915.1032

Migration Barrier,0.62506104
