Image,Energy (eV)
0,-339.6034851074219
1,-339.33111572265625
2,-339.0794372558594
3,-339.3301086425781
4,-339.6017761230469

Migration Barrier,0.5240478515625
