Image Index,Energy (eV)
0,-304.62305
1,-304.26285
2,-304.35574
3,-304.2626
4,-304.62305

Migration Barrier,0.36044312
