Image Index,Energy (eV)
0,-584.7596
1,-584.5256
2,-584.2906
3,-584.51746
4,-584.7648

Migration Barrier,0.47418213
