Image,Energy (eV)
0,-1088.9893798828125
1,-1088.6414794921875
2,-1088.080322265625
3,-1088.5052490234375
4,-1089.0047607421875

Migration Barrier,0.9244384765625
