Image Index,Energy (eV)
0,-899.8182
1,-899.6628
2,-899.55786
3,-899.63104
4,-899.8148

Migration Barrier,0.26031494
