Image,Energy (eV)
0,-866.8345336914062
1,-866.4854736328125
2,-865.7952880859375
3,-866.4896240234375
4,-866.8550415039062

Migration Barrier,1.05975341796875
