Image Index,Energy (eV)
0,-363.3895366613459
1,-362.9994912698441
2,-363.01145871340333
3,-362.99949032842767
4,-363.38955911055064

Migration Barrier,0.3900687821229667
