Image,Energy (eV)
0,-829.4981079101562
1,-829.3417358398438
2,-829.0861206054688
3,-829.3502807617188
4,-829.4765014648438

Migration Barrier,0.4119873046875
