Image Index,Energy (eV)
0,-589.3038863581305
1,-589.2113680936421
2,-589.1551240632623
3,-589.2203695051197
4,-589.2877828088523

Migration Barrier,0.14876229486822012
