Image,Energy (eV)
0,-393.52838134765625
1,-393.3686218261719
2,-392.73590087890625
3,-391.2109069824219
4,-391.40447998046875
5,-393.01922607421875
6,-393.02972412109375
7,-392.6059265136719
8,-392.4193115234375

Migration Barrier,2.317474365234375
