Image,Energy (eV)
0,-314.1455078125
1,-313.6741638183594
2,-313.8465270996094
3,-313.675048828125
4,-314.13836669921875

Migration Barrier,0.471343994140625
