Image Index,Energy (eV)
0,-959.10815
1,-958.46155
2,-957.49646
3,-958.33136
4,-958.99084

Migration Barrier,1.6116943
