Image Index,Energy (eV)
0,-826.7154
1,-826.51434
2,-826.21893
3,-826.5068
4,-826.7144

Migration Barrier,0.49645996
