Image Index,Energy (eV)
0,-358.74695
1,-358.36282
2,-357.81265
3,-358.1851
4,-358.58405

Migration Barrier,0.93429565
