Image Index,Energy (eV)
0,-685.2954711914062
1,-684.9666748046875
2,-684.381591796875
3,-684.7583618164062
4,-685.3065185546875

Migration Barrier,0.9249267578125
