Image,Energy (eV)
0,-257.69297773686264
1,-257.63309756767984
2,-257.45276406421306
3,-257.2822650063502
4,-257.21648051859125
5,-257.25031097351984
6,-257.26996080616
7,-257.3060023348001
8,-257.3374606799682

Migration Barrier,0.47649721827139047
