Image Index,Energy (eV)
0,-339.58276
1,-339.82703
2,-340.26263
3,-339.79767
4,-339.5855

Migration Barrier,0.6798706
