Image Index,Energy (eV)
0,-321.50250244140625
1,-320.93804931640625
2,-321.2179870605469
3,-320.9211730957031
4,-321.501708984375

Migration Barrier,0.581329345703125
