Image Index,Energy (eV)
0,-279.0895080566406
1,-278.90545654296875
2,-278.510986328125
3,-278.14178466796875
4,-277.9012756347656
5,-277.8570251464844
6,-277.97760009765625
7,-278.2159118652344
8,-278.3343200683594

Migration Barrier,1.23248291015625
