Image Index,Energy (eV)
0,-314.9899670283416
1,-314.43864998579573
2,-314.7260721178412
3,-314.4404674543485
4,-314.9974131532648

Migration Barrier,0.558763167469067
