Image Index,Energy (eV)
0,-352.45310908833943
1,-352.04240794782396
2,-352.257954375019
3,-352.04217143921545
4,-352.45310908833943

Migration Barrier,0.41093764912398
