Image Index,Energy (eV)
0,-267.15564
1,-266.1016
2,-265.1755
3,-265.7048
4,-266.4782

Migration Barrier,1.980133
