Image Index,Energy (eV)
0,-809.7085472477945
1,-809.4685467760418
2,-809.316114571424
3,-809.4640492974596
4,-809.7067944238709

Migration Barrier,0.39243267637050394
