Image,Energy (eV)
0,-799.2269897460938
1,-799.092529296875
2,-798.6993408203125
3,-798.8211669921875
4,-799.22998046875

Migration Barrier,0.5306396484375
