Image Index,Energy (eV)
0,-1526.19189453125
1,-1525.603515625
2,-1525.029541015625
3,-1525.765380859375
4,-1526.19189453125

Migration Barrier,1.162353515625
