Image Index,Energy (eV)
0,-441.4771
1,-441.02203
2,-440.92755
3,-441.02197
4,-441.4771

Migration Barrier,0.54956055
