Image Index,Energy (eV)
0,-632.7575270355977
1,-632.1810787017098
2,-630.9907828862041
3,-632.1731010485711
4,-632.7589687928955

Migration Barrier,1.7681859066914285
