Image Index,Energy (eV)
0,-312.97205
1,-312.66428
2,-312.70908
3,-312.66428
4,-312.97205

Migration Barrier,0.30776978
