Image Index,Energy (eV)
0,-417.130126953125
1,-416.7319030761719
2,-417.0680847167969
3,-416.73492431640625
4,-417.1286315917969

Migration Barrier,0.398223876953125
