Image Index,Energy (eV)
0,-1306.1087646484375
1,-1305.9334716796875
2,-1305.60546875
3,-1305.931884765625
4,-1306.10986328125

Migration Barrier,0.50439453125
