Image Index,Energy (eV)
0,-653.288818359375
1,-653.1763305664062
2,-653.043212890625
3,-653.17626953125
4,-653.2887573242188

Migration Barrier,0.24560546875
