Image Index,Energy (eV)
0,-722.177001953125
1,-722.0208740234375
2,-721.8223876953125
3,-722.0209350585938
4,-722.177001953125

Migration Barrier,0.3546142578125
