Image Index,Energy (eV)
0,-335.86676
1,-335.5361
2,-335.53482
3,-335.5361
4,-335.86676

Migration Barrier,0.3319397
