Image Index,Energy (eV)
0,-1569.4699919708273
1,-1568.9849040117556
2,-1567.9430598156277
3,-1568.9849903622815
4,-1569.4699919708269

Migration Barrier,1.5269321551995745
