Image Index,Energy (eV)
0,-280.38333
1,-280.03217
2,-279.6526
3,-279.68292
4,-279.76718

Migration Barrier,0.7307434
