Image Index,Energy (eV)
0,-376.43071155544214
1,-376.0199432706135
2,-375.06624915067056
3,-375.79005718332166
4,-376.37059183947156

Migration Barrier,1.3644624047715865
