Image Index,Energy (eV)
0,-301.69363
1,-301.0814
2,-299.98486
3,-301.08496
4,-301.70334

Migration Barrier,1.7184753
