Image,Energy (eV)
0,-1323.95458984375
1,-1323.285888671875
2,-1323.0390625
3,-1323.486083984375
4,-1323.9615478515625

Migration Barrier,0.9224853515625
