Image,Energy (eV)
0,-228.7686309814453
1,-228.4767608642578
2,-228.2891387939453
3,-228.6431884765625
4,-228.77191162109375

Migration Barrier,0.4827728271484375
