Image Index,Energy (eV)
0,-589.56146
1,-589.497
2,-589.42896
3,-589.447
4,-589.55304

Migration Barrier,0.13250732
