Image,Energy (eV)
0,-717.6283569335938
1,-717.4712524414062
2,-717.2800903320312
3,-717.47265625
4,-717.6251831054688

Migration Barrier,0.3482666015625
