Image Index,Energy (eV)
0,-265.07062
1,-265.0156
2,-264.41986
3,-264.3192
4,-264.35297

Migration Barrier,0.7514038
