Image Index,Energy (eV)
0,-795.68286
1,-795.43036
2,-795.3588
3,-795.59344
4,-795.86774

Migration Barrier,0.50891113
