Image Index,Energy (eV)
0,-735.33234
1,-734.95636
2,-734.51263
3,-734.95636
4,-735.33234

Migration Barrier,0.81970215
