Image,Energy (eV)
0,-474.2761535644531
1,-473.6903076171875
2,-472.6427307128906
3,-473.70367431640625
4,-474.2672424316406

Migration Barrier,1.6334228515625
