Image Index,Energy (eV)
0,-662.7689208984375
1,-662.6041259765625
2,-662.4541625976562
3,-662.6040649414062
4,-662.76904296875

Migration Barrier,0.31488037109375
