Image Index,Energy (eV)
0,-479.5131948765044
1,-479.0223829470465
2,-478.1868624240842
3,-479.02405168734924
4,-479.513194876385

Migration Barrier,1.3263324524201607
