Image,Energy (eV)
0,-628.0780029296875
1,-627.5117797851562
2,-627.1923828125
3,-627.501220703125
4,-628.0782470703125

Migration Barrier,0.8858642578125
