Image,Energy (eV)
0,-684.6768798828125
1,-684.5973510742188
2,-684.643310546875
3,-684.5950927734375
4,-684.6824340820312

Migration Barrier,0.08734130859375
