Image Index,Energy (eV)
0,-754.6265
1,-754.4348
2,-754.3055
3,-754.43475
4,-754.6265

Migration Barrier,0.32104492
