Image Index,Energy (eV)
0,-1302.6059382743915
1,-1301.9306194303608
2,-1299.7563788556472
3,-1301.9331344237153
4,-1302.6059382885855

Migration Barrier,2.8495594329383493
