Image Index,Energy (eV)
0,-838.6898
1,-838.50244
2,-838.4593
3,-838.4357
4,-838.54047

Migration Barrier,0.25408936
