Image Index,Energy (eV)
0,-415.5595957473876
1,-415.51750641474985
2,-415.873409786492
3,-415.51750641474985
4,-415.5595957473876

Migration Barrier,0.35590337174215847
