Image,Energy (eV)
0,-694.5545654296875
1,-694.3251342773438
2,-693.8158569335938
3,-694.3133544921875
4,-694.5513305664062

Migration Barrier,0.73870849609375
