Image,Energy (eV)
0,-270.8056640625
1,-270.45166015625
2,-270.6625061035156
3,-270.44915771484375
4,-270.81048583984375

Migration Barrier,0.361328125
