Image Index,Energy (eV)
0,-1335.5745247493537
1,-1333.4738966388775
2,-1333.6743379987317
3,-1334.3095370171643
4,-1335.4994244456495

Migration Barrier,2.1006281104762365
