Image Index,Energy (eV)
0,-827.541748046875
1,-827.0836791992188
2,-826.9408569335938
3,-827.0894165039062
4,-827.541748046875

Migration Barrier,0.60089111328125
