Image Index,Energy (eV)
0,-379.90256
1,-379.8018
2,-379.52274
3,-379.1709
4,-379.13382
5,-379.25806
6,-379.36786
7,-379.538
8,-379.63275

Migration Barrier,0.7687378
