Image Index,Energy (eV)
0,-830.4893299921389
1,-830.2678889735288
2,-829.9506000603631
3,-830.0328592537318
4,-830.271653491112

Migration Barrier,0.5387299317758334
