Image Index,Energy (eV)
0,-759.03046
1,-758.6769
2,-758.7627
3,-758.6443
4,-759.0305

Migration Barrier,0.38623047
