Image Index,Energy (eV)
0,-772.0766792760838
1,-771.8756210399147
2,-771.5577872850725
3,-771.8758805220535
4,-772.0767022296858

Migration Barrier,0.5189149446132433
