Image,Energy (eV)
0,-819.3466796875
1,-818.822509765625
2,-818.7109985351562
3,-818.8193359375
4,-819.342529296875

Migration Barrier,0.63568115234375
