Image Index,Energy (eV)
0,-297.81906
1,-297.23633
2,-296.4836
3,-297.10806
4,-297.594

Migration Barrier,1.3354492
