Image Index,Energy (eV)
0,-470.5696105957031
1,-470.25689697265625
2,-469.77301025390625
3,-470.25677490234375
4,-470.569580078125

Migration Barrier,0.796600341796875
