Image Index,Energy (eV)
0,-211.43244282362411
1,-211.0603252774111
2,-210.89856557639894
3,-211.06471541319485
4,-211.5195891673895

Migration Barrier,0.6210235909905748
