Image Index,Energy (eV)
0,-279.347412109375
1,-278.4002990722656
2,-278.07159423828125
3,-278.5009765625
4,-278.9095764160156

Migration Barrier,1.27581787109375
