Image Index,Energy (eV)
0,-223.0566
1,-222.72311
2,-222.17902
3,-222.15584
4,-222.3424

Migration Barrier,0.90075684
