Image Index,Energy (eV)
0,-390.92728
1,-390.64127
2,-390.75198
3,-390.64136
4,-390.92728

Migration Barrier,0.28601074
