Image Index,Energy (eV)
0,-869.221923828125
1,-867.4417114257812
2,-866.552001953125
3,-868.0642700195312
4,-869.221923828125

Migration Barrier,2.669921875
