Image Index,Energy (eV)
0,-135.9890594482422
1,-135.81687927246094
2,-135.54739379882812
3,-135.81686401367188
4,-135.9890594482422

Migration Barrier,0.4416656494140625
