Image Index,Energy (eV)
0,-798.7563
1,-798.39453
2,-798.1307
3,-798.39417
4,-798.7562

Migration Barrier,0.62561035
