Image Index,Energy (eV)
0,-448.4999
1,-448.41678
2,-448.38065
3,-448.40985
4,-448.4962

Migration Barrier,0.119262695
