Image Index,Energy (eV)
0,-287.2026666636695
1,-286.7110840376127
2,-287.014421735133
3,-286.71108403953895
4,-287.202666662856

Migration Barrier,0.491582626056811
