Image Index,Energy (eV)
0,-827.07056
1,-826.70905
2,-826.65497
3,-826.71375
4,-827.07056

Migration Barrier,0.41558838
