Image,Energy (eV)
0,-330.1293029785156
1,-329.76336669921875
2,-330.2604064941406
3,-329.7669677734375
4,-330.13336181640625

Migration Barrier,0.497039794921875
