Image Index,Energy (eV)
0,-1569.4699919708244
1,-1568.866110925386
2,-1568.0783143605606
3,-1568.955828363149
4,-1569.4699919708269

Migration Barrier,1.3916776102662425
