Image,Energy (eV)
0,-435.5320971531567
1,-435.3437646182233
2,-434.77033032999645
3,-433.9966269193622
4,-433.3574977381171
5,-433.9093522813182
6,-434.7663491580885
7,-435.32982726494436
8,-435.5253500901841

Migration Barrier,2.1745994150396086
