Image Index,Energy (eV)
0,-284.6228225611336
1,-283.94212714903585
2,-282.8240591029836
3,-283.94213924433785
4,-284.6228225611336

Migration Barrier,1.798763458150006
