Image,Energy (eV)
0,-326.004638671875
1,-325.65032958984375
2,-326.1509094238281
3,-325.650146484375
4,-326.00506591796875

Migration Barrier,0.500762939453125
