Image Index,Energy (eV)
0,-316.460693359375
1,-316.08233642578125
2,-316.19866943359375
3,-316.08233642578125
4,-316.460693359375

Migration Barrier,0.37835693359375
