Image Index,Energy (eV)
0,-560.3278198242188
1,-560.1409912109375
2,-560.0465087890625
3,-560.1473999023438
4,-560.3278198242188

Migration Barrier,0.28131103515625
