Image Index,Energy (eV)
0,-363.95715
1,-363.66852
2,-363.85562
3,-363.66852
4,-363.95715

Migration Barrier,0.28863525
