Image,Energy (eV)
0,-1395.337890625
1,-1394.8564453125
2,-1394.7685546875
3,-1395.2603759765625
4,-1396.224609375

Migration Barrier,1.4560546875
