Image Index,Energy (eV)
0,-840.4999007233295
1,-840.255019103324
2,-839.7627920643738
3,-840.137600045221
4,-840.4999007213628

Migration Barrier,0.7371086589556626
