Image Index,Energy (eV)
0,-455.46683
1,-455.3194
2,-455.08246
3,-455.3164
4,-455.46753

Migration Barrier,0.3850708
