Image Index,Energy (eV)
0,-831.0560302734375
1,-830.8267211914062
2,-830.4506225585938
3,-830.5504150390625
4,-830.8090209960938

Migration Barrier,0.60540771484375
