Image Index,Energy (eV)
0,-759.05524
1,-758.59686
2,-758.02185
3,-758.5975
4,-759.05524

Migration Barrier,1.0333862
