Image Index,Energy (eV)
0,-881.4333706165371
1,-880.9222050682903
2,-880.3291100447867
3,-880.9913334652372
4,-881.4334808779802

Migration Barrier,1.1043708331934567
