Image Index,Energy (eV)
0,-578.5704
1,-578.49634
2,-578.558
3,-578.4963
4,-578.57025

Migration Barrier,0.07409668
