Image Index,Energy (eV)
0,-643.43823
1,-643.1678
2,-642.7197
3,-643.16656
4,-643.43823

Migration Barrier,0.71850586
