Image Index,Energy (eV)
0,-354.75745891686387
1,-354.14403793140366
2,-353.9870236839879
3,-354.1366544126699
4,-354.75523907755235

Migration Barrier,0.7704352328759683
