Image Index,Energy (eV)
0,-947.28253
1,-946.65564
2,-946.5219
3,-947.14435
4,-947.3112

Migration Barrier,0.78930664
