Image Index,Energy (eV)
0,-289.18005975775725
1,-288.66566150031997
2,-288.8548182000655
3,-288.66566150032
4,-289.1800597577572

Migration Barrier,0.5143982574372785
