Image,Energy (eV)
0,-839.6641235351562
1,-839.1983642578125
2,-838.83056640625
3,-839.1978759765625
4,-839.6575317382812

Migration Barrier,0.83355712890625
