Image Index,Energy (eV)
0,-722.4229085842702
1,-721.9314649706047
2,-722.2487149963827
3,-721.9314649200232
4,-722.4229085821835

Migration Barrier,0.4914436642469582
