Image,Energy (eV)
0,-717.1476440429688
1,-716.9852905273438
2,-716.7864379882812
3,-717.0348510742188
4,-716.9593505859375

Migration Barrier,0.3612060546875
