Image Index,Energy (eV)
0,-406.8315518007387
1,-406.79409638678317
2,-406.7512027976144
3,-406.77704168386003
4,-406.8271138117712

Migration Barrier,0.08034900312429727
