Image Index,Energy (eV)
0,-829.7873641240143
1,-829.6787531106646
2,-829.4428967145411
3,-829.683201885517
4,-829.7873641161699

Migration Barrier,0.3444674094731681
