Image Index,Energy (eV)
0,-393.0785
1,-392.77673
2,-392.73816
3,-392.77673
4,-393.07843

Migration Barrier,0.34033203
