Image Index,Energy (eV)
0,-297.81906
1,-297.73233
2,-297.3318
3,-296.71298
4,-296.5374
5,-296.744
6,-297.2073
7,-297.50787
8,-297.594

Migration Barrier,1.2816467
