Image Index,Energy (eV)
0,-1825.2016005513437
1,-1825.0662203274146
2,-1824.867470828437
3,-1825.0660885740385
4,-1825.2016004299367

Migration Barrier,0.3341297229067095
