Image,Energy (eV)
0,-834.13330078125
1,-833.7123413085938
2,-833.2000732421875
3,-833.7071533203125
4,-834.1443481445312

Migration Barrier,0.94427490234375
