Image,Energy (eV)
0,-885.6161499023438
1,-885.2742309570312
2,-884.7114868164062
3,-885.2765502929688
4,-885.6133422851562

Migration Barrier,0.9046630859375
