Image Index,Energy (eV)
0,-241.63400200525473
1,-241.4493291697035
2,-240.99366021263023
3,-240.58646269387714
4,-240.95397823263164

Migration Barrier,1.0475393113775908
