Image Index,Energy (eV)
0,-558.509765625
1,-558.3871459960938
2,-558.2461547851562
3,-558.2598876953125
4,-558.509765625

Migration Barrier,0.26361083984375
