Image Index,Energy (eV)
0,-743.47504
1,-743.4328
2,-743.3253
3,-743.43256
4,-743.4796

Migration Barrier,0.15429688
