Image Index,Energy (eV)
0,-443.39288330078125
1,-442.8687744140625
2,-443.3682861328125
3,-442.8560485839844
4,-443.39404296875

Migration Barrier,0.537994384765625
