Image Index,Energy (eV)
0,-714.6904
1,-714.2601
2,-713.5661
3,-714.26013
4,-714.6904

Migration Barrier,1.1243286
