Image Index,Energy (eV)
0,-804.9872139682407
1,-804.9989939946222
2,-804.8018133662033
3,-804.9989875962167
4,-804.987214310106

Migration Barrier,0.1971806284188915
