Image Index,Energy (eV)
0,-667.3598239065349
1,-667.2002683935918
2,-667.0500988716066
3,-667.19806642085
4,-667.3602417666634

Migration Barrier,0.3101428950568561
