Image Index,Energy (eV)
0,-759.92584
1,-759.54333
2,-759.6115
3,-759.5406
4,-759.9213

Migration Barrier,0.3852539
