Image Index,Energy (eV)
0,-379.90256
1,-379.44235
2,-378.97653
3,-379.29855
4,-379.63275

Migration Barrier,0.9260254
