Image Index,Energy (eV)
0,-295.23138427734375
1,-295.1659240722656
2,-294.95159912109375
3,-294.644775390625
4,-295.3365478515625
5,-295.69683837890625
6,-295.8390808105469
7,-295.94195556640625
8,-295.99761962890625

Migration Barrier,1.35284423828125
