Image Index,Energy (eV)
0,-230.53717
1,-230.18132
2,-230.06552
3,-230.31364
4,-230.59076

Migration Barrier,0.52523804
