Image Index,Energy (eV)
0,-363.5217590332031
1,-363.1946105957031
2,-363.1493835449219
3,-363.194580078125
4,-363.52178955078125

Migration Barrier,0.372406005859375
