Image Index,Energy (eV)
0,-705.4671456465386
1,-705.2392712833665
2,-705.1348517493076
3,-705.2040551281797
4,-705.4721743975973

Migration Barrier,0.337322648289728
