Image,Energy (eV)
0,-432.577880859375
1,-431.9030456542969
2,-431.28839111328125
3,-431.5363464355469
4,-432.5817565917969

Migration Barrier,1.293365478515625
