Image Index,Energy (eV)
0,-795.38275
1,-795.2019
2,-794.9994
3,-795.3283
4,-795.5731

Migration Barrier,0.57373047
