Image Index,Energy (eV)
0,-336.05124
1,-335.80692
2,-335.74594
3,-335.80692
4,-336.05124

Migration Barrier,0.30529785
