Image Index,Energy (eV)
0,-291.35754
1,-291.22937
2,-290.80402
3,-290.70242
4,-290.98657

Migration Barrier,0.65512085
