Image,Energy (eV)
0,-1565.8074951171875
1,-1565.0347900390625
2,-1564.20263671875
3,-1565.163330078125
4,-1565.8087158203125

Migration Barrier,1.6060791015625
