Image,Energy (eV)
0,-839.9537353515625
1,-839.6539306640625
2,-839.4697875976562
3,-839.4973754882812
4,-839.7012939453125

Migration Barrier,0.48394775390625
