Image Index,Energy (eV)
0,-352.82184
1,-352.209
2,-351.2726
3,-352.2015
4,-352.82468

Migration Barrier,1.552063
