Image,Energy (eV)
0,-281.1748835746605
1,-281.03172916475035
2,-280.6168579474515
3,-280.3896268313971
4,-279.99488071540463
5,-279.6416562516271
6,-279.6710607111067
7,-279.83974561929705
8,-279.9821038765467

Migration Barrier,1.5332273230333726
