Image Index,Energy (eV)
0,-210.3826047392402
1,-209.85715068441712
2,-209.60334856273857
3,-209.86727585149438
4,-210.22416907849023

Migration Barrier,0.779256176501633
