Image Index,Energy (eV)
0,-783.7049
1,-783.25684
2,-783.25183
3,-783.2568
4,-783.7049

Migration Barrier,0.45306396
