Image Index,Energy (eV)
0,-256.59006
1,-256.42972
2,-255.75389
3,-255.63199
4,-255.75935

Migration Barrier,0.95806885
