Image,Energy (eV)
0,-839.6522216796875
1,-839.2776489257812
2,-838.748291015625
3,-839.1373901367188
4,-839.6576538085938

Migration Barrier,0.90936279296875
