Image Index,Energy (eV)
0,-260.86187744140625
1,-260.3920593261719
2,-259.67645263671875
3,-259.62286376953125
4,-259.82977294921875

Migration Barrier,1.239013671875
