Image Index,Energy (eV)
0,-703.2348283830195
1,-702.520695616777
2,-702.6225683023325
3,-703.039245868176
4,-703.7257001977125

Migration Barrier,1.2050045809355652
