Image Index,Energy (eV)
0,-905.6603
1,-905.5504
2,-905.41797
3,-905.5504
4,-905.6603

Migration Barrier,0.24230957
