Image Index,Energy (eV)
0,-857.8243
1,-857.6564
2,-857.4752
3,-857.65796
4,-857.81964

Migration Barrier,0.34906006
