Image,Energy (eV)
0,-842.8119506835938
1,-842.4548950195312
2,-841.8840942382812
3,-842.4557495117188
4,-842.83740234375

Migration Barrier,0.95330810546875
