Image Index,Energy (eV)
0,-251.31027
1,-251.05211
2,-250.30771
3,-251.13263
4,-251.43501

Migration Barrier,1.1273041
