Image Index,Energy (eV)
0,-388.61956787109375
1,-388.3194580078125
2,-388.13458251953125
3,-388.3359375
4,-388.46014404296875
5,-388.3389892578125
6,-388.13555908203125
7,-388.3138427734375
8,-388.61944580078125

Migration Barrier,0.4849853515625
