Image,Energy (eV)
0,-578.1332397460938
1,-577.7656860351562
2,-577.3017578125
3,-577.7675170898438
4,-578.1328735351562

Migration Barrier,0.83148193359375
