Image Index,Energy (eV)
0,-654.6252
1,-654.4802
2,-654.35754
3,-654.48
4,-654.6201

Migration Barrier,0.26763916
