Image Index,Energy (eV)
0,-1025.80940910962
1,-1025.3272736449583
2,-1024.7986400614247
3,-1025.1588589055254
4,-1025.4713010141102

Migration Barrier,1.0107690481952432
