Image Index,Energy (eV)
0,-2247.880859375
1,-2247.65673828125
2,-2247.27880859375
3,-2247.6630859375
4,-2247.880859375

Migration Barrier,0.60205078125
