Image Index,Energy (eV)
0,-892.5146484375
1,-892.294921875
2,-892.0853881835938
3,-892.294921875
4,-892.5146484375

Migration Barrier,0.42926025390625
