Image Index,Energy (eV)
0,-469.91772971583646
1,-470.12864940165116
2,-470.3729626967434
3,-470.1207920951988
4,-469.8887647680642

Migration Barrier,0.48419792867917977
