Image Index,Energy (eV)
0,-798.57184
1,-798.2785
2,-797.8729
3,-798.2786
4,-798.5719

Migration Barrier,0.6989746
