Image,Energy (eV)
0,-558.1383056640625
1,-558.00634765625
2,-557.9481201171875
3,-557.9251098632812
4,-558.124267578125

Migration Barrier,0.21319580078125
