Image Index,Energy (eV)
0,-452.53652559905714
1,-451.91949368726307
2,-452.16350719245423
3,-451.9197140484366
4,-452.5365255990811

Migration Barrier,0.6170319118180032
