Image Index,Energy (eV)
0,-922.4033203125
1,-920.2479248046875
2,-919.0027465820312
3,-919.0640869140625
4,-921.7315673828125

Migration Barrier,3.40057373046875
