Image Index,Energy (eV)
0,-736.119384765625
1,-735.960693359375
2,-735.91943359375
3,-735.9856567382812
4,-736.1282958984375

Migration Barrier,0.2088623046875
