Image Index,Energy (eV)
0,-866.6287841796875
1,-866.5859375
2,-866.5826416015625
3,-866.5860595703125
4,-866.6287841796875

Migration Barrier,0.046142578125
