Image,Energy (eV)
0,-837.4585571289062
1,-836.5121459960938
2,-836.3582763671875
3,-837.2981567382812
4,-837.5745849609375

Migration Barrier,1.21630859375
