Image Index,Energy (eV)
0,-386.49527
1,-386.41367
2,-386.22705
3,-385.83698
4,-385.41986
5,-385.51523
6,-385.94193
7,-386.19955
8,-386.29712

Migration Barrier,1.0754089
