Image,Energy (eV)
0,-287.0084228515625
1,-286.6605529785156
2,-286.6958312988281
3,-286.656494140625
4,-287.0091247558594

Migration Barrier,0.352630615234375
