Image,Energy (eV)
0,-650.0446166992188
1,-649.8922119140625
2,-649.876220703125
3,-649.8875732421875
4,-650.0381469726562

Migration Barrier,0.16839599609375
