Image Index,Energy (eV)
0,-511.36669921875
1,-510.8916015625
2,-510.2369384765625
3,-510.99737548828125
4,-511.41766357421875

Migration Barrier,1.18072509765625
