Image,Energy (eV)
0,-2651.429443359375
1,-2651.386474609375
2,-2651.337646484375
3,-2651.380615234375
4,-2651.441162109375

Migration Barrier,0.103515625
