Image Index,Energy (eV)
0,-136.6242761669224
1,-136.39164095153507
2,-136.10902527604622
3,-136.39164095153507
4,-136.6242761669224

Migration Barrier,0.5152508908761888
