Image Index,Energy (eV)
0,-792.2723388671875
1,-792.0406494140625
2,-792.0054931640625
3,-792.0564575195312
4,-792.0747680664062
5,-791.5880126953125
6,-791.5383911132812
7,-791.8877563476562
8,-792.1944580078125

Migration Barrier,0.73394775390625
