Image Index,Energy (eV)
0,-389.9971619121809
1,-389.43414860054753
2,-389.3116731715714
3,-389.4336120974782
4,-389.9971619121809

Migration Barrier,0.6854887406095145
