Image Index,Energy (eV)
0,-171.59296
1,-171.14433
2,-170.09624
3,-171.14453
4,-171.59297

Migration Barrier,1.4967346
