Image Index,Energy (eV)
0,-841.4121
1,-841.2553
2,-841.2424
3,-841.32166
4,-841.47906

Migration Barrier,0.23669434
