Image Index,Energy (eV)
0,-747.866
1,-747.46625
2,-746.94305
3,-747.46625
4,-747.866

Migration Barrier,0.92297363
