Image,Energy (eV)
0,-740.9177856445312
1,-740.9420166015625
2,-740.9052124023438
3,-740.9529418945312
4,-740.9729614257812

Migration Barrier,0.0677490234375
