Image Index,Energy (eV)
0,-878.7535234450853
1,-878.3719723000946
2,-878.0615408628883
3,-878.3720509968891
4,-878.7535234453524

Migration Barrier,0.6919825824641066
