Image Index,Energy (eV)
0,-1130.7978515625
1,-1130.285888671875
2,-1129.5595703125
3,-1130.1904296875
4,-1130.8087158203125

Migration Barrier,1.2491455078125
