Image,Energy (eV)
0,-796.8999633789062
1,-796.732666015625
2,-796.54150390625
3,-796.7354736328125
4,-796.899169921875

Migration Barrier,0.35845947265625
