Image Index,Energy (eV)
0,-720.07568359375
1,-719.5064086914062
2,-719.5033569335938
3,-719.5064697265625
4,-720.0756225585938

Migration Barrier,0.57232666015625
