Image Index,Energy (eV)
0,-881.3828735351562
1,-880.1307373046875
2,-879.73095703125
3,-880.130859375
4,-881.3828735351562

Migration Barrier,1.65191650390625
