Image Index,Energy (eV)
0,-406.2608947753906
1,-405.5439758300781
2,-404.58935546875
3,-405.54400634765625
4,-406.2608947753906

Migration Barrier,1.671539306640625
