Image Index,Energy (eV)
0,-196.7894744873047
1,-196.6689453125
2,-196.363525390625
3,-196.10025024414062
4,-195.90895080566406
5,-195.82125854492188
6,-196.06866455078125
7,-196.6022491455078
8,-196.78933715820312

Migration Barrier,0.9682159423828125
