Image Index,Energy (eV)
0,-836.8056
1,-836.4192
2,-836.49664
3,-836.4192
4,-836.8056

Migration Barrier,0.38641357
