Image Index,Energy (eV)
0,-582.962387369125
1,-582.8199782544064
2,-582.7367592771993
3,-582.8212768856234
4,-582.9656620378425

Migration Barrier,0.2289027606432228
