Image Index,Energy (eV)
0,-300.3623
1,-299.86096
2,-299.25653
3,-299.93478
4,-300.3187

Migration Barrier,1.1057739
