Image Index,Energy (eV)
0,-973.8575439453125
1,-973.3419189453125
2,-972.849609375
3,-973.6314697265625
4,-974.2806396484375

Migration Barrier,1.4310302734375
