Image Index,Energy (eV)
0,-319.249626650431
1,-318.7682630444083
2,-319.0190624769223
3,-318.76826303946564
4,-319.24962664534183

Migration Barrier,0.4813636109653885
