Image Index,Energy (eV)
0,-786.5694580078125
1,-784.8532104492188
2,-782.66455078125
3,-784.7655029296875
4,-786.3875732421875

Migration Barrier,3.9049072265625
