Image Index,Energy (eV)
0,-2517.13427734375
1,-2516.9501953125
2,-2516.83447265625
3,-2516.86474609375
4,-2517.13427734375

Migration Barrier,0.2998046875
