Image Index,Energy (eV)
0,-352.90604
1,-352.66013
2,-352.39374
3,-352.66016
4,-352.906

Migration Barrier,0.5122986
