Image,Energy (eV)
0,-1309.7911376953125
1,-1309.460205078125
2,-1308.7177734375
3,-1309.472412109375
4,-1309.7900390625

Migration Barrier,1.0733642578125
