Image Index,Energy (eV)
0,-2519.6617004997197
1,-2519.530406670896
2,-2519.430791389863
3,-2519.3779222578687
4,-2519.6617004997197

Migration Barrier,0.283778241850996
