Image Index,Energy (eV)
0,-256.0665283203125
1,-255.60684204101562
2,-255.89212036132812
3,-255.6068572998047
4,-256.0665283203125

Migration Barrier,0.459686279296875
