Image Index,Energy (eV)
0,-557.6705293509644
1,-557.4516569866896
2,-557.3644313637178
3,-557.5433552976828
4,-557.6705293509644

Migration Barrier,0.3060979872466305
