Image Index,Energy (eV)
0,-314.0141296386719
1,-313.6007385253906
2,-313.8994445800781
3,-313.6007080078125
4,-314.0141296386719

Migration Barrier,0.413421630859375
