Image Index,Energy (eV)
0,-1206.2762024641263
1,-1205.1441379041821
2,-1204.0267276801396
3,-1205.142487691635
4,-1206.2762024641263

Migration Barrier,2.2494747839866704
