Image Index,Energy (eV)
0,-405.3251647949219
1,-405.27484130859375
2,-405.0968017578125
3,-404.8414306640625
4,-404.6961975097656
5,-404.8165283203125
6,-405.0723876953125
7,-405.2637939453125
8,-405.3245544433594

Migration Barrier,0.62896728515625
