Image Index,Energy (eV)
0,-777.1138
1,-777.0895
2,-777.0746
3,-777.13446
4,-777.17993

Migration Barrier,0.10534668
