Image,Energy (eV)
0,-405.038818359375
1,-404.8534851074219
2,-404.7493591308594
3,-404.89654541015625
4,-405.0536193847656

Migration Barrier,0.30426025390625
