Image,Energy (eV)
0,-279.1554870605469
1,-279.15234375
2,-279.15191650390625
3,-279.1157531738281
4,-278.6041564941406
5,-278.27789306640625
6,-278.7669982910156
7,-278.7934875488281
8,-278.74554443359375

Migration Barrier,0.877593994140625
