Image Index,Energy (eV)
0,-1341.714111328125
1,-1341.593505859375
2,-1341.4635009765625
3,-1341.6351318359375
4,-1341.87109375

Migration Barrier,0.4075927734375
