Image,Energy (eV)
0,-704.5159301757812
1,-703.8739013671875
2,-703.8648681640625
3,-703.8792724609375
4,-704.521240234375

Migration Barrier,0.6563720703125
