Image Index,Energy (eV)
0,-921.60205078125
1,-921.515869140625
2,-921.6312866210938
3,-921.5159301757812
4,-921.60205078125

Migration Barrier,0.11541748046875
