Image Index,Energy (eV)
0,-740.3762
1,-740.1412
2,-739.7389
3,-740.1436
4,-740.38043

Migration Barrier,0.6415405
