Image Index,Energy (eV)
0,-689.03394
1,-688.50476
2,-689.0098
3,-688.9681
4,-689.0346

Migration Barrier,0.5298462
