Image,Energy (eV)
0,-315.67535400390625
1,-315.271484375
2,-315.41876220703125
3,-315.2757873535156
4,-315.6684875488281

Migration Barrier,0.40386962890625
