Image,Energy (eV)
0,-657.1867065429688
1,-656.3621826171875
2,-655.370361328125
3,-656.347412109375
4,-657.1846313476562

Migration Barrier,1.81634521484375
