Image Index,Energy (eV)
0,-372.89587
1,-372.60123
2,-372.81143
3,-372.60123
4,-372.89587

Migration Barrier,0.29464722
