Image,Energy (eV)
0,-263.3572082519531
1,-262.82275390625
2,-262.01312255859375
3,-262.53436279296875
4,-263.0423278808594

Migration Barrier,1.344085693359375
