Image,Energy (eV)
0,-627.318603515625
1,-627.3162231445312
2,-627.2197265625
3,-627.3222045898438
4,-627.3344116210938

Migration Barrier,0.11468505859375
