Image,Energy (eV)
0,-388.5102844238281
1,-388.039306640625
2,-388.45849609375
3,-387.923583984375
4,-388.5103454589844

Migration Barrier,0.586761474609375
