Image Index,Energy (eV)
0,-300.2811584472656
1,-300.10772705078125
2,-299.53411865234375
3,-298.56488037109375
4,-297.86798095703125
5,-298.573974609375
6,-299.5396423339844
7,-300.1080322265625
8,-300.2799072265625

Migration Barrier,2.413177490234375
