Image,Energy (eV)
0,-406.8252868652344
1,-406.2750549316406
2,-406.7020568847656
3,-406.27484130859375
4,-406.8255615234375

Migration Barrier,0.55072021484375
