Image,Energy (eV)
0,-830.6305541992188
1,-829.9714965820312
2,-829.8185424804688
3,-829.9738159179688
4,-830.6141967773438

Migration Barrier,0.81201171875
