Image,Energy (eV)
0,-1128.642578125
1,-1127.62890625
2,-1125.8890380859375
3,-1127.6064453125
4,-1128.6688232421875

Migration Barrier,2.77978515625
