Image Index,Energy (eV)
0,-171.47354
1,-171.3709
2,-171.14801
3,-171.36974
4,-171.47354

Migration Barrier,0.325531
