Image Index,Energy (eV)
0,-330.85342
1,-330.39185
2,-330.52106
3,-330.39438
4,-330.85352

Migration Barrier,0.46166992
