Image Index,Energy (eV)
0,-805.1494835139533
1,-803.8168156713149
2,-801.856098617008
3,-803.7012877032893
4,-805.2030888871793

Migration Barrier,3.346990270171318
