Image Index,Energy (eV)
0,-556.24695
1,-556.2848
2,-556.27856
3,-556.31464
4,-556.3306

Migration Barrier,0.0836792
