Image Index,Energy (eV)
0,-839.3631591796875
1,-839.207763671875
2,-839.2009887695312
3,-839.4658203125
4,-839.6380004882812

Migration Barrier,0.43701171875
