Image Index,Energy (eV)
0,-2777.6448354956005
1,-2777.3483131818575
2,-2777.531817604856
3,-2777.3476137700454
4,-2777.645279519269

Migration Barrier,0.29766574922359723
