Image,Energy (eV)
0,-209.6313018798828
1,-209.0086212158203
2,-208.84231567382812
3,-209.19471740722656
4,-209.554443359375

Migration Barrier,0.7889862060546875
