Image Index,Energy (eV)
0,-745.9544677734375
1,-745.4702758789062
2,-745.160888671875
3,-745.4700927734375
4,-745.9544677734375

Migration Barrier,0.7935791015625
