Image Index,Energy (eV)
0,-287.4244384765625
1,-287.10888671875
2,-287.1307067871094
3,-287.1089172363281
4,-287.4244384765625

Migration Barrier,0.3155517578125
