Image Index,Energy (eV)
0,-770.71454
1,-770.6689
2,-770.7615
3,-770.6689
4,-770.71454

Migration Barrier,0.09259033
