Image Index,Energy (eV)
0,-899.2079
1,-899.0434
2,-898.9811
3,-899.04376
4,-899.2078

Migration Barrier,0.22680664
