Image Index,Energy (eV)
0,-370.5933532714844
1,-369.98760986328125
2,-369.148193359375
3,-370.02227783203125
4,-370.5747985839844

Migration Barrier,1.445159912109375
