Image Index,Energy (eV)
0,-1341.714111328125
1,-1341.4495849609375
2,-1341.2130126953125
3,-1341.4495849609375
4,-1341.714111328125

Migration Barrier,0.5010986328125
