Image Index,Energy (eV)
0,-435.532097153157
1,-434.61206987962294
2,-433.2614765809767
3,-434.688918961754
4,-435.52535009018396

Migration Barrier,2.2706205721802917
