Image Index,Energy (eV)
0,-895.456298828125
1,-895.19970703125
2,-894.9287719726562
3,-895.2421264648438
4,-895.4655151367188

Migration Barrier,0.5367431640625
