Image Index,Energy (eV)
0,-1073.9357818547387
1,-1073.4486766944415
2,-1072.9743045588389
3,-1073.3768086776938
4,-1073.7309403272534

Migration Barrier,0.9614772958998401
