Image Index,Energy (eV)
0,-643.43616
1,-643.1864
2,-642.90466
3,-643.1878
4,-643.43823

Migration Barrier,0.53356934
