Image Index,Energy (eV)
0,-892.816
1,-892.32104
2,-891.701
3,-892.4
4,-892.81616

Migration Barrier,1.1151733
