Image Index,Energy (eV)
0,-838.418701171875
1,-838.338134765625
2,-838.5078735351562
3,-838.3382568359375
4,-838.4187622070312

Migration Barrier,0.16973876953125
