Image Index,Energy (eV)
0,-941.389
1,-941.35583
2,-941.4367
3,-941.35583
4,-941.389

Migration Barrier,0.08087158
