Image Index,Energy (eV)
0,-549.66644
1,-549.3928
2,-549.37054
3,-549.3932
4,-549.6666

Migration Barrier,0.29608154
