Image Index,Energy (eV)
0,-1046.192138671875
1,-1045.7764892578125
2,-1045.406005859375
3,-1045.7763671875
4,-1046.192138671875

Migration Barrier,0.7861328125
