Image Index,Energy (eV)
0,-267.20135498046875
1,-267.08966064453125
2,-266.7601318359375
3,-266.7760009765625
4,-266.8607177734375

Migration Barrier,0.44122314453125
