Image,Energy (eV)
0,-295.8883972167969
1,-295.2245178222656
2,-294.7113342285156
3,-295.2562255859375
4,-295.78936767578125

Migration Barrier,1.17706298828125
