Image Index,Energy (eV)
0,-1185.1875150812175
1,-1184.8196784241643
2,-1184.2162820502122
3,-1184.6751020037636
4,-1185.198581385316

Migration Barrier,0.9822993351037894
