Image Index,Energy (eV)
0,-323.62158203125
1,-323.3426513671875
2,-322.9219970703125
3,-323.34246826171875
4,-323.62152099609375

Migration Barrier,0.6995849609375
