Image Index,Energy (eV)
0,-1652.148681640625
1,-1651.983642578125
2,-1651.958984375
3,-1651.983642578125
4,-1652.1485595703125

Migration Barrier,0.189697265625
