Image Index,Energy (eV)
0,-859.5990600585938
1,-859.6365966796875
2,-859.7842407226562
3,-859.634521484375
4,-859.59912109375

Migration Barrier,0.1851806640625
