Image,Energy (eV)
0,-337.2943115234375
1,-336.9060974121094
2,-337.2451171875
3,-336.9127502441406
4,-337.2961120605469

Migration Barrier,0.3900146484375
