Image Index,Energy (eV)
0,-719.813232421875
1,-719.3822021484375
2,-719.3984375
3,-719.2801513671875
4,-719.813232421875

Migration Barrier,0.5330810546875
