Image Index,Energy (eV)
0,-418.65814
1,-418.67383
2,-418.662
3,-418.6806
4,-418.6581

Migration Barrier,0.022491455
