Image Index,Energy (eV)
0,-925.69226716696
1,-924.9052827666608
2,-924.7636013139753
3,-925.52043834865
4,-925.7767335192251

Migration Barrier,1.0131322052498035
