Image Index,Energy (eV)
0,-713.7574462890625
1,-713.8822021484375
2,-713.9205322265625
3,-711.36767578125
4,-710.77783203125

Migration Barrier,3.1427001953125
