Image Index,Energy (eV)
0,-746.3670223504018
1,-746.0296332077595
2,-746.1178817745006
3,-745.9971540045484
4,-746.3423310861092

Migration Barrier,0.3698683458534333
