Image Index,Energy (eV)
0,-274.40872
1,-274.3049
2,-274.60608
3,-274.3051
4,-274.40884

Migration Barrier,0.30117798
