Image,Energy (eV)
0,-400.28607177734375
1,-400.183349609375
2,-400.1405944824219
3,-400.1694641113281
4,-400.2783508300781

Migration Barrier,0.145477294921875
