Image Index,Energy (eV)
0,-240.46177673339844
1,-240.426025390625
2,-240.12571716308594
3,-239.54705810546875
4,-239.50042724609375

Migration Barrier,0.9613494873046875
