Image,Energy (eV)
0,-256.41552734375
1,-256.40771484375
2,-256.36590576171875
3,-256.1646423339844
4,-256.17388916015625

Migration Barrier,0.250885009765625
