Image Index,Energy (eV)
0,-320.5666198730469
1,-320.314208984375
2,-320.1002502441406
3,-320.3142395019531
4,-320.5666198730469

Migration Barrier,0.46636962890625
