Image,Energy (eV)
0,-824.5003662109375
1,-824.16259765625
2,-823.6395263671875
3,-824.155029296875
4,-824.5071411132812

Migration Barrier,0.86761474609375
