Image,Energy (eV)
0,-586.3726806640625
1,-585.9391479492188
2,-585.5596313476562
3,-585.9234619140625
4,-586.2643432617188

Migration Barrier,0.81304931640625
