Image Index,Energy (eV)
0,-383.36398
1,-383.3984
2,-383.24667
3,-382.96915
4,-382.65314
5,-382.65768
6,-382.89844
7,-383.0827
8,-383.04257

Migration Barrier,0.7452698
