Image,Energy (eV)
0,-215.5520684872355
1,-215.62599724164772
2,-215.44981315148354
3,-214.4142365040904
4,-213.2304995430746
5,-214.08095814195144
6,-215.1866770271254
7,-215.5543561534487
8,-215.67930363757063

Migration Barrier,2.4488040944960403
