Image,Energy (eV)
0,-315.508056640625
1,-315.1039733886719
2,-315.29986572265625
3,-315.1025390625
4,-315.5064697265625

Migration Barrier,0.405517578125
