Image,Energy (eV)
0,-355.3841247558594
1,-355.06134033203125
2,-354.5837707519531
3,-354.9847106933594
4,-355.3526306152344

Migration Barrier,0.80035400390625
