Image Index,Energy (eV)
0,-867.1217
1,-867.0311
2,-866.76135
3,-866.7373
4,-867.12256

Migration Barrier,0.3852539
