Image Index,Energy (eV)
0,-486.1116638183594
1,-486.0234375
2,-486.07696533203125
3,-486.0234680175781
4,-486.11163330078125

Migration Barrier,0.088226318359375
