Image Index,Energy (eV)
0,-879.1904
1,-878.26624
2,-879.2639
3,-878.4505
4,-879.15204

Migration Barrier,0.99768066
