Image Index,Energy (eV)
0,-795.437142150193
1,-795.1823315420086
2,-795.199298333219
3,-795.4525995206106
4,-795.5918814273543

Migration Barrier,0.4095498853457684
