Image Index,Energy (eV)
0,-248.4427
1,-248.09807
2,-247.52614
3,-247.4884
4,-247.63867

Migration Barrier,0.9542999
