Image Index,Energy (eV)
0,-1343.6961595237422
1,-1343.5748480560515
2,-1343.418195021846
3,-1343.59350794372
4,-1343.809877692424

Migration Barrier,0.3916826705778931
