Image,Energy (eV)
0,-687.0667724609375
1,-687.1203002929688
2,-687.2608642578125
3,-687.1189575195312
4,-687.0689086914062

Migration Barrier,0.194091796875
