Image Index,Energy (eV)
0,-146.02965
1,-145.92067
2,-145.71385
3,-145.9092
4,-146.02965

Migration Barrier,0.3157959
