Image Index,Energy (eV)
0,-795.3828
1,-795.2779
2,-794.9748
3,-795.07263
4,-795.38275

Migration Barrier,0.40802002
