Image Index,Energy (eV)
0,-223.05661
1,-222.98244
2,-222.7387
3,-222.3865
4,-222.2244
5,-222.1992
6,-222.19847
7,-222.28856
8,-222.3424

Migration Barrier,0.85813904
