Image,Energy (eV)
0,-295.8044128417969
1,-295.35919189453125
2,-295.1513366699219
3,-295.3594055175781
4,-295.8064880371094

Migration Barrier,0.6551513671875
