Image Index,Energy (eV)
0,-285.462158203125
1,-285.1049499511719
2,-285.35198974609375
3,-285.1049499511719
4,-285.462158203125

Migration Barrier,0.357208251953125
