Image Index,Energy (eV)
0,-280.4593
1,-280.39896
2,-280.43817
3,-280.39655
4,-280.46124

Migration Barrier,0.064697266
