Image Index,Energy (eV)
0,-287.06219482421875
1,-286.7412109375
2,-286.7878723144531
3,-286.7412109375
4,-287.0621643066406

Migration Barrier,0.32098388671875
