Image Index,Energy (eV)
0,-749.2731
1,-749.23755
2,-749.3729
3,-749.2376
4,-749.2731

Migration Barrier,0.13537598
