Image Index,Energy (eV)
0,-279.3473205566406
1,-278.41412353515625
2,-278.19384765625
3,-278.5127868652344
4,-278.96624755859375

Migration Barrier,1.153472900390625
