Image Index,Energy (eV)
0,-286.68408
1,-286.20773
2,-286.4069
3,-286.20734
4,-286.6832

Migration Barrier,0.4767456
