Image Index,Energy (eV)
0,-1139.943031990894
1,-1139.5150698069262
2,-1139.1920582039083
3,-1139.609919259242
4,-1139.9503362379853

Migration Barrier,0.7582780340769659
