Image,Energy (eV)
0,-286.4998779296875
1,-286.1590270996094
2,-286.1398620605469
3,-286.1608581542969
4,-286.4981994628906

Migration Barrier,0.360015869140625
