Image Index,Energy (eV)
0,-385.835205078125
1,-385.6529846191406
2,-385.019287109375
3,-385.76214599609375
4,-386.5682373046875

Migration Barrier,1.5489501953125
