Image Index,Energy (eV)
0,-2172.98974609375
1,-2172.79345703125
2,-2172.51025390625
3,-2172.792236328125
4,-2172.991455078125

Migration Barrier,0.481201171875
