Image,Energy (eV)
0,-300.6677993391089
1,-300.6176444962525
2,-300.43197218113204
3,-300.16020766259516
4,-300.4924501060881
5,-300.7612831381503
6,-300.88966214150116
7,-301.0136417585849
8,-301.11133955669425

Migration Barrier,0.9511318940990918
