Image Index,Energy (eV)
0,-315.18063
1,-314.7705
2,-314.07407
3,-314.65814
4,-315.1777

Migration Barrier,1.1065674
