Image Index,Energy (eV)
0,-913.2971
1,-913.0784
2,-912.9604
3,-912.9951
4,-913.15906

Migration Barrier,0.33673096
