Image,Energy (eV)
0,-821.5510864257812
1,-820.8880615234375
2,-820.8382568359375
3,-820.894287109375
4,-821.5537719726562

Migration Barrier,0.71551513671875
