Image,Energy (eV)
0,-1186.6881103515625
1,-1186.139892578125
2,-1185.631103515625
3,-1186.130126953125
4,-1186.524169921875

Migration Barrier,1.0570068359375
