Image Index,Energy (eV)
0,-710.2087
1,-709.6145
2,-709.67615
3,-709.6145
4,-710.2086

Migration Barrier,0.59417725
