Image,Energy (eV)
0,-3073.422607421875
1,-3072.92724609375
2,-3073.1982421875
3,-3072.929931640625
4,-3073.40576171875

Migration Barrier,0.495361328125
