Image Index,Energy (eV)
0,-837.2863718314779
1,-836.852081113937
2,-836.9061568336967
3,-836.8520804922116
4,-837.2863715622543

Migration Barrier,0.4342913392663377
