Image,Energy (eV)
0,-376.42590452566344
1,-376.3304456298472
2,-375.93520332668646
3,-375.41290331737514
4,-375.2863647945962
5,-375.6889135095074
6,-375.9928503218226
7,-376.1898336349704
8,-376.2643758397371

Migration Barrier,1.1395397310672593
