Image Index,Energy (eV)
0,-304.49261474609375
1,-304.07159423828125
2,-304.4447326660156
3,-304.07159423828125
4,-304.49261474609375

Migration Barrier,0.4210205078125
