Image Index,Energy (eV)
0,-403.463623046875
1,-402.502685546875
2,-401.948974609375
3,-402.50372314453125
4,-403.463623046875

Migration Barrier,1.5146484375
