Image Index,Energy (eV)
0,-621.9581348450034
1,-621.8732873887036
2,-621.8387646668698
3,-621.8732809065044
4,-621.9581267648967

Migration Barrier,0.11937017813363582
