Image,Energy (eV)
0,-624.5659790039062
1,-624.468505859375
2,-624.447998046875
3,-624.4699096679688
4,-624.5698852539062

Migration Barrier,0.12188720703125
