Image Index,Energy (eV)
0,-763.6314
1,-763.51117
2,-763.4891
3,-763.51117
4,-763.6314

Migration Barrier,0.14233398
