Image Index,Energy (eV)
0,-799.4764404296875
1,-799.3882446289062
2,-799.255615234375
3,-799.1830444335938
4,-799.1621704101562
5,-799.1475830078125
6,-799.152099609375
7,-799.2052612304688
8,-799.252685546875

Migration Barrier,0.328857421875
