Image Index,Energy (eV)
0,-1901.6004233813183
1,-1900.8830610677032
2,-1900.7386622753738
3,-1901.2742391351355
4,-1901.6004233813183

Migration Barrier,0.8617611059444243
