Image Index,Energy (eV)
0,-410.56326
1,-410.3319
2,-410.3415
3,-410.3313
4,-410.5658

Migration Barrier,0.23449707
