Image Index,Energy (eV)
0,-274.6689147949219
1,-274.59396
2,-274.31967
3,-273.91846
4,-273.68375
5,-273.45645
6,-273.22986
7,-273.19043
8,-273.2171630859375

Migration Barrier,1.4784851
