Image Index,Energy (eV)
0,-904.1195
1,-903.93195
2,-903.7308
3,-903.9713
4,-904.1412

Migration Barrier,0.4104004
