Image,Energy (eV)
0,-1088.567626953125
1,-1088.0340576171875
2,-1087.52099609375
3,-1088.3067626953125
4,-1088.9915771484375

Migration Barrier,1.4705810546875
