Image,Energy (eV)
0,-284.80999755859375
1,-284.4422302246094
2,-284.72174072265625
3,-284.4425964355469
4,-284.8084411621094

Migration Barrier,0.367767333984375
