Image Index,Energy (eV)
0,-211.1219482421875
1,-210.81031799316406
2,-210.56729125976562
3,-210.71084594726562
4,-211.2205810546875

Migration Barrier,0.653289794921875
