Image Index,Energy (eV)
0,-275.25970458984375
1,-275.1419982910156
2,-275.864990234375
3,-275.1419982910156
4,-275.25970458984375

Migration Barrier,0.722991943359375
