Image Index,Energy (eV)
0,-837.7235
1,-837.11285
2,-836.9725
3,-837.5524
4,-837.8104

Migration Barrier,0.83795166
