Image,Energy (eV)
0,-405.0384521484375
1,-405.0248718261719
2,-404.990966796875
3,-405.0141906738281
4,-405.0513610839844

Migration Barrier,0.060394287109375
