Image,Energy (eV)
0,-560.7711181640625
1,-560.5964965820312
2,-560.5028076171875
3,-560.607177734375
4,-560.7718505859375

Migration Barrier,0.26904296875
