Image Index,Energy (eV)
0,-558.46826
1,-558.1366
2,-558.478
3,-558.1404
4,-558.47174

Migration Barrier,0.34143066
