Image Index,Energy (eV)
0,-352.28128
1,-351.835
2,-351.82086
3,-351.84113
4,-352.28793

Migration Barrier,0.46707153
