Image,Energy (eV)
0,-1796.3348388671875
1,-1795.80859375
2,-1794.5675048828125
3,-1795.6549072265625
4,-1796.339599609375

Migration Barrier,1.7720947265625
