Image Index,Energy (eV)
0,-849.2103
1,-848.98724
2,-848.8397
3,-848.9805
4,-849.2154

Migration Barrier,0.3756714
