Image,Energy (eV)
0,-712.8529052734375
1,-712.0721435546875
2,-710.854248046875
3,-712.0634155273438
4,-712.8539428710938

Migration Barrier,1.99969482421875
