Image Index,Energy (eV)
0,-1025.7951898805209
1,-1025.5062114264485
2,-1024.9875922389754
3,-1025.3844424603108
4,-1025.8094091096198

Migration Barrier,0.8218168706443976
