Image Index,Energy (eV)
0,-969.84717
1,-969.80493
2,-969.86017
3,-969.80493
4,-969.8473

Migration Barrier,0.055236816
