Image Index,Energy (eV)
0,-524.33905
1,-524.36
2,-524.35406
3,-524.34595
4,-524.3389
5,-524.33215
6,-524.32654
7,-524.3229
8,-524.3107

Migration Barrier,0.04925537
