Image Index,Energy (eV)
0,-200.11057
1,-199.61728
2,-199.06554
3,-199.7062
4,-200.11066

Migration Barrier,1.0451202
