Image Index,Energy (eV)
0,-556.3306
1,-556.23535
2,-556.231
3,-556.2816
4,-556.3306

Migration Barrier,0.099609375
