Image Index,Energy (eV)
0,-784.90405
1,-783.94385
2,-782.0653
3,-783.77924
4,-784.98016

Migration Barrier,2.914856
