Image Index,Energy (eV)
0,-186.29442
1,-185.7434
2,-185.091
3,-185.7429
4,-186.29442

Migration Barrier,1.2034149
