Image,Energy (eV)
0,-130.23367309570312
1,-129.99488830566406
2,-129.74256896972656
3,-129.9964599609375
4,-130.23391723632812

Migration Barrier,0.4913482666015625
