Image,Energy (eV)
0,-618.01318359375
1,-617.81298828125
2,-617.5558471679688
3,-617.8134155273438
4,-618.0086059570312

Migration Barrier,0.45733642578125
