Image,Energy (eV)
0,-167.57737731933594
1,-167.26541137695312
2,-166.32765197753906
3,-167.26507568359375
4,-167.57254028320312

Migration Barrier,1.249725341796875
