Image Index,Energy (eV)
0,-791.45458984375
1,-791.355224609375
2,-791.2365112304688
3,-791.355224609375
4,-791.4546508789062

Migration Barrier,0.2181396484375
