Image Index,Energy (eV)
0,-403.4636535644531
1,-402.8822021484375
2,-402.024658203125
3,-402.6849365234375
4,-403.463623046875

Migration Barrier,1.438995361328125
