Image Index,Energy (eV)
0,-135.53351824645938
1,-135.40342743685457
2,-135.2287319384043
3,-135.40342751852359
4,-135.5335182655573

Migration Barrier,0.30478632715298204
