Image Index,Energy (eV)
0,-795.2309
1,-795.03687
2,-794.7028
3,-794.88983
4,-795.2309

Migration Barrier,0.5280762
