Image Index,Energy (eV)
0,-855.4446
1,-855.346
2,-855.2813
3,-855.34906
4,-855.49414

Migration Barrier,0.21282959
