Image Index,Energy (eV)
0,-303.4808
1,-303.07755
2,-302.72855
3,-302.67444
4,-302.87906

Migration Barrier,0.80636597
