Image Index,Energy (eV)
0,-584.3819580078125
1,-583.4100952148438
2,-582.28173828125
3,-583.4097290039062
4,-584.3819580078125

Migration Barrier,2.1002197265625
