Image Index,Energy (eV)
0,-869.9474487304688
1,-869.9637451171875
2,-869.7064208984375
3,-869.9619140625
4,-869.949462890625

Migration Barrier,0.25732421875
