Image Index,Energy (eV)
0,-380.8312090436399
1,-379.70915145502147
2,-380.1276634805347
3,-379.70916861193507
4,-380.8312090393572

Migration Barrier,1.1220575886184179
