Image Index,Energy (eV)
0,-796.2153605416945
1,-795.7839142694163
2,-795.5753921003585
3,-795.783929386392
4,-796.2153605416945

Migration Barrier,0.6399684413360092
