Image Index,Energy (eV)
0,-225.28862
1,-225.15056
2,-224.58987
3,-224.30821
4,-224.72754

Migration Barrier,0.9804077
