Image Index,Energy (eV)
0,-839.32080078125
1,-838.4935302734375
2,-838.3375244140625
3,-839.0982666015625
4,-839.4942626953125

Migration Barrier,1.15673828125
