Image Index,Energy (eV)
0,-795.2309
1,-795.06683
2,-795.03796
3,-795.1211
4,-795.35944

Migration Barrier,0.32147217
