Image Index,Energy (eV)
0,-1319.6070556640625
1,-1319.5631103515625
2,-1319.52978515625
3,-1319.5633544921875
4,-1319.60546875

Migration Barrier,0.0772705078125
