Image Index,Energy (eV)
0,-442.43609619140625
1,-442.2752380371094
2,-442.1882019042969
3,-442.27178955078125
4,-442.445556640625

Migration Barrier,0.257354736328125
