Image Index,Energy (eV)
0,-153.23634
1,-153.16629
2,-153.13428
3,-153.16637
4,-153.23636

Migration Barrier,0.1020813
