Image Index,Energy (eV)
0,-585.9306339786219
1,-585.573110449445
2,-585.1249843436117
3,-585.5947781897206
4,-585.9306339786219

Migration Barrier,0.8056496350102407
