Image Index,Energy (eV)
0,-351.4231
1,-351.2844
2,-351.35455
3,-351.28436
4,-351.4231

Migration Barrier,0.13873291
