Image,Energy (eV)
0,-496.2122802734375
1,-495.837158203125
2,-495.406005859375
3,-495.8389892578125
4,-496.21929931640625

Migration Barrier,0.81329345703125
