Image Index,Energy (eV)
0,-445.718
1,-445.69623
2,-445.6689
3,-445.6942
4,-445.7258

Migration Barrier,0.056884766
