Image Index,Energy (eV)
0,-1319.5010383206652
1,-1319.4379539633132
2,-1319.4418453098745
3,-1319.4379539633603
4,-1319.501038320822

Migration Barrier,0.063084357508842
