Image Index,Energy (eV)
0,-319.0913
1,-319.13312
2,-319.70193
3,-319.13306
4,-319.0913

Migration Barrier,0.6106262
