Image Index,Energy (eV)
0,-658.8639
1,-658.54535
2,-658.19293
3,-658.59033
4,-658.8639

Migration Barrier,0.6709595
