Image Index,Energy (eV)
0,-656.04535
1,-656.0124
2,-656.0751
3,-656.0124
4,-656.04535

Migration Barrier,0.062683105
