Image Index,Energy (eV)
0,-264.0729170048406
1,-263.5514868298169
2,-262.7330593911157
3,-263.20443265009783
4,-263.64518614424014

Migration Barrier,1.3398576137248597
