Image Index,Energy (eV)
0,-256.55950927734375
1,-256.3117980957031
2,-255.60025024414062
3,-255.45632934570312
4,-255.55711364746094

Migration Barrier,1.103179931640625
