Image,Energy (eV)
0,-575.6146240234375
1,-575.5487060546875
2,-575.7247924804688
3,-575.5594482421875
4,-575.61474609375

Migration Barrier,0.17608642578125
