Image Index,Energy (eV)
0,-787.7301
1,-787.60297
2,-787.42975
3,-787.5335
4,-787.6659

Migration Barrier,0.300354
