Image Index,Energy (eV)
0,-420.03174
1,-419.5853
2,-418.6878
3,-419.57892
4,-420.032

Migration Barrier,1.3442078
