Image Index,Energy (eV)
0,-325.9392395019531
1,-325.45196533203125
2,-325.1873779296875
3,-325.45196533203125
4,-325.9392395019531

Migration Barrier,0.751861572265625
