Image Index,Energy (eV)
0,-1106.202880859375
1,-1105.826171875
2,-1105.43359375
3,-1106.00830078125
4,-1106.52197265625

Migration Barrier,1.08837890625
