Image Index,Energy (eV)
0,-257.09995
1,-256.87354
2,-257.06302
3,-256.87354
4,-257.09995

Migration Barrier,0.22640991
