Image Index,Energy (eV)
0,-895.46246
1,-895.338
2,-895.19403
3,-895.338
4,-895.46246

Migration Barrier,0.26843262
