Image,Energy (eV)
0,-309.0688781738281
1,-308.74151611328125
2,-308.72650146484375
3,-309.6731262207031
4,-309.8229675292969

Migration Barrier,1.096466064453125
