Image Index,Energy (eV)
0,-1952.12109375
1,-1951.7313232421875
2,-1951.21630859375
3,-1951.762451171875
4,-1952.14892578125

Migration Barrier,0.9326171875
