Image Index,Energy (eV)
0,-496.37896728515625
1,-496.0615539550781
2,-495.6165466308594
3,-496.063720703125
4,-496.3800048828125

Migration Barrier,0.763458251953125
