Image Index,Energy (eV)
0,-385.4525107585247
1,-385.10017217390333
2,-383.9498971545878
3,-384.6172652693973
4,-385.22858484734803

Migration Barrier,1.5026136039368794
