Image Index,Energy (eV)
0,-497.92255
1,-497.69427
2,-497.5017
3,-497.69525
4,-497.91888

Migration Barrier,0.4208374
