Image Index,Energy (eV)
0,-322.6694812537388
1,-322.0027097857377
2,-322.2239475005493
3,-321.99632436288823
4,-322.6755729607798

Migration Barrier,0.6792485978915579
