Image Index,Energy (eV)
0,-325.33355712890625
1,-324.7358703613281
2,-323.3556823730469
3,-324.97967529296875
4,-325.8427734375

Migration Barrier,2.487091064453125
