Image,Energy (eV)
0,-2953.27001953125
1,-2952.7265625
2,-2952.181884765625
3,-2952.738525390625
4,-2953.259521484375

Migration Barrier,1.088134765625
