Image Index,Energy (eV)
0,-328.8336
1,-328.44922
2,-328.5988
3,-328.4491
4,-328.8336

Migration Barrier,0.38449097
