Image Index,Energy (eV)
0,-799.3134765625
1,-799.154296875
2,-798.80224609375
3,-798.9744262695312
4,-799.106689453125

Migration Barrier,0.51123046875
