Image Index,Energy (eV)
0,-230.86726
1,-230.08096
2,-228.90436
3,-228.84541
4,-229.29225

Migration Barrier,2.0218506
