Image Index,Energy (eV)
0,-476.9395
1,-476.6172
2,-476.0102
3,-476.5648
4,-476.93872

Migration Barrier,0.9293213
