Image Index,Energy (eV)
0,-920.6553344726562
1,-920.4835205078125
2,-920.201416015625
3,-920.4837646484375
4,-920.6553344726562

Migration Barrier,0.45391845703125
