Image Index,Energy (eV)
0,-436.8347
1,-436.67416
2,-436.21075
3,-435.6435
4,-435.24136
5,-435.60214
6,-436.22052
7,-436.65787
8,-436.836

Migration Barrier,1.594635
