Image Index,Energy (eV)
0,-728.3212280273438
1,-728.2125244140625
2,-728.1671752929688
3,-728.2125244140625
4,-728.3212890625

Migration Barrier,0.15411376953125
