Image Index,Energy (eV)
0,-349.2002
1,-348.95212
2,-349.24673
3,-348.95212
4,-349.2002

Migration Barrier,0.2946167
