Image Index,Energy (eV)
0,-168.40969848632812
1,-168.11672973632812
2,-167.21604919433594
3,-168.11660766601562
4,-168.40969848632812

Migration Barrier,1.1936492919921875
