Image Index,Energy (eV)
0,-162.02922
1,-161.27678
2,-159.91422
3,-161.28409
4,-162.02922

Migration Barrier,2.1150055
