Image Index,Energy (eV)
0,-840.13134765625
1,-839.823974609375
2,-839.6265869140625
3,-839.6544189453125
4,-839.8750610351562

Migration Barrier,0.5047607421875
