Image Index,Energy (eV)
0,-323.11838
1,-322.6503
2,-322.56976
3,-322.6421
4,-323.1258

Migration Barrier,0.5560303
