Image Index,Energy (eV)
0,-797.1396825971815
1,-796.2772512587935
2,-795.0827527084645
3,-796.2772281815638
4,-797.1396825971814

Migration Barrier,2.056929888717036
