Image,Energy (eV)
0,-586.3773803710938
1,-585.9612426757812
2,-585.5741577148438
3,-585.8828125
4,-586.2614135742188

Migration Barrier,0.80322265625
