Image Index,Energy (eV)
0,-1300.888916015625
1,-1300.1666259765625
2,-1299.306884765625
3,-1300.240234375
4,-1300.8890380859375

Migration Barrier,1.5821533203125
