Image Index,Energy (eV)
0,-1137.873779296875
1,-1137.622314453125
2,-1137.259521484375
3,-1137.622314453125
4,-1137.87353515625

Migration Barrier,0.6142578125
