Image,Energy (eV)
0,-416.1732482910156
1,-415.4327697753906
2,-414.03155517578125
3,-415.3707275390625
4,-416.17010498046875

Migration Barrier,2.141693115234375
