Image,Energy (eV)
0,-839.5057373046875
1,-838.6411743164062
2,-838.4879760742188
3,-839.284423828125
4,-839.623779296875

Migration Barrier,1.13580322265625
