Image Index,Energy (eV)
0,-251.53394
1,-251.19897
2,-250.51924
3,-250.11266
4,-250.14787

Migration Barrier,1.4212799
