Image Index,Energy (eV)
0,-480.0760742333285
1,-479.69811095118985
2,-479.18666678398813
3,-479.69865065627755
4,-480.0760742333285

Migration Barrier,0.8894074493403537
