Image,Energy (eV)
0,-222.2793426513672
1,-221.73394775390625
2,-220.95372009277344
3,-220.99830627441406
4,-221.18270874023438

Migration Barrier,1.32562255859375
