Image Index,Energy (eV)
0,-443.1263
1,-443.11792
2,-443.0744
3,-442.9228
4,-443.1263

Migration Barrier,0.20352173
