Image Index,Energy (eV)
0,-251.56787109375
1,-250.94482421875
2,-249.99932861328125
3,-249.4186248779297
4,-249.5007781982422

Migration Barrier,2.1492462158203125
