Image Index,Energy (eV)
0,-339.41583
1,-339.0123
2,-339.13034
3,-339.63245
4,-339.79584

Migration Barrier,0.7835388
