Image Index,Energy (eV)
0,-840.7867
1,-840.7194
2,-840.45605
3,-840.63245
4,-840.8511

Migration Barrier,0.39501953
