Image Index,Energy (eV)
0,-479.15256
1,-479.31003
2,-479.35602
3,-479.29922
4,-479.13623

Migration Barrier,0.2197876
