Image Index,Energy (eV)
0,-556.3307
1,-556.32886
2,-556.35986
3,-556.3288
4,-556.3306

Migration Barrier,0.031066895
