Image,Energy (eV)
0,-707.7275390625
1,-707.2965087890625
2,-706.7840576171875
3,-707.2997436523438
4,-707.7249755859375

Migration Barrier,0.9434814453125
