Image Index,Energy (eV)
0,-880.3827
1,-879.9389
2,-879.84985
3,-879.939
4,-880.3831

Migration Barrier,0.53326416
