Image,Energy (eV)
0,-701.4404296875
1,-700.8657836914062
2,-700.5162963867188
3,-700.86865234375
4,-701.436767578125

Migration Barrier,0.92413330078125
