Image Index,Energy (eV)
0,-695.1732454101748
1,-694.9545538098432
2,-694.4621926096008
3,-694.9546274540062
4,-695.1732454101749

Migration Barrier,0.7110528005740662
