Image Index,Energy (eV)
0,-829.5091
1,-829.40265
2,-829.19556
3,-829.40564
4,-829.51276

Migration Barrier,0.3171997
