Image,Energy (eV)
0,-325.1007385253906
1,-324.6388244628906
2,-324.395263671875
3,-324.63671875
4,-325.1019287109375

Migration Barrier,0.7066650390625
