Image Index,Energy (eV)
0,-679.3455810546875
1,-679.0035400390625
2,-679.0164184570312
3,-679.20263671875
4,-679.4424438476562

Migration Barrier,0.43890380859375
