Image,Energy (eV)
0,-719.441162109375
1,-718.9603881835938
2,-718.9664916992188
3,-718.817138671875
4,-719.4364624023438

Migration Barrier,0.6240234375
