Image Index,Energy (eV)
0,-318.2249755859375
1,-317.8619689941406
2,-318.0487060546875
3,-317.8619689941406
4,-318.2249755859375

Migration Barrier,0.363006591796875
