Image Index,Energy (eV)
0,-523.940977138082
1,-523.9345798390773
2,-523.9033122212732
3,-523.8941018942437
4,-523.8799564223909

Migration Barrier,0.06102071569102918
