Image Index,Energy (eV)
0,-203.07958984375
1,-202.1151885986328
2,-200.56149291992188
3,-200.50294494628906
4,-200.9881134033203

Migration Barrier,2.5766448974609375
