Image Index,Energy (eV)
0,-784.98016
1,-783.9054
2,-782.00635
3,-783.7806
4,-784.90405

Migration Barrier,2.973816
