Image Index,Energy (eV)
0,-1942.4086640952078
1,-1942.0244133939575
2,-1941.5262912099734
3,-1942.048821259624
4,-1942.4353164108559

Migration Barrier,0.9090252008825246
