Image,Energy (eV)
0,-781.0266723632812
1,-780.3837280273438
2,-780.3499145507812
3,-780.3832397460938
4,-781.0259399414062

Migration Barrier,0.6767578125
