Image Index,Energy (eV)
0,-264.1700744628906
1,-264.11246
2,-263.87784
3,-263.5771
4,-263.32355
5,-263.22253
6,-263.24634
7,-263.3454
8,-263.4120178222656

Migration Barrier,0.9475403
