Image Index,Energy (eV)
0,-885.747314453125
1,-879.048828125
2,-876.0347290039062
3,-878.335693359375
4,-885.747802734375

Migration Barrier,9.71307373046875
