Image Index,Energy (eV)
0,-703.4281005859375
1,-703.24169921875
2,-703.1341552734375
3,-703.253173828125
4,-703.4241333007812

Migration Barrier,0.2939453125
