Image Index,Energy (eV)
0,-203.09528888581485
1,-202.64544273665894
2,-202.78464719268803
3,-202.64544273665896
4,-203.09528888581485

Migration Barrier,0.4498461491559169
