Image,Energy (eV)
0,-722.3958129882812
1,-722.21630859375
2,-722.0305786132812
3,-722.2278442382812
4,-722.3899536132812

Migration Barrier,0.365234375
