Image Index,Energy (eV)
0,-745.8846435546875
1,-745.542724609375
2,-744.9646606445312
3,-745.2349243164062
4,-745.89013671875

Migration Barrier,0.92547607421875
