Image Index,Energy (eV)
0,-558.2684793389021
1,-558.210693740353
2,-558.2315369883172
3,-558.1572696532731
4,-558.2669636426166

Migration Barrier,0.11120968562897815
