Image,Energy (eV)
0,-1952.4490966796875
1,-1952.0753173828125
2,-1951.55810546875
3,-1952.0841064453125
4,-1952.46533203125

Migration Barrier,0.9072265625
