Image Index,Energy (eV)
0,-214.962158203125
1,-214.53536987304688
2,-213.46543884277344
3,-212.95521545410156
4,-213.0740509033203

Migration Barrier,2.0069427490234375
