Image Index,Energy (eV)
0,-325.2742
1,-324.99893
2,-324.71014
3,-324.99857
4,-325.27432

Migration Barrier,0.56417847
