Image,Energy (eV)
0,-1186.6915283203125
1,-1186.25537109375
2,-1185.5927734375
3,-1186.132080078125
4,-1186.6878662109375

Migration Barrier,1.0987548828125
