Image Index,Energy (eV)
0,-902.599206013934
1,-902.375128665702
2,-902.0651622564762
3,-902.4022942055914
4,-902.631472690484

Migration Barrier,0.5663104340077325
