Image,Energy (eV)
0,-1026.7420654296875
1,-1025.8218994140625
2,-1024.6861572265625
3,-1025.8258056640625
4,-1026.752197265625

Migration Barrier,2.0660400390625
