Image Index,Energy (eV)
0,-855.87415
1,-854.7838
2,-853.0991
3,-854.68787
4,-855.79694

Migration Barrier,2.7750244
