Image Index,Energy (eV)
0,-627.32025
1,-627.1252
2,-627.0304
3,-627.12646
4,-627.3133

Migration Barrier,0.28985596
