Image Index,Energy (eV)
0,-812.5626220703125
1,-811.8182373046875
2,-811.52099609375
3,-811.8182983398438
4,-812.5626220703125

Migration Barrier,1.0416259765625
