Image Index,Energy (eV)
0,-862.2107543945312
1,-862.07666015625
2,-861.8916625976562
3,-862.07666015625
4,-862.2107543945312

Migration Barrier,0.319091796875
