Image Index,Energy (eV)
0,-329.63672
1,-329.5478
2,-329.71606
3,-329.54373
4,-329.6364

Migration Barrier,0.17233276
