Image,Energy (eV)
0,-839.7147216796875
1,-839.6834106445312
2,-839.794921875
3,-839.8374633789062
4,-839.9706420898438

Migration Barrier,0.2872314453125
