Image Index,Energy (eV)
0,-842.60986
1,-842.55475
2,-842.32367
3,-842.5293
4,-842.6089

Migration Barrier,0.28619385
