Image,Energy (eV)
0,-135.92535400390625
1,-135.82958984375
2,-135.6514129638672
3,-135.8306884765625
4,-135.9239044189453

Migration Barrier,0.2739410400390625
