Image,Energy (eV)
0,-282.18988037109375
1,-282.08123779296875
2,-281.6019287109375
3,-281.07586669921875
4,-281.12261962890625
5,-281.4858093261719
6,-281.8249206542969
7,-281.99737548828125
8,-282.1469421386719

Migration Barrier,1.114013671875
