Image,Energy (eV)
0,-312.3695068359375
1,-311.864013671875
2,-312.0065612792969
3,-311.8626403808594
4,-312.3686828613281

Migration Barrier,0.506866455078125
