Image,Energy (eV)
0,-529.3826293945312
1,-529.053466796875
2,-528.524658203125
3,-529.0498046875
4,-529.3839721679688

Migration Barrier,0.85931396484375
