Image Index,Energy (eV)
0,-330.82697
1,-329.99225
2,-329.602
3,-329.76862
4,-330.73413

Migration Barrier,1.2249756
