Image,Energy (eV)
0,-890.4705810546875
1,-889.6982421875
2,-888.9178466796875
3,-890.04931640625
4,-890.6810302734375

Migration Barrier,1.76318359375
