Image Index,Energy (eV)
0,-177.45987
1,-176.91586
2,-176.40823
3,-176.91573
4,-177.45987

Migration Barrier,1.0516357
