Image Index,Energy (eV)
0,-179.75552796111063
1,-179.02137836793187
2,-178.06332977999418
3,-179.0207386307552
4,-179.75552796111063

Migration Barrier,1.6921981811164528
