Image Index,Energy (eV)
0,-376.4259045256635
1,-375.85732542194944
2,-375.06620579324465
3,-375.9486794735268
4,-376.26437583973717

Migration Barrier,1.359698732418849
