Image Index,Energy (eV)
0,-360.63617
1,-360.28137
2,-359.68335
3,-360.2123
4,-360.61902

Migration Barrier,0.9528198
