Image Index,Energy (eV)
0,-632.7562
1,-632.3848
2,-631.67633
3,-632.3475
4,-632.76733

Migration Barrier,1.0910034
