Image Index,Energy (eV)
0,-291.1773986816406
1,-291.14172
2,-291.05807
3,-290.94116
4,-290.7221
5,-290.5682
6,-290.75546
7,-291.01556
8,-291.09552001953125

Migration Barrier,0.6091919
