Image Index,Energy (eV)
0,-838.2291
1,-838.0597
2,-837.8743
3,-838.1633
4,-838.36884

Migration Barrier,0.49450684
