Image Index,Energy (eV)
0,-287.06463623046875
1,-286.71234130859375
2,-286.90106201171875
3,-286.71234130859375
4,-287.06463623046875

Migration Barrier,0.352294921875
