Image Index,Energy (eV)
0,-496.68118
1,-496.68097
2,-496.6637
3,-496.68124
4,-496.68112

Migration Barrier,0.017547607
