Image Index,Energy (eV)
0,-419.85898
1,-419.25766
2,-418.68256
3,-419.22653
4,-419.57263

Migration Barrier,1.1764221
