Image Index,Energy (eV)
0,-716.1171988823248
1,-715.385005373217
2,-714.1454519214038
3,-715.3850425047793
4,-716.1171988823248

Migration Barrier,1.9717469609209957
