Image Index,Energy (eV)
0,-727.3709
1,-726.78735
2,-726.0859
3,-726.7897
4,-727.3691

Migration Barrier,1.2850342
