Image Index,Energy (eV)
0,-328.9161355395062
1,-328.4619722317698
2,-328.91661932018366
3,-328.46197223065815
4,-328.91613552467004

Migration Barrier,0.45464708952550836
