Image,Energy (eV)
0,-859.6729125976562
1,-859.6984252929688
2,-859.832275390625
3,-859.687744140625
4,-859.6620483398438

Migration Barrier,0.17022705078125
