Image Index,Energy (eV)
0,-781.1271
1,-780.9579
2,-780.5919
3,-780.9648
4,-781.12726

Migration Barrier,0.53533936
