Image Index,Energy (eV)
0,-908.3427734375
1,-906.9384765625
2,-904.28076171875
3,-907.1326904296875
4,-908.34130859375

Migration Barrier,4.06201171875
