Image Index,Energy (eV)
0,-718.2987060546875
1,-718.1268310546875
2,-717.9544677734375
3,-718.1268310546875
4,-718.2987060546875

Migration Barrier,0.34423828125
