Image Index,Energy (eV)
0,-734.2075001156792
1,-734.0201023100959
2,-733.9103136560373
3,-734.0200650095082
4,-734.2075152683225

Migration Barrier,0.297201612285221
