Image,Energy (eV)
0,-639.42919921875
1,-638.540283203125
2,-637.7137451171875
3,-638.5562744140625
4,-639.4349365234375

Migration Barrier,1.72119140625
