Image Index,Energy (eV)
0,-719.15533
1,-718.79065
2,-718.8916
3,-718.79065
4,-719.15533

Migration Barrier,0.36468506
