Image Index,Energy (eV)
0,-753.5643
1,-752.75354
2,-754.03186
3,-753.29755
4,-753.9942

Migration Barrier,1.2783203
