Image Index,Energy (eV)
0,-851.531005859375
1,-851.3524169921875
2,-851.229736328125
3,-851.3521728515625
4,-851.531005859375

Migration Barrier,0.30126953125
