Image Index,Energy (eV)
0,-340.6604
1,-340.37906
2,-340.2873
3,-340.37903
4,-340.6604

Migration Barrier,0.3731079
