Image,Energy (eV)
0,-432.49822998046875
1,-432.2536315917969
2,-431.93756103515625
3,-432.25201416015625
4,-432.49945068359375

Migration Barrier,0.5618896484375
