Image Index,Energy (eV)
0,-248.52812
1,-248.40817
2,-247.98904
3,-247.2891
4,-246.86633
5,-247.27542
6,-247.97534
7,-248.40262
8,-248.52682

Migration Barrier,1.661789
