Image,Energy (eV)
0,-799.2333374023438
1,-798.9432373046875
2,-798.7614135742188
3,-798.9364624023438
4,-799.2245483398438

Migration Barrier,0.471923828125
