Image Index,Energy (eV)
0,-379.2087112853532
1,-378.9869226003573
2,-379.0541504418676
3,-378.98770328663494
4,-379.21028992092397

Migration Barrier,0.22336732056669462
