Image Index,Energy (eV)
0,-321.40997314453125
1,-320.9046630859375
2,-320.06195068359375
3,-320.84979248046875
4,-321.407958984375

Migration Barrier,1.3480224609375
