Image,Energy (eV)
0,-805.7240600585938
1,-805.4800415039062
2,-805.3663940429688
3,-805.4927978515625
4,-805.7294921875

Migration Barrier,0.36309814453125
