Image Index,Energy (eV)
0,-281.1748835746605
1,-280.518844770445
2,-279.83098131699694
3,-279.608267411393
4,-279.9821038765467

Migration Barrier,1.566616163267497
