Image,Energy (eV)
0,-315.5979309082031
1,-315.1982727050781
2,-315.3646240234375
3,-315.20513916015625
4,-315.5972900390625

Migration Barrier,0.399658203125
