Image Index,Energy (eV)
0,-315.15553154688223
1,-314.70484790776555
2,-315.10105392785414
3,-314.70484852250655
4,-315.155532081049

Migration Barrier,0.4506841732834346
