Image Index,Energy (eV)
0,-334.7923
1,-334.51907
2,-334.70062
3,-334.51907
4,-334.7923

Migration Barrier,0.27322388
