Image Index,Energy (eV)
0,-764.0426
1,-763.91296
2,-763.9153
3,-763.91296
4,-764.0426

Migration Barrier,0.12963867
