Image Index,Energy (eV)
0,-799.106689453125
1,-798.8282470703125
2,-798.6404418945312
3,-798.8282470703125
4,-799.106689453125

Migration Barrier,0.46624755859375
