Image Index,Energy (eV)
0,-377.39178
1,-377.0898
2,-376.20264
3,-376.91107
4,-377.4465

Migration Barrier,1.243866
