Image Index,Energy (eV)
0,-418.42462
1,-417.87567
2,-417.26788
3,-417.74368
4,-418.16843

Migration Barrier,1.1567383
