Image Index,Energy (eV)
0,-839.6380615234375
1,-839.387939453125
2,-839.0888061523438
3,-839.2144775390625
4,-839.3631591796875

Migration Barrier,0.54925537109375
