Image Index,Energy (eV)
0,-798.8189697265625
1,-798.610595703125
2,-798.5304565429688
3,-798.6785888671875
4,-798.9749145507812

Migration Barrier,0.4444580078125
