Image Index,Energy (eV)
0,-804.6455078125
1,-804.6763916015625
2,-804.748046875
3,-804.6798095703125
4,-804.643798828125

Migration Barrier,0.104248046875
