Image,Energy (eV)
0,-726.8665161132812
1,-726.6959838867188
2,-726.244873046875
3,-726.7017822265625
4,-726.87060546875

Migration Barrier,0.625732421875
