Image Index,Energy (eV)
0,-796.2153605416945
1,-796.1237568069275
2,-795.7953237042913
3,-795.8886653568333
4,-796.2153605416945

Migration Barrier,0.42003683740324504
