Image,Energy (eV)
0,-416.8734130859375
1,-416.6003723144531
2,-416.8508605957031
3,-416.5921936035156
4,-416.87445068359375

Migration Barrier,0.282257080078125
