Image Index,Energy (eV)
0,-378.5429
1,-378.6919
2,-378.87448
3,-378.69193
4,-378.54294

Migration Barrier,0.3315735
