Image Index,Energy (eV)
0,-369.55136
1,-369.8517
2,-370.07678
3,-369.85126
4,-369.55136

Migration Barrier,0.52542114
