Image Index,Energy (eV)
0,-795.2309
1,-795.08484
2,-794.83246
3,-795.0375
4,-795.35944

Migration Barrier,0.52697754
