Image Index,Energy (eV)
0,-324.91565
1,-324.7319
2,-324.66678
3,-324.7319
4,-324.91565

Migration Barrier,0.24887085
