Image Index,Energy (eV)
0,-575.387451171875
1,-575.026611328125
2,-575.350830078125
3,-575.026611328125
4,-575.387451171875

Migration Barrier,0.36083984375
