Image Index,Energy (eV)
0,-421.09003
1,-421.04642
2,-421.03387
3,-421.0477
4,-421.0911

Migration Barrier,0.05722046
