Image Index,Energy (eV)
0,-315.18063
1,-315.0955
2,-314.8125
3,-314.34467
4,-314.19812
5,-314.4121
6,-314.71298
7,-315.06534
8,-315.1777

Migration Barrier,0.9825134
