Image,Energy (eV)
0,-872.3699340820312
1,-871.4181518554688
2,-870.858642578125
3,-871.424072265625
4,-872.3670043945312

Migration Barrier,1.51129150390625
