Image Index,Energy (eV)
0,-287.69553
1,-287.43756
2,-287.64093
3,-287.43765
4,-287.69565

Migration Barrier,0.25808716
