Image,Energy (eV)
0,-285.33709716796875
1,-284.9730529785156
2,-285.23626708984375
3,-284.9742736816406
4,-285.33331298828125

Migration Barrier,0.364044189453125
