Image,Energy (eV)
0,-383.39826185703015
1,-383.3947265304148
2,-383.16546620996087
3,-382.7813934679395
4,-382.48348241313107
5,-382.4282809471316
6,-382.7483556182966
7,-383.10603788694465
8,-383.24005083065435

Migration Barrier,0.9699809098985384
