Image Index,Energy (eV)
0,-1087.872314453125
1,-1087.355224609375
2,-1086.87646484375
3,-1087.611572265625
4,-1088.259765625

Migration Barrier,1.38330078125
