Image Index,Energy (eV)
0,-473.17444
1,-473.1098
2,-473.1382
3,-473.11002
4,-473.17676

Migration Barrier,0.06695557
