Image,Energy (eV)
0,-933.59228515625
1,-933.0643920898438
2,-932.350830078125
3,-932.7020874023438
4,-933.0289916992188

Migration Barrier,1.241455078125
