Image,Energy (eV)
0,-379.6521911621094
1,-379.56878662109375
2,-379.3772277832031
3,-378.8981628417969
4,-378.3505859375
5,-378.3748779296875
6,-378.8531799316406
7,-379.16851806640625
8,-379.2818908691406

Migration Barrier,1.301605224609375
