Image Index,Energy (eV)
0,-251.53394
1,-251.46826
2,-251.22691
3,-250.84537
4,-250.57025
5,-250.35431
6,-250.15608
7,-250.14436
8,-250.14787

Migration Barrier,1.3895721
