Image Index,Energy (eV)
0,-307.8768198165263
1,-307.5121403428865
2,-307.1584983018158
3,-307.5121403389116
4,-307.87681983397306

Migration Barrier,0.7183215321572334
