Image Index,Energy (eV)
0,-945.3578
1,-944.8942
2,-944.195
3,-944.86005
4,-945.3776

Migration Barrier,1.1826172
