Image,Energy (eV)
0,-1875.8275146484375
1,-1875.12451171875
2,-1874.1229248046875
3,-1875.0914306640625
4,-1875.8341064453125

Migration Barrier,1.711181640625
