Image Index,Energy (eV)
0,-643.9935302734375
1,-643.630615234375
2,-643.6741943359375
3,-643.630615234375
4,-643.9935302734375

Migration Barrier,0.3629150390625
