Image Index,Energy (eV)
0,-839.6380615234375
1,-839.4896850585938
2,-839.443359375
3,-839.3162841796875
4,-839.3631591796875

Migration Barrier,0.32177734375
