Image Index,Energy (eV)
0,-281.36737
1,-281.1377
2,-280.94925
3,-281.01862
4,-281.157

Migration Barrier,0.41812134
