Image Index,Energy (eV)
0,-386.20554
1,-385.7752
2,-385.7676
3,-385.77536
4,-386.20554

Migration Barrier,0.43792725
