Image,Energy (eV)
0,-254.88955688476562
1,-254.8829345703125
2,-254.84373474121094
3,-254.37220764160156
4,-252.93966674804688

Migration Barrier,1.94989013671875
