Image Index,Energy (eV)
0,-366.9070129394531
1,-366.5810546875
2,-366.6673583984375
3,-366.5811462402344
4,-366.906982421875

Migration Barrier,0.325958251953125
