Image Index,Energy (eV)
0,-314.0122375488281
1,-313.70489501953125
2,-313.58160400390625
3,-313.70489501953125
4,-314.01226806640625

Migration Barrier,0.4306640625
