Image Index,Energy (eV)
0,-634.5402
1,-634.3017
2,-634.3369
3,-634.30255
4,-634.53174

Migration Barrier,0.23852539
