Image Index,Energy (eV)
0,-718.37384
1,-718.0155
2,-718.382
3,-718.0155
4,-718.37384

Migration Barrier,0.3665161
