Image Index,Energy (eV)
0,-120.03114367934297
1,-119.87115627641857
2,-118.95034872944541
3,-119.86869770729878
4,-120.03114367918025

Migration Barrier,1.080794949897566
