Image Index,Energy (eV)
0,-325.90445
1,-325.549
2,-324.97168
3,-325.47128
4,-325.9042

Migration Barrier,0.9327698
