Image Index,Energy (eV)
0,-558.2669636426167
1,-558.1537746452053
2,-558.0336046761571
3,-558.0832915050387
4,-558.2684793389021

Migration Barrier,0.23487466274502822
