Image Index,Energy (eV)
0,-408.40054
1,-408.04263
2,-407.5023
3,-407.9052
4,-408.3622

Migration Barrier,0.8982544
