Image Index,Energy (eV)
0,-460.1389
1,-459.7479
2,-459.93582
3,-459.74768
4,-460.1389

Migration Barrier,0.39120483
