Image Index,Energy (eV)
0,-386.49527
1,-386.13913
2,-385.2424
3,-385.85916
4,-386.29712

Migration Barrier,1.2528687
