Image Index,Energy (eV)
0,-937.09784
1,-936.90704
2,-936.5747
3,-936.90704
4,-937.0978

Migration Barrier,0.5231323
