Image Index,Energy (eV)
0,-621.63776
1,-620.74445
2,-620.07416
3,-620.7401
4,-621.6358

Migration Barrier,1.5635986
