Image Index,Energy (eV)
0,-987.11755
1,-986.67865
2,-986.1494
3,-986.67847
4,-987.11743

Migration Barrier,0.96813965
