Image Index,Energy (eV)
0,-726.8676
1,-726.578
2,-726.49896
3,-726.5815
4,-726.8676

Migration Barrier,0.36865234
