Image Index,Energy (eV)
0,-306.7928516122276
1,-306.44968621070126
2,-306.9648451992723
3,-306.4496862110958
4,-306.79285161014775

Migration Barrier,0.515158988571045
