Image Index,Energy (eV)
0,-316.78262520841264
1,-316.21289408720827
2,-316.5333563634601
3,-316.2139103128086
4,-316.78163392550664

Migration Barrier,0.5697311212043701
