Image Index,Energy (eV)
0,-3072.7390793357677
1,-3072.5358051158714
2,-3072.5091623202143
3,-3072.535729246397
4,-3072.739087238023

Migration Barrier,0.2299249178086029
