Image Index,Energy (eV)
0,-838.089599609375
1,-837.9747314453125
2,-838.2014770507812
3,-837.9747314453125
4,-838.0895385742188

Migration Barrier,0.22674560546875
