Image Index,Energy (eV)
0,-899.3914348967961
1,-899.3343260977341
2,-899.2460270610743
3,-899.3343260977338
4,-899.3914348967961

Migration Barrier,0.14540783572181226
