Image Index,Energy (eV)
0,-2183.2260359997917
1,-2183.013172195903
2,-2182.709267101638
3,-2183.013173996054
4,-2183.226035995787

Migration Barrier,0.516768898153714
