Image Index,Energy (eV)
0,-715.7506
1,-715.6279
2,-715.4659
3,-715.55994
4,-715.7014

Migration Barrier,0.284729
