Image Index,Energy (eV)
0,-727.0294189453125
1,-726.8765869140625
2,-726.4285278320312
3,-726.8802490234375
4,-727.0294189453125

Migration Barrier,0.60089111328125
