Image Index,Energy (eV)
0,-729.4004992933314
1,-729.1381129375811
2,-728.9368574635791
3,-729.1380986459081
4,-729.4005003148732

Migration Barrier,0.4636428512940256
