Image Index,Energy (eV)
0,-838.6748046875
1,-838.3887939453125
2,-837.926025390625
3,-838.3888549804688
4,-838.6748657226562

Migration Barrier,0.74884033203125
