Image Index,Energy (eV)
0,-745.9544677734375
1,-745.9229125976562
2,-746.029052734375
3,-745.9229736328125
4,-745.9544677734375

Migration Barrier,0.10614013671875
