Image Index,Energy (eV)
0,-1651.044921875
1,-1650.76171875
2,-1650.52392578125
3,-1650.76171875
4,-1651.044921875

Migration Barrier,0.52099609375
