Image Index,Energy (eV)
0,-281.176025390625
1,-281.17447
2,-281.06967
3,-280.87
4,-280.72803
5,-280.74072
6,-280.82025
7,-280.93637
8,-280.9764709472656

Migration Barrier,0.44799805
