Image Index,Energy (eV)
0,-838.2291
1,-838.13855
2,-837.862
3,-837.95685
4,-838.2291

Migration Barrier,0.36712646
