Image Index,Energy (eV)
0,-179.75552796111074
1,-177.7504684358094
2,-178.05180022230147
3,-177.750278386529
4,-179.75552796111063

Migration Barrier,2.0052495745817396
