Image Index,Energy (eV)
0,-798.7563
1,-798.06024
2,-797.2495
3,-798.0653
4,-798.7562

Migration Barrier,1.5067749
