Image,Energy (eV)
0,-278.87481689453125
1,-277.9722900390625
2,-276.817138671875
3,-277.9705505371094
4,-278.8743896484375

Migration Barrier,2.05767822265625
