Image,Energy (eV)
0,-379.6517333984375
1,-379.2754821777344
2,-378.1261901855469
3,-378.7320861816406
4,-379.283203125

Migration Barrier,1.525543212890625
