Image Index,Energy (eV)
0,-892.10114
1,-891.6074
2,-891.63666
3,-891.6074
4,-892.10114

Migration Barrier,0.49371338
