Image Index,Energy (eV)
0,-837.90814
1,-837.76276
2,-837.7016
3,-837.7627
4,-837.90814

Migration Barrier,0.20654297
