Image Index,Energy (eV)
0,-851.9909057617188
1,-851.869384765625
2,-851.721435546875
3,-851.8624267578125
4,-852.110107421875

Migration Barrier,0.388671875
