Image Index,Energy (eV)
0,-1566.6686311133813
1,-1566.5065447685915
2,-1566.3284958802124
3,-1566.5063906690423
4,-1566.6686306881809

Migration Barrier,0.34013523316889405
