Image Index,Energy (eV)
0,-707.3580322265625
1,-706.4822387695312
2,-706.63525390625
3,-707.3369140625
4,-707.9443359375

Migration Barrier,1.46209716796875
