Image Index,Energy (eV)
0,-824.45166
1,-823.7734
2,-823.72754
3,-823.4589
4,-824.74524

Migration Barrier,1.2863159
