Image Index,Energy (eV)
0,-628.2373046875
1,-627.6441650390625
2,-627.0093994140625
3,-627.6414184570312
4,-628.23779296875

Migration Barrier,1.2283935546875
