Image,Energy (eV)
0,-855.2847900390625
1,-855.0302124023438
2,-854.78125
3,-855.0352783203125
4,-855.2843017578125

Migration Barrier,0.5035400390625
