Image,Energy (eV)
0,-471.958251953125
1,-471.44903564453125
2,-470.4873046875
3,-471.3739929199219
4,-471.9676208496094

Migration Barrier,1.480316162109375
