Image Index,Energy (eV)
0,-466.6253662109375
1,-466.617431640625
2,-466.5771484375
3,-466.6156005859375
4,-466.6171569824219

Migration Barrier,0.0482177734375
