Image Index,Energy (eV)
0,-462.33572
1,-461.9008
2,-462.082
3,-461.9008
4,-462.33572

Migration Barrier,0.43493652
