Image Index,Energy (eV)
0,-970.0229
1,-969.53784
2,-969.39655
3,-969.84064
4,-969.9525

Migration Barrier,0.6263428
