Image,Energy (eV)
0,-841.4768676757812
1,-841.2962036132812
2,-841.0496215820312
3,-841.2922973632812
4,-841.4719848632812

Migration Barrier,0.42724609375
