Image Index,Energy (eV)
0,-780.7017999244033
1,-780.3774949244394
2,-780.1614074955767
3,-780.377392790675
4,-780.7018127956337

Migration Barrier,0.5404053000570457
