Image Index,Energy (eV)
0,-286.74249267578125
1,-286.3863525390625
2,-286.58880615234375
3,-286.3863525390625
4,-286.74249267578125

Migration Barrier,0.35614013671875
