Image,Energy (eV)
0,-294.9302978515625
1,-294.87396240234375
2,-294.6614990234375
3,-294.4930419921875
4,-294.7651062011719
5,-295.4673767089844
6,-295.6014404296875
7,-295.5458679199219
8,-295.571044921875

Migration Barrier,1.1083984375
