Image Index,Energy (eV)
0,-838.2291
1,-838.13873
2,-837.86224
3,-837.95575
4,-838.2291

Migration Barrier,0.36688232
