Image Index,Energy (eV)
0,-345.0426628728978
1,-344.6631853955447
2,-344.61940411692746
3,-344.66321127919963
4,-345.0426628005891

Migration Barrier,0.42325875597032336
