Image Index,Energy (eV)
0,-231.2466
1,-231.10905
2,-230.43219
3,-230.31052
4,-230.47243

Migration Barrier,0.93608093
