Image,Energy (eV)
0,-558.119140625
1,-558.1296997070312
2,-558.1879272460938
3,-558.28857421875
4,-558.39453125

Migration Barrier,0.275390625
