Image Index,Energy (eV)
0,-374.0018615722656
1,-373.83740234375
2,-373.3614807128906
3,-372.62139892578125
4,-372.4625244140625
5,-372.6932373046875
6,-372.95953369140625
7,-373.4283447265625
8,-373.59747314453125

Migration Barrier,1.539337158203125
