Image Index,Energy (eV)
0,-798.7562
1,-798.7932
2,-798.68646
3,-798.7934
4,-798.7562

Migration Barrier,0.106933594
