Image Index,Energy (eV)
0,-339.6615905761719
1,-339.5259704589844
2,-339.513427734375
3,-339.5265808105469
4,-339.66162109375

Migration Barrier,0.148193359375
