Image Index,Energy (eV)
0,-969.0768359575426
1,-968.5667186913795
2,-968.087690640428
3,-968.7779732403749
4,-969.3996322450676

Migration Barrier,1.3119416046395145
