Image Index,Energy (eV)
0,-288.25978296377724
1,-287.7827458558616
2,-288.05545413553614
3,-287.7827458594408
4,-288.2597829618176

Migration Barrier,0.4770371079156348
