Image,Energy (eV)
0,-283.41986869456457
1,-283.30417350559543
2,-282.9189314230141
3,-282.4396188424426
4,-282.32227185794846
5,-282.5348041714723
6,-282.87516871987935
7,-283.0796593520081
8,-283.15844111980624

Migration Barrier,1.0975968366161055
