Image Index,Energy (eV)
0,-900.76263
1,-900.7436
2,-900.72656
3,-900.7436
4,-900.76263

Migration Barrier,0.036071777
