Image Index,Energy (eV)
0,-913.7321113580583
1,-912.4186758241005
2,-911.311287565678
3,-912.8184839682438
4,-913.7246049625796

Migration Barrier,2.420823792380361
