Image,Energy (eV)
0,-403.3157958984375
1,-402.7015075683594
2,-401.8510437011719
3,-402.51611328125
4,-403.3162536621094

Migration Barrier,1.4652099609375
