Image,Energy (eV)
0,-737.3792724609375
1,-737.2019653320312
2,-737.1182861328125
3,-737.2086791992188
4,-737.3822631835938

Migration Barrier,0.26397705078125
