Image Index,Energy (eV)
0,-987.79504
1,-987.4212
2,-986.96106
3,-987.29913
4,-987.56036

Migration Barrier,0.8339844
