Image Index,Energy (eV)
0,-731.1387
1,-730.244
2,-731.06165
3,-730.56964
4,-731.1377

Migration Barrier,0.8946533
