Image Index,Energy (eV)
0,-352.38861083984375
1,-351.9339599609375
2,-352.1563720703125
3,-351.9339599609375
4,-352.38861083984375

Migration Barrier,0.45465087890625
