Image Index,Energy (eV)
0,-931.5812556696445
1,-931.4256665212304
2,-931.3192788953706
3,-931.4257411713245
4,-931.5812560470671

Migration Barrier,0.261977151696442
