Image Index,Energy (eV)
0,-169.54549
1,-169.42856
2,-169.21628
3,-169.42865
4,-169.54512

Migration Barrier,0.32920837
