Image Index,Energy (eV)
0,-1161.0927493545553
1,-1160.9091247642898
2,-1160.5299148593292
3,-1160.9095067188257
4,-1161.090657740659

Migration Barrier,0.5628344952260704
