Image,Energy (eV)
0,-773.4384765625
1,-773.41748046875
2,-772.9990234375
3,-773.4225463867188
4,-773.4354858398438

Migration Barrier,0.439453125
