Image,Energy (eV)
0,-2247.482666015625
1,-2247.156005859375
2,-2247.133544921875
3,-2247.1494140625
4,-2247.48046875

Migration Barrier,0.34912109375
