Image,Energy (eV)
0,-285.7186584472656
1,-285.3585205078125
2,-285.6045227050781
3,-285.35687255859375
4,-285.7169189453125

Migration Barrier,0.361785888671875
