Image Index,Energy (eV)
0,-652.579
1,-652.5048
2,-652.47784
3,-652.50244
4,-652.57434

Migration Barrier,0.101135254
