Image Index,Energy (eV)
0,-331.43310546875
1,-331.04541015625
2,-331.56439208984375
3,-331.0454406738281
4,-331.43310546875

Migration Barrier,0.51898193359375
