Image Index,Energy (eV)
0,-1088.9853045783827
1,-1088.6998617219501
2,-1088.2654247013716
3,-1088.671471215242
4,-1088.9697583865827

Migration Barrier,0.7198798770111807
