Image Index,Energy (eV)
0,-280.0211685742521
1,-279.42891952813414
2,-279.0008261464642
3,-278.99985682527205
4,-279.2190348842364

Migration Barrier,1.0213117489800538
