Image,Energy (eV)
0,-824.4989624023438
1,-823.8770751953125
2,-823.2805786132812
3,-823.8845825195312
4,-824.5079956054688

Migration Barrier,1.2274169921875
