Image Index,Energy (eV)
0,-291.35754
1,-291.26587
2,-290.99734
3,-290.89578
4,-291.3017

Migration Barrier,0.46176147
