Image Index,Energy (eV)
0,-899.31165
1,-899.1343
2,-899.1112
3,-899.2644
4,-899.4305

Migration Barrier,0.3192749
