Image Index,Energy (eV)
0,-498.0132761581435
1,-497.67045843292584
2,-497.2986862432227
3,-497.67050191243925
4,-498.0132761581435

Migration Barrier,0.7145899149208503
