Image,Energy (eV)
0,-759.9017944335938
1,-759.1563720703125
2,-759.3555297851562
3,-759.156982421875
4,-759.8963012695312

Migration Barrier,0.74542236328125
