Image Index,Energy (eV)
0,-301.69363
1,-301.5694
2,-301.15097
3,-300.4754
4,-300.0551
5,-300.47424
6,-301.1525
7,-301.58136
8,-301.70334

Migration Barrier,1.6482239
