Image,Energy (eV)
0,-3073.412353515625
1,-3073.18505859375
2,-3073.10302734375
3,-3073.184814453125
4,-3073.411376953125

Migration Barrier,0.309326171875
