Image Index,Energy (eV)
0,-885.3033447265625
1,-884.9425048828125
2,-884.3734130859375
3,-884.9443359375
4,-885.3033447265625

Migration Barrier,0.929931640625
