Image Index,Energy (eV)
0,-941.1732
1,-940.6573
2,-940.5326
3,-941.05426
4,-941.279

Migration Barrier,0.7463989
