Image Index,Energy (eV)
0,-725.4600104496038
1,-725.299507811858
2,-725.1267404392117
3,-725.2995114491536
4,-725.4600104495001

Migration Barrier,0.33327001039208426
