Image,Energy (eV)
0,-2517.448486328125
1,-2517.2626953125
2,-2517.158935546875
3,-2517.18017578125
4,-2517.44873046875

Migration Barrier,0.289794921875
