Image Index,Energy (eV)
0,-867.5445981569384
1,-866.5180043630979
2,-866.062046224021
3,-866.5496459289483
4,-867.5434640293699

Migration Barrier,1.4825519329174313
