Image Index,Energy (eV)
0,-287.9757995605469
1,-287.5190734863281
2,-287.86029052734375
3,-287.5190734863281
4,-287.97576904296875

Migration Barrier,0.45672607421875
