Image,Energy (eV)
0,-812.4182739257812
1,-811.7357177734375
2,-811.2953491210938
3,-811.7349853515625
4,-812.4199829101562

Migration Barrier,1.1246337890625
