Image Index,Energy (eV)
0,-299.7871
1,-299.5356
2,-299.50357
3,-300.07257
4,-300.28778

Migration Barrier,0.7842102
