Image Index,Energy (eV)
0,-687.9283367702349
1,-687.6449221693098
2,-687.1144049231422
3,-687.3824874432061
4,-687.9368520724332

Migration Barrier,0.8224471492910652
