Image Index,Energy (eV)
0,-1069.4302978515625
1,-1069.06689453125
2,-1068.4775390625
3,-1068.952880859375
4,-1069.436767578125

Migration Barrier,0.959228515625
