Image,Energy (eV)
0,-858.412109375
1,-858.3981323242188
2,-858.3593139648438
3,-858.4356079101562
4,-858.4447631835938

Migration Barrier,0.08544921875
