Image Index,Energy (eV)
0,-189.22048950195312
1,-188.86880493164062
2,-188.4861297607422
3,-188.86880493164062
4,-189.22048950195312

Migration Barrier,0.7343597412109375
