Image Index,Energy (eV)
0,-1180.4609375
1,-1180.0462646484375
2,-1179.408447265625
3,-1179.9193115234375
4,-1180.4791259765625

Migration Barrier,1.0706787109375
