Image Index,Energy (eV)
0,-658.7077
1,-658.6517
2,-658.59033
3,-658.6435
4,-658.6871

Migration Barrier,0.117370605
