Image Index,Energy (eV)
0,-406.99725
1,-406.78622
2,-406.10297
3,-406.74918
4,-407.00107

Migration Barrier,0.8981018
