Image Index,Energy (eV)
0,-679.4567537334655
1,-679.4543882992614
2,-679.5384338380711
3,-679.4542466705614
4,-679.4569088413349

Migration Barrier,0.08418716750975364
