Image Index,Energy (eV)
0,-352.29163
1,-351.996
2,-352.26465
3,-351.99542
4,-352.29163

Migration Barrier,0.2962036
