Image Index,Energy (eV)
0,-523.40015
1,-523.2655
2,-523.47815
3,-523.26587
4,-523.3988

Migration Barrier,0.21264648
