Image Index,Energy (eV)
0,-484.83477783203125
1,-484.6250305175781
2,-484.2244567871094
3,-484.6250305175781
4,-484.8348083496094

Migration Barrier,0.6103515625
