Image Index,Energy (eV)
0,-866.6287841796875
1,-866.5858764648438
2,-866.5825805664062
3,-866.586181640625
4,-866.6287841796875

Migration Barrier,0.04620361328125
