Image Index,Energy (eV)
0,-377.0956
1,-376.9359
2,-376.53683
3,-376.1228
4,-375.9127
5,-376.1885
6,-376.5802
7,-376.8208
8,-376.9328

Migration Barrier,1.1829224
