Image Index,Energy (eV)
0,-822.787038570241
1,-822.9316702578094
2,-822.6189369348343
3,-822.9319329858764
4,-822.787038570241

Migration Barrier,0.3129960510420915
