Image Index,Energy (eV)
0,-5294.4287109375
1,-5293.5986328125
2,-5292.712890625
3,-5293.630859375
4,-5294.44287109375

Migration Barrier,1.72998046875
