Image,Energy (eV)
0,-933.5787353515625
1,-933.2651977539062
2,-932.7613525390625
3,-933.1705932617188
4,-933.5817260742188

Migration Barrier,0.82037353515625
