Image Index,Energy (eV)
0,-831.0764770507812
1,-830.40771484375
2,-830.1978149414062
3,-830.411376953125
4,-831.0728149414062

Migration Barrier,0.878662109375
