Image Index,Energy (eV)
0,-171.84384155273438
1,-171.545166015625
2,-171.23397827148438
3,-171.54290771484375
4,-171.8389892578125

Migration Barrier,0.60986328125
