Image,Energy (eV)
0,-279.72025577917657
1,-279.58733280504845
2,-279.26702427096325
3,-278.9498476722295
4,-278.641940705598
5,-278.5702732131254
6,-278.697565675346
7,-278.926270249464
8,-279.02875389943244

Migration Barrier,1.1499825660511647
