Image Index,Energy (eV)
0,-232.41602
1,-232.16342
2,-231.67659
3,-231.46158
4,-231.52405

Migration Barrier,0.95443726
