Image Index,Energy (eV)
0,-795.6445
1,-795.50354
2,-795.373
3,-795.5014
4,-795.65295

Migration Barrier,0.27996826
