Image,Energy (eV)
0,-343.2552490234375
1,-342.86273193359375
2,-343.2226867675781
3,-342.86334228515625
4,-343.25799560546875

Migration Barrier,0.395263671875
