Image Index,Energy (eV)
0,-278.6853007547211
1,-278.06090536195865
2,-278.1463258920004
3,-278.0605378242078
4,-278.6853006417478

Migration Barrier,0.6247629305132705
