Image Index,Energy (eV)
0,-302.44833
1,-302.16077
2,-302.50186
3,-302.16077
4,-302.44827

Migration Barrier,0.34109497
