Image Index,Energy (eV)
0,-136.36685852126323
1,-136.48310603475215
2,-135.6766674924853
3,-136.48334574271277
4,-136.36685852126317

Migration Barrier,0.8066782502274634
