Image Index,Energy (eV)
0,-627.1627461682367
1,-626.8961582302359
2,-626.7548148074205
3,-626.8888546296732
4,-627.1612204114184

Migration Barrier,0.4079313608161783
