Image,Energy (eV)
0,-5297.373046875
1,-5297.0986328125
2,-5297.021484375
3,-5297.24267578125
4,-5297.2705078125

Migration Barrier,0.3515625
