Image Index,Energy (eV)
0,-254.98103
1,-254.58475
2,-253.91718
3,-253.51335
4,-253.57642

Migration Barrier,1.4676819
