Image Index,Energy (eV)
0,-216.53821
1,-216.37436
2,-216.2935
3,-216.3744
4,-216.53821

Migration Barrier,0.2447052
