Image Index,Energy (eV)
0,-320.54166
1,-320.2961
2,-320.21246
3,-320.29614
4,-320.54166

Migration Barrier,0.32919312
