Image Index,Energy (eV)
0,-286.3936462402344
1,-286.0315856933594
2,-286.2463684082031
3,-286.0315856933594
4,-286.3936462402344

Migration Barrier,0.362060546875
