Image Index,Energy (eV)
0,-727.0294189453125
1,-726.9797973632812
2,-726.85791015625
3,-726.9797973632812
4,-727.0294189453125

Migration Barrier,0.1715087890625
