Image Index,Energy (eV)
0,-516.6435
1,-516.02484
2,-516.48
3,-516.0245
4,-516.6425

Migration Barrier,0.61901855
