Image Index,Energy (eV)
0,-288.06522
1,-287.9628
2,-288.13892
3,-287.9628
4,-288.06522

Migration Barrier,0.17611694
