Image Index,Energy (eV)
0,-153.12410263274626
1,-152.17341833373277
2,-150.46300866923238
3,-152.18323276146106
4,-153.12410263274626

Migration Barrier,2.6610939635138777
