Image Index,Energy (eV)
0,-360.63617
1,-360.55185
2,-360.33585
3,-360.05475
4,-359.771
5,-359.83627
6,-360.2448
7,-360.53506
8,-360.619

Migration Barrier,0.86517334
