Image,Energy (eV)
0,-1184.2440185546875
1,-1183.8612060546875
2,-1182.572021484375
3,-1183.6162109375
4,-1184.671630859375

Migration Barrier,2.099609375
