Image,Energy (eV)
0,-1824.08935546875
1,-1823.947998046875
2,-1823.7666015625
3,-1823.951416015625
4,-1824.0941162109375

Migration Barrier,0.3275146484375
