Image Index,Energy (eV)
0,-353.10156
1,-353.10965
2,-353.0657
3,-353.1109
4,-353.10333

Migration Barrier,0.045196533
