Image Index,Energy (eV)
0,-628.965073189225
1,-628.9461214238004
2,-628.8710986639627
3,-628.9477263032358
4,-628.9646755282387

Migration Barrier,0.09397452526229699
