Image Index,Energy (eV)
0,-825.99164
1,-824.87146
2,-822.9999
3,-824.7919
4,-825.9708

Migration Barrier,2.9917603
