Image Index,Energy (eV)
0,-823.983159840757
1,-823.3950804299053
2,-823.3399484245499
3,-823.3950788552451
4,-823.9831594802714

Migration Barrier,0.643211416207123
