Image Index,Energy (eV)
0,-847.88184
1,-847.43134
2,-847.3685
3,-847.45435
4,-847.8474

Migration Barrier,0.51330566
