Image Index,Energy (eV)
0,-739.8323364257812
1,-739.6549072265625
2,-739.341552734375
3,-739.6546630859375
4,-739.829345703125

Migration Barrier,0.49078369140625
