Image Index,Energy (eV)
0,-354.96343994140625
1,-354.63970947265625
2,-354.1998291015625
3,-354.60400390625
4,-354.96246337890625

Migration Barrier,0.76361083984375
