Image Index,Energy (eV)
0,-268.24268
1,-268.11612
2,-267.8675
3,-267.78366
4,-268.12592

Migration Barrier,0.4590149
