Image Index,Energy (eV)
0,-257.81425286366397
1,-257.645629490703
2,-257.4640439179067
3,-257.5432344349364
4,-257.6100756161939

Migration Barrier,0.3502089457572879
