Image,Energy (eV)
0,-342.9125061035156
1,-342.2760314941406
2,-342.5335693359375
3,-342.93023681640625
4,-343.5426940917969

Migration Barrier,1.26666259765625
