Image,Energy (eV)
0,-406.2707824707031
1,-405.54034423828125
2,-404.5059509277344
3,-405.54290771484375
4,-406.2650451660156

Migration Barrier,1.76483154296875
