Image Index,Energy (eV)
0,-231.6197
1,-231.40051
2,-231.19666
3,-231.40048
4,-231.6197

Migration Barrier,0.42304993
