Image Index,Energy (eV)
0,-333.83538818359375
1,-333.9299621582031
2,-334.51446533203125
3,-333.929931640625
4,-333.83538818359375

Migration Barrier,0.6790771484375
