Image Index,Energy (eV)
0,-117.33222234364621
1,-117.40566703596953
2,-116.84000375168687
3,-117.40565770358897
4,-117.33222234364621

Migration Barrier,0.5656632842826639
