Image Index,Energy (eV)
0,-279.0895080566406
1,-278.7645568847656
2,-278.1423645019531
3,-278.0252990722656
4,-277.85223388671875
5,-277.8936767578125
6,-278.1407775878906
7,-278.42633056640625
8,-278.65582275390625

Migration Barrier,1.237274169921875
