Image Index,Energy (eV)
0,-661.919742173878
1,-661.7853873534112
2,-661.651482181602
3,-661.8878930488091
4,-662.0840050431431

Migration Barrier,0.4325228615410879
