Image Index,Energy (eV)
0,-321.30005
1,-321.40732
2,-321.66193
3,-321.37775
4,-321.29657

Migration Barrier,0.36535645
