Image Index,Energy (eV)
0,-304.44385
1,-303.85565
2,-303.444
3,-303.23526
4,-303.55048

Migration Barrier,1.2085876
