Image Index,Energy (eV)
0,-221.3748
1,-220.93553
2,-220.19504
3,-220.93558
4,-221.3748

Migration Barrier,1.1797638
