Image Index,Energy (eV)
0,-479.43903
1,-478.97623
2,-478.1509
3,-478.9821
4,-479.43884

Migration Barrier,1.2881165
