Image Index,Energy (eV)
0,-948.2325250963544
1,-948.0728732116723
2,-947.8460453570738
3,-948.0728819977533
4,-948.2325250963544

Migration Barrier,0.38647973928061674
