Image Index,Energy (eV)
0,-196.7894744873047
1,-196.28099060058594
2,-195.72589111328125
3,-196.03810119628906
4,-196.78936767578125

Migration Barrier,1.0635833740234375
