Image,Energy (eV)
0,-1373.4273681640625
1,-1373.37158203125
2,-1373.4107666015625
3,-1373.4664306640625
4,-1373.513427734375

Migration Barrier,0.141845703125
