Image Index,Energy (eV)
0,-303.2257995605469
1,-303.15848
2,-302.8681
3,-302.51157
4,-302.33905
5,-302.31207
6,-302.3574
7,-302.45886
8,-302.5046691894531

Migration Barrier,0.9137268
