Image Index,Energy (eV)
0,-939.5383
1,-939.52594
2,-939.58435
3,-939.525
4,-939.5383

Migration Barrier,0.059326172
