Image Index,Energy (eV)
0,-358.0879211425781
1,-358.95684814453125
2,-359.65240478515625
3,-359.0128173828125
4,-358.0872802734375

Migration Barrier,1.56512451171875
