Image Index,Energy (eV)
0,-484.14224
1,-483.419
2,-482.5065
3,-483.51938
4,-484.14642

Migration Barrier,1.6399231
