Image,Energy (eV)
0,-839.2715454101562
1,-839.0965576171875
2,-839.0493774414062
3,-839.237548828125
4,-839.5425415039062

Migration Barrier,0.4931640625
