Image Index,Energy (eV)
0,-256.55950927734375
1,-256.4264831542969
2,-256.1654052734375
3,-256.25323486328125
4,-256.3769836425781

Migration Barrier,0.39410400390625
