Image Index,Energy (eV)
0,-560.36376953125
1,-560.1781005859375
2,-560.08203125
3,-560.1846313476562
4,-560.3630981445312

Migration Barrier,0.28173828125
