Image Index,Energy (eV)
0,-725.4198753730336
1,-724.2835004748654
2,-725.2542688169243
3,-724.2834858626071
4,-725.4198753730336

Migration Barrier,1.1363895104265112
