Image Index,Energy (eV)
0,-798.8189697265625
1,-798.6143798828125
2,-798.21923828125
3,-798.4093017578125
4,-798.8189697265625

Migration Barrier,0.5997314453125
