Image Index,Energy (eV)
0,-289.49463
1,-289.08633
2,-289.3451
3,-289.0862
4,-289.4946

Migration Barrier,0.40841675
