Image Index,Energy (eV)
0,-587.9959716796875
1,-587.8656005859375
2,-587.4646606445312
3,-587.8532104492188
4,-587.9969482421875

Migration Barrier,0.53228759765625
