Image Index,Energy (eV)
0,-318.1489511780377
1,-317.80663073896295
2,-318.0837556957293
3,-317.80663073979497
4,-318.14895117822954

Migration Barrier,0.3423204392665866
