Image Index,Energy (eV)
0,-695.23236
1,-695.0634
2,-694.72534
3,-695.0636
4,-695.23236

Migration Barrier,0.50701904
