Image Index,Energy (eV)
0,-278.82965087890625
1,-278.0005187988281
2,-276.8479919433594
3,-278.00054931640625
4,-278.8296813964844

Migration Barrier,1.981689453125
