Image Index,Energy (eV)
0,-756.1296
1,-755.9561
2,-755.7708
3,-755.9562
4,-756.12964

Migration Barrier,0.35882568
