Image Index,Energy (eV)
0,-706.4071
1,-706.01044
2,-705.7106
3,-706.01044
4,-706.4071

Migration Barrier,0.6965332
