Image Index,Energy (eV)
0,-703.237184942871
1,-702.4465068767873
2,-702.3302436565947
3,-702.2782065582408
4,-703.7261682539371

Migration Barrier,1.4479616956963355
