Image Index,Energy (eV)
0,-558.2669636426166
1,-558.0617640623402
2,-557.9918682007595
3,-558.169817197886
4,-558.2684793389021

Migration Barrier,0.2766111381425844
