Image,Energy (eV)
0,-716.1156005859375
1,-716.0598754882812
2,-715.9934692382812
3,-716.0618286132812
4,-716.1151733398438

Migration Barrier,0.12213134765625
