Image Index,Energy (eV)
0,-798.8189697265625
1,-798.47802734375
2,-798.2667236328125
3,-798.47802734375
4,-798.8189697265625

Migration Barrier,0.55224609375
