Image Index,Energy (eV)
0,-426.55594
1,-427.02914
2,-427.04608
3,-426.978
4,-427.18134

Migration Barrier,0.6253967
