Image Index,Energy (eV)
0,-287.22058
1,-286.82047
2,-286.20703
3,-286.59256
4,-287.0674

Migration Barrier,1.0135498
