Image Index,Energy (eV)
0,-714.407958984375
1,-715.468994140625
2,-715.6962890625
3,-715.4690551757812
4,-714.407958984375

Migration Barrier,1.288330078125
