Image,Energy (eV)
0,-3235.837158203125
1,-3235.08837890625
2,-3234.086181640625
3,-3235.051025390625
4,-3235.82763671875

Migration Barrier,1.7509765625
