Image Index,Energy (eV)
0,-472.98758
1,-472.9995
2,-473.09433
3,-472.9976
4,-472.9775

Migration Barrier,0.11682129
