Image Index,Energy (eV)
0,-153.38296508789062
1,-152.531494140625
2,-151.16937255859375
3,-152.54071044921875
4,-153.38296508789062

Migration Barrier,2.213592529296875
