Image Index,Energy (eV)
0,-807.5839
1,-807.1934
2,-807.26904
3,-807.1935
4,-807.584

Migration Barrier,0.39056396
