Image Index,Energy (eV)
0,-350.1348
1,-349.50897
2,-348.8767
3,-349.55096
4,-349.9346

Migration Barrier,1.2580872
