Image Index,Energy (eV)
0,-796.360595703125
1,-796.2196044921875
2,-796.0364379882812
3,-796.2196044921875
4,-796.360595703125

Migration Barrier,0.32415771484375
