Image Index,Energy (eV)
0,-475.5619812011719
1,-475.3151550292969
2,-474.58648681640625
3,-475.3135681152344
4,-475.5640563964844

Migration Barrier,0.977569580078125
