Image Index,Energy (eV)
0,-972.03
1,-966.2047
2,-965.0415
3,-965.85114
4,-972.0269

Migration Barrier,6.9885254
