Image Index,Energy (eV)
0,-453.5008
1,-453.46826
2,-453.33768
3,-453.46838
4,-453.49957

Migration Barrier,0.16311646
