Image Index,Energy (eV)
0,-209.78909301757812
1,-209.21775817871094
2,-208.9858856201172
3,-209.353271484375
4,-209.72998046875

Migration Barrier,0.8032073974609375
