Image,Energy (eV)
0,-798.5855712890625
1,-798.3529052734375
2,-797.9356079101562
3,-798.1533813476562
4,-798.5858154296875

Migration Barrier,0.65020751953125
