Image Index,Energy (eV)
0,-1088.259765625
1,-1087.923828125
2,-1087.37841796875
3,-1087.796875
4,-1088.27197265625

Migration Barrier,0.8935546875
