Image Index,Energy (eV)
0,-338.93735
1,-338.5454
2,-338.56628
3,-338.50192
4,-338.9404

Migration Barrier,0.43847656
