Image Index,Energy (eV)
0,-460.956787109375
1,-459.9253845214844
2,-460.4364318847656
3,-459.9253845214844
4,-460.956787109375

Migration Barrier,1.031402587890625
