Image Index,Energy (eV)
0,-873.2744140625
1,-872.0133056640625
2,-873.1403198242188
3,-871.797607421875
4,-872.9939575195312

Migration Barrier,1.476806640625
