Image Index,Energy (eV)
0,-472.4346
1,-471.9532
2,-471.47302
3,-471.6771
4,-472.4346

Migration Barrier,0.96157837
