Image Index,Energy (eV)
0,-475.10772705078125
1,-474.5336608886719
2,-473.43695068359375
3,-474.5467224121094
4,-475.1105041503906

Migration Barrier,1.673553466796875
