Image Index,Energy (eV)
0,-655.4482558967413
1,-655.2978622955762
2,-655.0898623343431
3,-655.2954546266756
4,-655.45093648535

Migration Barrier,0.3610741510068465
