Image Index,Energy (eV)
0,-638.33417
1,-638.13873
2,-638.03546
3,-638.1519
4,-638.33655

Migration Barrier,0.30108643
