Image,Energy (eV)
0,-5297.36328125
1,-5297.2373046875
2,-5296.89990234375
3,-5296.92578125
4,-5297.2666015625

Migration Barrier,0.46337890625
