Image,Energy (eV)
0,-209.36236572265625
1,-208.4558868408203
2,-207.63555908203125
3,-206.29286193847656
4,-210.0134735107422

Migration Barrier,3.720611572265625
