Image Index,Energy (eV)
0,-281.3674
1,-280.70807
2,-280.2545
3,-280.70236
4,-281.08105

Migration Barrier,1.112915
