Image Index,Energy (eV)
0,-209.78909301757812
1,-209.00155639648438
2,-207.089111328125
3,-206.6426239013672
4,-210.37472534179688

Migration Barrier,3.7321014404296875
