Image,Energy (eV)
0,-323.9718933105469
1,-323.6251220703125
2,-323.13348388671875
3,-323.6238708496094
4,-323.970947265625

Migration Barrier,0.838409423828125
