Image,Energy (eV)
0,-1119.0648193359375
1,-1118.8558349609375
2,-1118.31884765625
3,-1118.76318359375
4,-1119.2742919921875

Migration Barrier,0.9554443359375
