Image Index,Energy (eV)
0,-795.38275
1,-795.2777
2,-794.9743
3,-795.07385
4,-795.38275

Migration Barrier,0.40844727
