Image Index,Energy (eV)
0,-885.90735
1,-885.5163
2,-885.7182
3,-885.7289
4,-885.90576

Migration Barrier,0.39105225
