Image Index,Energy (eV)
0,-703.4892578125
1,-703.3031005859375
2,-703.190185546875
3,-703.3179931640625
4,-703.48583984375

Migration Barrier,0.299072265625
