Image,Energy (eV)
0,-377.03704833984375
1,-376.41632080078125
2,-375.777099609375
3,-376.1036376953125
4,-376.5766296386719

Migration Barrier,1.25994873046875
