Image Index,Energy (eV)
0,-278.9871826171875
1,-278.1532897949219
2,-278.1544494628906
3,-278.1534423828125
4,-278.9871826171875

Migration Barrier,0.833892822265625
