Image Index,Energy (eV)
0,-282.325439453125
1,-282.0835266113281
2,-282.301513671875
3,-282.0824279785156
4,-282.3255615234375

Migration Barrier,0.243133544921875
