Image,Energy (eV)
0,-400.8601379394531
1,-400.9210205078125
2,-400.23956298828125
3,-400.4335632324219
4,-400.97174072265625

Migration Barrier,0.732177734375
