Image Index,Energy (eV)
0,-342.40895727712734
1,-342.0262271346122
2,-342.5391716928586
3,-342.0262271290153
4,-342.40895727987186

Migration Barrier,0.5129445638432912
