Image Index,Energy (eV)
0,-584.7648
1,-584.4859
2,-584.11426
3,-584.4849
4,-584.7648

Migration Barrier,0.6505127
