Image,Energy (eV)
0,-712.74169921875
1,-712.1028442382812
2,-712.0409545898438
3,-712.066162109375
4,-712.74267578125

Migration Barrier,0.70172119140625
