Image Index,Energy (eV)
0,-833.892333984375
1,-833.4024658203125
2,-832.7225952148438
3,-833.4396362304688
4,-833.8935546875

Migration Barrier,1.17095947265625
