Image Index,Energy (eV)
0,-439.6325378417969
1,-439.43085
2,-439.1806
3,-439.31656
4,-439.4173
5,-439.30972
6,-439.24734
7,-439.55838
8,-439.6407165527344

Migration Barrier,0.46011353
