Image,Energy (eV)
0,-217.82974243164062
1,-217.203369140625
2,-216.21902465820312
3,-217.20208740234375
4,-217.82994079589844

Migration Barrier,1.6109161376953125
