Image Index,Energy (eV)
0,-224.8909149169922
1,-224.2293701171875
2,-224.75076293945312
3,-224.22930908203125
4,-224.89089965820312

Migration Barrier,0.6616058349609375
