Image Index,Energy (eV)
0,-599.1778564453125
1,-599.052978515625
2,-598.704833984375
3,-598.640869140625
4,-598.7481079101562

Migration Barrier,0.5369873046875
