Image Index,Energy (eV)
0,-808.43427
1,-808.1062
2,-808.2261
3,-808.2747
4,-808.43427

Migration Barrier,0.32806396
