Image Index,Energy (eV)
0,-406.83902
1,-405.85388
2,-406.11462
3,-406.2034
4,-406.82614

Migration Barrier,0.98513794
