Image,Energy (eV)
0,-475.5591125488281
1,-475.2858581542969
2,-474.45196533203125
3,-475.2874450683594
4,-475.5624694824219

Migration Barrier,1.110504150390625
