Image Index,Energy (eV)
0,-715.7818603515625
1,-715.7122192382812
2,-715.6240234375
3,-715.711669921875
4,-715.78173828125

Migration Barrier,0.1578369140625
