Image,Energy (eV)
0,-644.9732666015625
1,-644.6178588867188
2,-644.3557739257812
3,-644.7097778320312
4,-645.3439331054688

Migration Barrier,0.9881591796875
