Image Index,Energy (eV)
0,-140.10539765795912
1,-139.99262192963877
2,-139.7582699512837
3,-139.99267895744066
4,-140.105397657959

Migration Barrier,0.3471277066754226
