Image Index,Energy (eV)
0,-715.5035
1,-714.64526
2,-713.5811
3,-714.6134
4,-715.5034

Migration Barrier,1.9223633
