Image Index,Energy (eV)
0,-295.23138427734375
1,-294.725830078125
2,-295.184326171875
3,-295.7933654785156
4,-295.9976501464844

Migration Barrier,1.271820068359375
