Image,Energy (eV)
0,-419.3143310546875
1,-419.2087097167969
2,-419.2369689941406
3,-419.20880126953125
4,-419.3186950683594

Migration Barrier,0.1099853515625
