Image Index,Energy (eV)
0,-1018.3688
1,-1018.0334
2,-1017.701
3,-1018.015
4,-1018.26276

Migration Barrier,0.66778564
