Image,Energy (eV)
0,-212.45474243164062
1,-211.7186737060547
2,-210.087646484375
3,-211.78012084960938
4,-212.27928161621094

Migration Barrier,2.367095947265625
