Image Index,Energy (eV)
0,-796.2153605416945
1,-796.025701882913
2,-795.828900859679
3,-796.1787471700175
4,-796.4297099066198

Migration Barrier,0.6008090469407534
