Image,Energy (eV)
0,-627.9922485351562
1,-627.5477294921875
2,-627.5353393554688
3,-627.8223876953125
4,-628.0006713867188

Migration Barrier,0.46533203125
