Image,Energy (eV)
0,-313.9544982910156
1,-312.9969177246094
2,-312.3948059082031
3,-313.00225830078125
4,-313.95733642578125

Migration Barrier,1.562530517578125
