Image Index,Energy (eV)
0,-844.3086
1,-844.16077
2,-844.28796
3,-844.1805
4,-844.32007

Migration Barrier,0.15930176
