Image,Energy (eV)
0,-355.38604736328125
1,-355.1894226074219
2,-354.52386474609375
3,-354.31317138671875
4,-354.64111328125

Migration Barrier,1.0728759765625
