Image Index,Energy (eV)
0,-211.30832
1,-211.11423
2,-211.03009
3,-211.11824
4,-211.39479

Migration Barrier,0.36470032
