Image Index,Energy (eV)
0,-776.3574
1,-775.7912
2,-776.3289
3,-776.31323
4,-776.3518

Migration Barrier,0.56622314
