Image Index,Energy (eV)
0,-649.3394775390625
1,-649.2433471679688
2,-648.9932861328125
3,-649.3176879882812
4,-649.681884765625

Migration Barrier,0.6885986328125
