Image,Energy (eV)
0,-752.1671142578125
1,-751.9834594726562
2,-751.755126953125
3,-751.9869995117188
4,-752.1692504882812

Migration Barrier,0.41412353515625
