Image Index,Energy (eV)
0,-130.52765
1,-130.32253
2,-130.15503
3,-130.32245
4,-130.52765

Migration Barrier,0.37261963
