Image Index,Energy (eV)
0,-528.3031
1,-528.02686
2,-527.5449
3,-528.0267
4,-528.3031

Migration Barrier,0.7581787
