Image Index,Energy (eV)
0,-316.170654296875
1,-315.7832336425781
2,-315.968505859375
3,-315.783203125
4,-316.170654296875

Migration Barrier,0.387451171875
