Image,Energy (eV)
0,-1486.7794189453125
1,-1485.857666015625
2,-1484.668212890625
3,-1485.7200927734375
4,-1486.7818603515625

Migration Barrier,2.1136474609375
