Image Index,Energy (eV)
0,-298.0484219409753
1,-298.1739497023152
2,-298.5968834872946
3,-298.1739602317599
4,-298.0484730601494

Migration Barrier,0.5484615463192881
