Image Index,Energy (eV)
0,-245.4405517578125
1,-244.43637084960938
2,-242.6865692138672
3,-244.4273681640625
4,-245.43896484375

Migration Barrier,2.7539825439453125
