Image Index,Energy (eV)
0,-204.03328
1,-203.90685
2,-204.25635
3,-203.90683
4,-204.0333

Migration Barrier,0.34951782
