Image Index,Energy (eV)
0,-337.49115
1,-336.98767
2,-337.04306
3,-336.98572
4,-337.49323

Migration Barrier,0.5075073
