Image,Energy (eV)
0,-319.7179260253906
1,-318.9989318847656
2,-318.8950500488281
3,-318.9837646484375
4,-319.71368408203125

Migration Barrier,0.8228759765625
