Image Index,Energy (eV)
0,-884.3383
1,-884.1505
2,-883.93
3,-884.15045
4,-884.3383

Migration Barrier,0.4083252
