Image,Energy (eV)
0,-1823.95654296875
1,-1823.5401611328125
2,-1823.099365234375
3,-1823.78564453125
4,-1824.0877685546875

Migration Barrier,0.9884033203125
