Image Index,Energy (eV)
0,-1486.760986328125
1,-1486.5609130859375
2,-1486.4383544921875
3,-1486.560791015625
4,-1486.7611083984375

Migration Barrier,0.32275390625
