Image Index,Energy (eV)
0,-211.12071228027344
1,-210.6793975830078
2,-210.50331115722656
3,-211.21142578125
4,-211.51287841796875

Migration Barrier,1.0095672607421875
