Image,Energy (eV)
0,-714.4093627929688
1,-713.8234252929688
2,-714.2503662109375
3,-713.8200073242188
4,-714.4039306640625

Migration Barrier,0.58935546875
