Image Index,Energy (eV)
0,-473.4115
1,-473.09958
2,-472.58664
3,-473.0999
4,-473.41226

Migration Barrier,0.82562256
