Image,Energy (eV)
0,-188.52099609375
1,-188.19796752929688
2,-187.85325622558594
3,-188.1990509033203
4,-188.5215301513672

Migration Barrier,0.66827392578125
