Image Index,Energy (eV)
0,-168.6000479813019
1,-167.77654861687367
2,-166.42461017553197
3,-167.77581165214428
4,-168.60004798130188

Migration Barrier,2.1754378057699455
