Image Index,Energy (eV)
0,-656.9265747070312
1,-656.6777954101562
2,-656.5079345703125
3,-656.677490234375
4,-656.9265747070312

Migration Barrier,0.41864013671875
