Image Index,Energy (eV)
0,-339.8599548339844
1,-339.78308
2,-339.5176
3,-339.09497
4,-338.9251
5,-339.21957
6,-339.47058
7,-339.7368
8,-339.8520202636719

Migration Barrier,0.934845
