Image Index,Energy (eV)
0,-212.94473266601562
1,-212.26980590820312
2,-210.12660217285156
3,-212.14605712890625
4,-212.74050903320312

Migration Barrier,2.8181304931640625
