Image Index,Energy (eV)
0,-885.81177
1,-884.65796
2,-882.73016
3,-884.62067
4,-885.7944

Migration Barrier,3.081604
