Image Index,Energy (eV)
0,-595.7039
1,-595.76526
2,-595.5102
3,-595.7682
4,-595.70856

Migration Barrier,0.2579956
