Image Index,Energy (eV)
0,-704.8463134765625
1,-704.2506103515625
2,-704.2327270507812
3,-704.2506713867188
4,-704.8462524414062

Migration Barrier,0.61358642578125
