Image Index,Energy (eV)
0,-662.9158935546875
1,-662.8403930664062
2,-662.7677001953125
3,-662.8404541015625
4,-662.9158935546875

Migration Barrier,0.148193359375
