Image,Energy (eV)
0,-286.7914123535156
1,-286.4524841308594
2,-286.45745849609375
3,-286.4501953125
4,-286.7906188964844

Migration Barrier,0.341217041015625
