Image Index,Energy (eV)
0,-295.964599609375
1,-295.43756103515625
2,-294.6316833496094
3,-295.4366455078125
4,-295.91650390625

Migration Barrier,1.332916259765625
