Image Index,Energy (eV)
0,-587.0482788085938
1,-586.7286987304688
2,-586.3572998046875
3,-586.7195434570312
4,-587.0531616210938

Migration Barrier,0.69586181640625
