Image,Energy (eV)
0,-866.8576049804688
1,-866.8114624023438
2,-866.7892456054688
3,-866.8079223632812
4,-866.8416748046875

Migration Barrier,0.068359375
