Image,Energy (eV)
0,-630.4085083007812
1,-629.9996948242188
2,-628.8582763671875
3,-629.9429321289062
4,-630.3187866210938

Migration Barrier,1.55023193359375
