Image Index,Energy (eV)
0,-264.17007
1,-263.8398
2,-263.3116
3,-263.21982
4,-263.4178

Migration Barrier,0.95025635
