Image Index,Energy (eV)
0,-514.5498
1,-514.25287
2,-513.8451
3,-514.31354
4,-514.63226

Migration Barrier,0.7871704
