Image Index,Energy (eV)
0,-290.15967
1,-289.9574
2,-290.15717
3,-289.9574
4,-290.15967

Migration Barrier,0.20227051
