Image,Energy (eV)
0,-346.91741943359375
1,-346.8453674316406
2,-347.49957275390625
3,-346.8416442871094
4,-346.91668701171875

Migration Barrier,0.657928466796875
