Image Index,Energy (eV)
0,-691.7221194109089
1,-691.246478880614
2,-690.5809775651836
3,-691.2229979002269
4,-691.7222123794762

Migration Barrier,1.141234814292602
