Image,Energy (eV)
0,-224.3900604248047
1,-223.96971130371094
2,-224.65078735351562
3,-223.96875
4,-224.38970947265625

Migration Barrier,0.682037353515625
