Image Index,Energy (eV)
0,-707.359130859375
1,-706.7461547851562
2,-706.5057983398438
3,-706.8292236328125
4,-707.9459228515625

Migration Barrier,1.44012451171875
