Image Index,Energy (eV)
0,-657.884852288262
1,-657.6510556550726
2,-657.4651844077017
3,-657.6508532023156
4,-657.8848522882621

Migration Barrier,0.4196678805603824
