Image Index,Energy (eV)
0,-838.6748046875
1,-838.345947265625
2,-837.8756103515625
3,-838.3460083007812
4,-838.6748046875

Migration Barrier,0.7991943359375
