Image Index,Energy (eV)
0,-795.8786
1,-795.674
2,-795.6148
3,-795.57825
4,-795.67816

Migration Barrier,0.300354
