Image Index,Energy (eV)
0,-740.2445558193359
1,-739.125242264927
2,-736.7324835070085
3,-738.906104661996
4,-740.2941605939494

Migration Barrier,3.561677086940904
