Image Index,Energy (eV)
0,-291.22650146484375
1,-291.2816162109375
2,-291.6736755371094
3,-291.515380859375
4,-291.4952392578125

Migration Barrier,0.447174072265625
