Image,Energy (eV)
0,-639.4331665039062
1,-639.203125
2,-639.0614624023438
3,-639.2037963867188
4,-639.433349609375

Migration Barrier,0.37188720703125
