Image Index,Energy (eV)
0,-2251.168916805175
1,-2250.8759407017815
2,-2250.8495996840143
3,-2250.875929925431
4,-2251.1689168051753

Migration Barrier,0.3193171211610206
