Image Index,Energy (eV)
0,-234.36157
1,-233.88531
2,-233.1979
3,-233.06567
4,-233.34773

Migration Barrier,1.2958984
