Image Index,Energy (eV)
0,-215.5520684872355
1,-215.1478513361456
2,-213.1023337918021
3,-215.1535632654889
4,-215.67930363757065

Migration Barrier,2.5769698457685593
