Image,Energy (eV)
0,-558.1417846679688
1,-558.007568359375
2,-558.1343383789062
3,-558.0838012695312
4,-558.126953125

Migration Barrier,0.13421630859375
