Image,Energy (eV)
0,-752.1682739257812
1,-750.49267578125
2,-749.1366577148438
3,-750.5003662109375
4,-752.166015625

Migration Barrier,3.0316162109375
