Image,Energy (eV)
0,-274.4919128417969
1,-274.31201171875
2,-275.1322937011719
3,-274.3120422363281
4,-274.4958190917969

Migration Barrier,0.820281982421875
