Image Index,Energy (eV)
0,-305.78302001953125
1,-305.43817138671875
2,-304.92376708984375
3,-305.4382019042969
4,-305.78302001953125

Migration Barrier,0.8592529296875
