Image Index,Energy (eV)
0,-492.7171325683594
1,-492.3202209472656
2,-492.035888671875
3,-492.32427978515625
4,-492.7195129394531

Migration Barrier,0.683624267578125
