Image Index,Energy (eV)
0,-254.69039916992188
1,-254.63391
2,-254.42876
3,-254.10861
4,-253.899
5,-253.79216
6,-253.66753
7,-253.68878
8,-253.7630615234375

Migration Barrier,1.0228729
