Image Index,Energy (eV)
0,-1069.436767578125
1,-1068.8868408203125
2,-1068.355224609375
3,-1068.809814453125
4,-1069.160400390625

Migration Barrier,1.08154296875
