Image Index,Energy (eV)
0,-356.15933
1,-355.92847
2,-355.92206
3,-355.92804
4,-356.15933

Migration Barrier,0.23727417
