Image Index,Energy (eV)
0,-792.8212280273438
1,-792.5609741210938
2,-792.372802734375
3,-792.5926513671875
4,-792.8482666015625

Migration Barrier,0.4754638671875
