Image Index,Energy (eV)
0,-333.42688
1,-333.07913
2,-333.4312
3,-333.07953
4,-333.42703

Migration Barrier,0.3520813
