Image Index,Energy (eV)
0,-842.4413206680775
1,-842.4420230300026
2,-842.5330243875669
3,-842.4420948470345
4,-842.4413206635882

Migration Barrier,0.09170372397875326
