Image Index,Energy (eV)
0,-941.25323
1,-941.04926
2,-940.75793
3,-941.0349
4,-941.26465

Migration Barrier,0.50671387
