Image Index,Energy (eV)
0,-389.31683
1,-389.13315
2,-388.90546
3,-389.13385
4,-389.31683

Migration Barrier,0.41137695
