Image,Energy (eV)
0,-2171.689453125
1,-2171.4814453125
2,-2171.19580078125
3,-2171.484375
4,-2171.69921875

Migration Barrier,0.50341796875
