Image Index,Energy (eV)
0,-239.90219422252983
1,-239.80872992030658
2,-239.2571719351008
3,-238.8073500219532
4,-239.18607566621668

Migration Barrier,1.094844200576631
