Image Index,Energy (eV)
0,-194.09547
1,-194.02986
2,-194.02089
3,-194.02985
4,-194.09549

Migration Barrier,0.07460022
