Image Index,Energy (eV)
0,-340.9266662597656
1,-340.49932861328125
2,-340.54058837890625
3,-340.4809875488281
4,-340.9266357421875

Migration Barrier,0.4456787109375
