Image Index,Energy (eV)
0,-630.5154634729527
1,-630.0088403030564
2,-629.3724648056678
3,-630.0035324733672
4,-630.5160484212079

Migration Barrier,1.1435836155400239
