Image Index,Energy (eV)
0,-915.0141313712378
1,-914.8609899933848
2,-914.8236973467507
3,-914.9314377401794
4,-915.1454404569538

Migration Barrier,0.3217431102031014
