Image Index,Energy (eV)
0,-161.54841731303736
1,-160.87923105499482
2,-159.49747357222253
3,-160.87970055265447
4,-161.54841731303736

Migration Barrier,2.05094374081483
