Image,Energy (eV)
0,-386.28118896484375
1,-385.64068603515625
2,-385.65435791015625
3,-385.6367492675781
4,-386.2872314453125

Migration Barrier,0.650482177734375
