Image,Energy (eV)
0,-223.92774963378906
1,-223.44422912597656
2,-223.6728973388672
3,-223.44683837890625
4,-223.92784118652344

Migration Barrier,0.483612060546875
