Image Index,Energy (eV)
0,-321.85394287109375
1,-322.0792236328125
2,-322.7350769042969
3,-322.0658874511719
4,-321.850830078125

Migration Barrier,0.884246826171875
