Image Index,Energy (eV)
0,-280.1493
1,-280.08716
2,-279.8763
3,-279.60245
4,-279.3997
5,-279.3585
6,-279.42133
7,-279.46368
8,-279.47098

Migration Barrier,0.790802
