Image Index,Energy (eV)
0,-855.79694
1,-854.84894
2,-853.0271
3,-854.6948
4,-855.87415

Migration Barrier,2.847046
