Image Index,Energy (eV)
0,-405.077880859375
1,-404.8101806640625
2,-403.70928955078125
3,-404.78253173828125
4,-405.0775146484375

Migration Barrier,1.36859130859375
