Image,Energy (eV)
0,-598.87939453125
1,-598.7811279296875
2,-598.4065551757812
3,-598.3184204101562
4,-598.4297485351562

Migration Barrier,0.56097412109375
