Image Index,Energy (eV)
0,-196.44786071777344
1,-195.98516845703125
2,-195.30975341796875
3,-196.50498962402344
4,-196.89089965820312

Migration Barrier,1.581146240234375
