Image,Energy (eV)
0,-369.69244384765625
1,-369.13555908203125
2,-368.8066101074219
3,-369.9614562988281
4,-370.3598327636719

Migration Barrier,1.55322265625
