Image Index,Energy (eV)
0,-763.40137
1,-763.23267
2,-763.18274
3,-763.1461
4,-763.2216

Migration Barrier,0.25524902
