Image Index,Energy (eV)
0,-315.21896
1,-314.99664
2,-315.25882
3,-315.0024
4,-315.21835

Migration Barrier,0.2621765
