Image Index,Energy (eV)
0,-279.1093664785665
1,-279.01663842140016
2,-279.5215356694389
3,-279.0166384130223
4,-279.1093664641307

Migration Barrier,0.5048972564165979
