Image Index,Energy (eV)
0,-379.1056
1,-378.7008
2,-377.9884
3,-378.64737
4,-379.08972

Migration Barrier,1.1171875
