Image Index,Energy (eV)
0,-447.051
1,-446.4509
2,-446.0945
3,-446.4517
4,-447.05103

Migration Barrier,0.95651245
