Image Index,Energy (eV)
0,-293.5150146484375
1,-293.26263427734375
2,-293.2029113769531
3,-293.26263427734375
4,-293.5149841308594

Migration Barrier,0.312103271484375
