Image Index,Energy (eV)
0,-895.2449951171875
1,-895.1405029296875
2,-895.03076171875
3,-895.1405029296875
4,-895.2451171875

Migration Barrier,0.21435546875
