Image Index,Energy (eV)
0,-409.65564
1,-409.1621
2,-409.07587
3,-409.1592
4,-409.65546

Migration Barrier,0.57977295
