Image Index,Energy (eV)
0,-701.85016
1,-701.66266
2,-701.30597
3,-701.6625
4,-701.8501

Migration Barrier,0.54418945
