Image Index,Energy (eV)
0,-912.96185
1,-912.8568
2,-912.8284
3,-912.75555
4,-912.8206

Migration Barrier,0.20629883
