Image Index,Energy (eV)
0,-229.06900024414062
1,-228.76861572265625
2,-228.60592651367188
3,-228.9916534423828
4,-229.1160430908203

Migration Barrier,0.5101165771484375
