Image Index,Energy (eV)
0,-316.1826335262541
1,-315.7992610443658
2,-315.92000013633105
3,-315.79926103779695
4,-316.1826335160092

Migration Barrier,0.3833724884571552
