Image Index,Energy (eV)
0,-824.68903344371
1,-824.1498100709754
2,-823.6051223247091
3,-824.1508027567243
4,-824.6881221846171

Migration Barrier,1.0839111190008452
