Image Index,Energy (eV)
0,-288.95917
1,-288.7453
2,-289.08002
3,-288.7453
4,-288.95917

Migration Barrier,0.3347168
