Image,Energy (eV)
0,-405.9631042480469
1,-405.7228088378906
2,-405.33807373046875
3,-405.70086669921875
4,-405.96453857421875

Migration Barrier,0.62646484375
