Image Index,Energy (eV)
0,-306.01685583531344
1,-305.4220577096315
2,-305.51459311111074
3,-305.42093259829795
4,-306.0178657328146

Migration Barrier,0.5969331345166324
