Image Index,Energy (eV)
0,-795.2309
1,-794.93054
2,-794.7199
3,-794.9306
4,-795.2309

Migration Barrier,0.5109863
