Image Index,Energy (eV)
0,-590.02826
1,-589.95
2,-589.69476
3,-589.9282
4,-590.0359

Migration Barrier,0.3411255
