Image Index,Energy (eV)
0,-781.9273681640625
1,-781.314697265625
2,-781.3038940429688
3,-781.314697265625
4,-781.9274291992188

Migration Barrier,0.62353515625
