Image Index,Energy (eV)
0,-884.3384
1,-883.16364
2,-882.16486
3,-883.1646
4,-884.3383

Migration Barrier,2.173523
