Image,Energy (eV)
0,-203.15638732910156
1,-202.4996795654297
2,-200.7928466796875
3,-200.4852294921875
4,-201.0017547607422

Migration Barrier,2.6711578369140625
