Image,Energy (eV)
0,-230.6251983642578
1,-230.42428588867188
2,-229.4798126220703
3,-229.29513549804688
4,-229.44227600097656

Migration Barrier,1.3300628662109375
