Image Index,Energy (eV)
0,-589.56146
1,-589.44666
2,-589.4211
3,-589.4914
4,-589.55304

Migration Barrier,0.14038086
