Image Index,Energy (eV)
0,-867.2686
1,-867.1731
2,-867.0654
3,-867.1722
4,-867.26935

Migration Barrier,0.20391846
