Image Index,Energy (eV)
0,-627.24072265625
1,-627.25
2,-627.1199951171875
3,-627.258544921875
4,-627.244140625

Migration Barrier,0.1385498046875
