Image,Energy (eV)
0,-1559.04248046875
1,-1558.8280029296875
2,-1558.389404296875
3,-1558.857666015625
4,-1559.049072265625

Migration Barrier,0.65966796875
