Image,Energy (eV)
0,-558.3912963867188
1,-558.121337890625
2,-558.074951171875
3,-558.2366943359375
4,-558.3880615234375

Migration Barrier,0.31634521484375
