Image Index,Energy (eV)
0,-724.7734150440306
1,-724.6441396521888
2,-724.6532223800316
3,-724.6440878067316
4,-724.7734120594259

Migration Barrier,0.12932723729898044
