Image Index,Energy (eV)
0,-221.97535705566406
1,-221.17568969726562
2,-221.38671875
3,-221.17625427246094
4,-221.97459411621094

Migration Barrier,0.7996673583984375
