Image Index,Energy (eV)
0,-712.42316
1,-712.6858
2,-713.80035
3,-712.5965
4,-713.44867

Migration Barrier,1.3771973
