Image Index,Energy (eV)
0,-658.7077
1,-658.6196
2,-658.3396
3,-658.6068
4,-658.71045

Migration Barrier,0.3708496
