Image Index,Energy (eV)
0,-933.1064453125
1,-932.8109130859375
2,-932.2801513671875
3,-932.691162109375
4,-933.1214599609375

Migration Barrier,0.84130859375
