Image Index,Energy (eV)
0,-739.2124
1,-737.99365
2,-736.34216
3,-737.8649
4,-739.2612

Migration Barrier,2.9190674
