Image Index,Energy (eV)
0,-925.8337906368704
1,-925.7251333028819
2,-925.7800806139845
3,-925.7251113298147
4,-925.8337926019677

Migration Barrier,0.10868127215303502
