Image Index,Energy (eV)
0,-836.45966
1,-836.17206
2,-835.7752
3,-836.1832
4,-836.46124

Migration Barrier,0.68603516
