Image Index,Energy (eV)
0,-839.1907958984375
1,-838.7705078125
2,-838.4103393554688
3,-838.7703857421875
4,-839.1907958984375

Migration Barrier,0.78045654296875
