Image Index,Energy (eV)
0,-735.33234
1,-735.0772
2,-734.4695
3,-734.6369
4,-734.811

Migration Barrier,0.862854
