Image,Energy (eV)
0,-870.35693359375
1,-870.1827392578125
2,-869.9048461914062
3,-870.1755981445312
4,-870.3538818359375

Migration Barrier,0.45208740234375
