Image Index,Energy (eV)
0,-350.13358
1,-349.5098
2,-348.8785
3,-349.54315
4,-349.92776

Migration Barrier,1.2550659
