Image Index,Energy (eV)
0,-1791.28076171875
1,-1791.095947265625
2,-1790.9873046875
3,-1791.095947265625
4,-1791.2806396484375

Migration Barrier,0.29345703125
