Image Index,Energy (eV)
0,-364.86038
1,-364.47852
2,-364.42105
3,-364.47427
4,-364.86038

Migration Barrier,0.43933105
