Image Index,Energy (eV)
0,-281.63437
1,-281.0464
2,-280.55954
3,-280.47226
4,-280.85074

Migration Barrier,1.1621094
