Image Index,Energy (eV)
0,-302.33093
1,-302.1198
2,-301.7818
3,-301.66748
4,-301.94815

Migration Barrier,0.66345215
