Image,Energy (eV)
0,-759.7831537468742
1,-759.7400315265152
2,-759.6466999838772
3,-759.5772559182387
4,-759.5544413878715
5,-759.5738256254488
6,-759.6400831160536
7,-759.7330232567753
8,-759.7826475946946

Migration Barrier,0.22871235900265674
