Image Index,Energy (eV)
0,-432.4639892578125
1,-431.79522705078125
2,-431.1639099121094
3,-431.37109375
4,-432.4639587402344

Migration Barrier,1.300079345703125
