Image Index,Energy (eV)
0,-281.63437
1,-281.49756
2,-281.0999
3,-280.90436
4,-280.67444
5,-280.43604
6,-280.51978
7,-280.7262
8,-280.85074

Migration Barrier,1.1983337
