Image Index,Energy (eV)
0,-838.8803
1,-838.68994
2,-838.4125
3,-838.68994
4,-838.8803

Migration Barrier,0.46783447
