Image Index,Energy (eV)
0,-162.37419
1,-161.795
2,-160.62434
3,-161.79503
4,-162.3742

Migration Barrier,1.7498627
