Image,Energy (eV)
0,-786.8748168945312
1,-785.2109985351562
2,-783.0553588867188
3,-785.1195678710938
4,-786.7045288085938

Migration Barrier,3.8194580078125
