Image Index,Energy (eV)
0,-2961.9970703125
1,-2961.92822265625
2,-2961.847900390625
3,-2962.0087890625
4,-2962.137451171875

Migration Barrier,0.28955078125
