Image,Energy (eV)
0,-214.99388122558594
1,-214.54232788085938
2,-213.44139099121094
3,-212.8671875
4,-213.04061889648438

Migration Barrier,2.1266937255859375
