Image,Energy (eV)
0,-317.7177734375
1,-317.7315979003906
2,-317.9439392089844
3,-317.7325439453125
4,-317.7148742675781

Migration Barrier,0.22906494140625
