Image Index,Energy (eV)
0,-323.56708
1,-323.22076
2,-323.15854
3,-323.22385
4,-323.56793

Migration Barrier,0.4093933
