Image Index,Energy (eV)
0,-130.30003738195626
1,-130.04719719613811
2,-129.8361613169086
3,-130.04720554918313
4,-130.30003647259704

Migration Barrier,0.463876065047657
