Image Index,Energy (eV)
0,-422.48108
1,-422.20166
2,-422.50192
3,-422.2093
4,-422.4901

Migration Barrier,0.30026245
