Image Index,Energy (eV)
0,-796.2153605416945
1,-795.9779757849004
2,-795.8617734526248
3,-795.977973132565
4,-796.2153605416945

Migration Barrier,0.3535870890697197
