Image Index,Energy (eV)
0,-340.9944
1,-340.76318
2,-340.94318
3,-340.76312
4,-340.994

Migration Barrier,0.2312622
