Image Index,Energy (eV)
0,-558.2940063476562
1,-558.0408935546875
2,-558.0157470703125
3,-558.1829833984375
4,-558.2732543945312

Migration Barrier,0.27825927734375
