Image Index,Energy (eV)
0,-336.3369208849295
1,-336.0317035014794
2,-335.65482926904434
3,-336.03170350578654
4,-336.3369208845004

Migration Barrier,0.682091615885156
