Image,Energy (eV)
0,-485.0975646972656
1,-484.7853698730469
2,-484.34381103515625
3,-484.804443359375
4,-485.05364990234375

Migration Barrier,0.753753662109375
