Image Index,Energy (eV)
0,-284.70491384038525
1,-284.1918618223953
2,-284.3774129123907
3,-284.1919356924431
4,-284.7049998335039

Migration Barrier,0.5131380111085946
