Image Index,Energy (eV)
0,-838.188232421875
1,-838.1371459960938
2,-838.265869140625
3,-838.1371459960938
4,-838.188232421875

Migration Barrier,0.12872314453125
