Image,Energy (eV)
0,-281.8880920410156
1,-281.5384521484375
2,-281.69586181640625
3,-281.5396728515625
4,-281.8887023925781

Migration Barrier,0.350250244140625
