Image,Energy (eV)
0,-920.9862670898438
1,-920.8588256835938
2,-920.9512939453125
3,-920.8583984375
4,-920.9839477539062

Migration Barrier,0.12786865234375
