Image Index,Energy (eV)
0,-424.2301025390625
1,-424.17395
2,-424.02145
3,-423.60266
4,-423.1438
5,-423.25345
6,-423.69757
7,-423.93527
8,-424.0023193359375

Migration Barrier,1.0863037
