Image,Energy (eV)
0,-816.6278076171875
1,-816.3120727539062
2,-815.77001953125
3,-815.947998046875
4,-816.6312255859375

Migration Barrier,0.8612060546875
