Image,Energy (eV)
0,-558.1153564453125
1,-558.1293334960938
2,-558.19482421875
3,-558.3009643554688
4,-558.3970947265625

Migration Barrier,0.28173828125
