Image,Energy (eV)
0,-283.7859802246094
1,-283.42047119140625
2,-283.71990966796875
3,-283.421630859375
4,-283.78582763671875

Migration Barrier,0.365509033203125
