Image Index,Energy (eV)
0,-736.5166015625
1,-736.3246459960938
2,-736.271484375
3,-736.324462890625
4,-736.5166625976562

Migration Barrier,0.24517822265625
