Image Index,Energy (eV)
0,-317.4196184475703
1,-317.0610690582824
2,-317.2521015693438
3,-317.06106905150466
4,-317.4196184007439

Migration Barrier,0.35854939606565495
