Image Index,Energy (eV)
0,-3074.83447265625
1,-3074.61181640625
2,-3074.51953125
3,-3074.61181640625
4,-3074.83447265625

Migration Barrier,0.31494140625
