Image Index,Energy (eV)
0,-1798.3015057136834
1,-1797.8606776843126
2,-1796.8238533559825
3,-1797.7833384139192
4,-1798.3015057136831

Migration Barrier,1.4776523577008902
