Image,Energy (eV)
0,-1129.2353515625
1,-1128.7171630859375
2,-1128.2222900390625
3,-1128.7774658203125
4,-1129.2615966796875

Migration Barrier,1.039306640625
