Image,Energy (eV)
0,-412.5180969238281
1,-412.37921142578125
2,-412.95501708984375
3,-412.37689208984375
4,-412.5218200683594

Migration Barrier,0.578125
