Image,Energy (eV)
0,-321.610595703125
1,-321.807861328125
2,-322.5348205566406
3,-321.81378173828125
4,-321.6078186035156

Migration Barrier,0.927001953125
