Image Index,Energy (eV)
0,-282.0179138183594
1,-281.3834533691406
2,-281.8007507324219
3,-281.38287353515625
4,-282.0179138183594

Migration Barrier,0.635040283203125
