Image Index,Energy (eV)
0,-739.7992927073161
1,-739.6606419195964
2,-739.5604165837635
3,-739.6606432160778
4,-739.7992927074564

Migration Barrier,0.2388761236928758
