Image Index,Energy (eV)
0,-290.2542966558362
1,-289.71699035123476
2,-289.9037595553958
3,-289.71699031662786
4,-290.25429662149236

Migration Barrier,0.5373063392083282
