Image Index,Energy (eV)
0,-679.75415
1,-679.44104
2,-679.4418
3,-679.63837
4,-679.75415

Migration Barrier,0.31311035
