Image Index,Energy (eV)
0,-211.43244282362423
1,-210.983021705797
2,-210.7389945811341
3,-211.1226224244704
4,-211.73496792352196

Migration Barrier,0.9959733423878561
