Image Index,Energy (eV)
0,-2141.3069712254064
1,-2141.18823357539
2,-2141.175948471637
3,-2141.125493403574
4,-2141.2824414429756

Migration Barrier,0.1814778218322317
