Image Index,Energy (eV)
0,-473.17245
1,-472.658
2,-471.73303
3,-472.63342
4,-473.17044

Migration Barrier,1.4394226
