Image Index,Energy (eV)
0,-369.85687255859375
1,-369.48394775390625
2,-368.9212341308594
3,-370.1234130859375
4,-370.5765380859375

Migration Barrier,1.655303955078125
