Image Index,Energy (eV)
0,-1299.5316162109375
1,-1299.06494140625
2,-1298.0654296875
3,-1299.062255859375
4,-1299.531494140625

Migration Barrier,1.4661865234375
