Image Index,Energy (eV)
0,-558.273193359375
1,-558.2291870117188
2,-558.2659912109375
3,-558.1572875976562
4,-558.2940063476562

Migration Barrier,0.13671875
