Image Index,Energy (eV)
0,-340.96994
1,-340.72046
2,-340.35852
3,-340.72174
4,-340.96655

Migration Barrier,0.6114197
