Image Index,Energy (eV)
0,-228.35223
1,-228.20758
2,-228.55862
3,-228.20758
4,-228.35222

Migration Barrier,0.3510437
