Image Index,Energy (eV)
0,-557.3538804996468
1,-557.4137835414531
2,-557.494114021648
3,-557.5755607658319
4,-557.6705293509644

Migration Barrier,0.3166488513176091
