Image,Energy (eV)
0,-826.8667602539062
1,-826.4058227539062
2,-826.284912109375
3,-826.40087890625
4,-826.8687133789062

Migration Barrier,0.58380126953125
