Image Index,Energy (eV)
0,-162.18240356445312
1,-161.55850219726562
2,-160.38363647460938
3,-161.5588836669922
4,-162.18240356445312

Migration Barrier,1.79876708984375
