Image Index,Energy (eV)
0,-687.5151977539062
1,-687.4573364257812
2,-687.606689453125
3,-687.457275390625
4,-687.5152587890625

Migration Barrier,0.1494140625
