Image Index,Energy (eV)
0,-3234.3017578125
1,-3233.5498046875
2,-3232.498291015625
3,-3233.503662109375
4,-3234.3017578125

Migration Barrier,1.803466796875
