Image Index,Energy (eV)
0,-217.2681
1,-217.01897
2,-217.2234
3,-217.01895
4,-217.2681

Migration Barrier,0.24914551
