Image,Energy (eV)
0,-798.5866088867188
1,-798.3068237304688
2,-798.2337036132812
3,-798.4390258789062
4,-798.7738647460938

Migration Barrier,0.5401611328125
