Image Index,Energy (eV)
0,-652.58734
1,-652.5135
2,-652.4854
3,-652.5112
4,-652.58203

Migration Barrier,0.10192871
