Image Index,Energy (eV)
0,-895.4936
1,-894.9757
2,-894.9791
3,-894.9772
4,-895.49524

Migration Barrier,0.51953125
