Image Index,Energy (eV)
0,-558.2669636426167
1,-558.1572443224459
2,-558.2313710498453
3,-558.2106754464111
4,-558.2684793389021

Migration Barrier,0.11123501645624856
