Image Index,Energy (eV)
0,-1118.92236328125
1,-1118.54638671875
2,-1118.132568359375
3,-1118.580810546875
4,-1118.80615234375

Migration Barrier,0.789794921875
