Image,Energy (eV)
0,-292.091552734375
1,-292.0426025390625
2,-291.6689453125
3,-291.060302734375
4,-290.7095031738281
5,-290.8731994628906
6,-291.4691467285156
7,-291.8168029785156
8,-291.88787841796875

Migration Barrier,1.382049560546875
