Image Index,Energy (eV)
0,-729.3613
1,-729.1242
2,-729.1778
3,-729.12427
4,-729.36273

Migration Barrier,0.23852539
