Image Index,Energy (eV)
0,-523.5759887695312
1,-523.582275390625
2,-523.576171875
3,-523.5670166015625
4,-523.556884765625
5,-523.5474243164062
6,-523.5421142578125
7,-523.5389404296875
8,-523.5260009765625

Migration Barrier,0.0562744140625
