Image Index,Energy (eV)
0,-709.60394
1,-709.2782
2,-708.941
3,-709.2746
4,-709.60614

Migration Barrier,0.66516113
