Image Index,Energy (eV)
0,-643.43823
1,-643.12573
2,-642.8292
3,-643.0805
4,-643.3603

Migration Barrier,0.6090088
