Image Index,Energy (eV)
0,-758.8790423102932
1,-758.4634629495542
2,-757.5495396520472
3,-758.4629391318828
4,-758.8790423102932

Migration Barrier,1.3295026582460423
