Image,Energy (eV)
0,-388.3827209472656
1,-388.0675964355469
2,-387.77392578125
3,-388.0626220703125
4,-388.38555908203125

Migration Barrier,0.61163330078125
