Image Index,Energy (eV)
0,-330.80048
1,-330.9298
2,-331.14194
3,-330.92978
4,-330.80048

Migration Barrier,0.34146118
