Image Index,Energy (eV)
0,-284.32565
1,-284.1317
2,-283.68555
3,-283.56174
4,-283.71576

Migration Barrier,0.763916
