Image Index,Energy (eV)
0,-643.43823
1,-643.17444
2,-642.6777
3,-643.12036
4,-643.4362

Migration Barrier,0.7605591
