Image Index,Energy (eV)
0,-679.8420700165384
1,-679.7497524355165
2,-679.8187493442072
3,-679.7496879372695
4,-679.8420565760076

Migration Barrier,0.09238207926887299
