Image,Energy (eV)
0,-860.22021484375
1,-859.9205322265625
2,-859.9293212890625
3,-860.3195190429688
4,-860.4271240234375

Migration Barrier,0.506591796875
