Image,Energy (eV)
0,-299.2852123326427
1,-299.11059373489627
2,-298.62655638632174
3,-297.9623844012131
4,-297.91020508384946
5,-298.2176458308314
6,-298.6610108039888
7,-299.01545049145915
8,-299.12453955357034

Migration Barrier,1.3750072487932243
