Image,Energy (eV)
0,-386.1675109863281
1,-385.5867614746094
2,-384.9632263183594
3,-385.3804626464844
4,-385.87835693359375

Migration Barrier,1.20428466796875
