Image Index,Energy (eV)
0,-282.3612060546875
1,-281.67669677734375
2,-281.1376953125
3,-281.789306640625
4,-282.3315124511719

Migration Barrier,1.2235107421875
