Image Index,Energy (eV)
0,-584.7648
1,-584.48035
2,-584.2282
3,-584.4171
4,-584.688

Migration Barrier,0.53656006
