Image Index,Energy (eV)
0,-376.61290014023945
1,-376.58189701396583
2,-376.0455904463822
3,-376.90431446454625
4,-377.4920072883509

Migration Barrier,1.4464168419686985
