Image,Energy (eV)
0,-1426.2286376953125
1,-1425.4549560546875
2,-1424.251220703125
3,-1425.443359375
4,-1426.2296142578125

Migration Barrier,1.9783935546875
