Image Index,Energy (eV)
0,-218.13729858398438
1,-217.51004028320312
2,-216.39035034179688
3,-217.51022338867188
4,-218.13729858398438

Migration Barrier,1.7469482421875
