Image Index,Energy (eV)
0,-1825.1248814792207
1,-1825.1434031120143
2,-1825.105376081662
3,-1825.1436156847385
4,-1825.1248814096439

Migration Barrier,0.038239603076590356
