Image Index,Energy (eV)
0,-315.30271482956084
1,-314.87868678375577
2,-314.0967088581386
3,-314.7097815908326
4,-315.2982176229191

Migration Barrier,1.2060059714222575
