Image,Energy (eV)
0,-803.868896484375
1,-803.4119262695312
2,-802.883056640625
3,-803.41162109375
4,-803.8716430664062

Migration Barrier,0.98858642578125
