Image Index,Energy (eV)
0,-657.8848522882619
1,-657.1238024849551
2,-656.2611410944307
3,-657.1228161089448
4,-657.8848522882619

Migration Barrier,1.6237111938311273
