Image Index,Energy (eV)
0,-526.064697265625
1,-525.4636840820312
2,-524.69775390625
3,-525.562255859375
4,-526.064697265625

Migration Barrier,1.366943359375
