Image,Energy (eV)
0,-256.4159851074219
1,-256.1877746582031
2,-255.49435424804688
3,-255.32310485839844
4,-255.41412353515625

Migration Barrier,1.0928802490234375
