Image Index,Energy (eV)
0,-358.14087
1,-357.87515
2,-357.7598
3,-358.55243
4,-358.6938

Migration Barrier,0.9339905
