Image Index,Energy (eV)
0,-897.0661
1,-896.6512
2,-896.38684
3,-896.6535
4,-897.0659

Migration Barrier,0.67926025
