Image Index,Energy (eV)
0,-341.0157
1,-341.1158
2,-341.41873
3,-341.11578
4,-341.0155

Migration Barrier,0.40322876
