Image Index,Energy (eV)
0,-296.5150146484375
1,-296.0303039550781
2,-295.78582763671875
3,-296.0303039550781
4,-296.5149841308594

Migration Barrier,0.72918701171875
