Image,Energy (eV)
0,-687.4603881835938
1,-687.1209106445312
2,-686.711181640625
3,-687.1213989257812
4,-687.4583740234375

Migration Barrier,0.74920654296875
