Image Index,Energy (eV)
0,-448.07776
1,-447.97055
2,-447.92038
3,-447.9843
4,-448.07776

Migration Barrier,0.15737915
