Image Index,Energy (eV)
0,-628.7936502411293
1,-628.3482151955237
2,-628.4004849115252
3,-628.6691931488995
4,-628.7936502369356

Migration Barrier,0.4454350456055636
