Image Index,Energy (eV)
0,-332.98798
1,-332.7084
2,-332.98883
3,-332.7084
4,-332.98795

Migration Barrier,0.28042603
