Image Index,Energy (eV)
0,-640.24267578125
1,-640.0166625976562
2,-639.87939453125
3,-640.0164794921875
4,-640.24267578125

Migration Barrier,0.36328125
