Image Index,Energy (eV)
0,-340.71148681640625
1,-340.4093017578125
2,-340.66949462890625
3,-340.4093322753906
4,-340.71148681640625

Migration Barrier,0.30218505859375
