Image Index,Energy (eV)
0,-705.3343784406936
1,-705.1437689970785
2,-705.1345955904725
3,-705.2311353315852
4,-705.4885555750609

Migration Barrier,0.35395998458841404
