Image Index,Energy (eV)
0,-303.06097379160605
1,-302.383133296536
2,-301.00636721100983
3,-302.3717847969485
4,-303.06057518629717

Migration Barrier,2.0546065805962144
