Image,Energy (eV)
0,-369.7980041503906
1,-368.97186279296875
2,-368.0249938964844
3,-368.6239929199219
4,-369.3346252441406

Migration Barrier,1.77301025390625
