Image Index,Energy (eV)
0,-590.02826
1,-589.9616
2,-589.9117
3,-589.9347
4,-589.978

Migration Barrier,0.11657715
