Image,Energy (eV)
0,-684.369140625
1,-683.8482055664062
2,-684.6429443359375
3,-684.50830078125
4,-684.6939086914062

Migration Barrier,0.845703125
