Image Index,Energy (eV)
0,-847.848
1,-847.8238
2,-847.79724
3,-847.8503
4,-847.89404

Migration Barrier,0.09680176
