Image Index,Energy (eV)
0,-648.7783
1,-648.54553
2,-648.5373
3,-648.54584
4,-648.7784

Migration Barrier,0.24108887
