Image Index,Energy (eV)
0,-325.90616
1,-325.49622
2,-325.1597
3,-325.6648
4,-325.97244

Migration Barrier,0.81274414
