Image Index,Energy (eV)
0,-587.9959716796875
1,-587.91162109375
2,-587.8392333984375
3,-587.895751953125
4,-587.9630126953125

Migration Barrier,0.15673828125
