Image Index,Energy (eV)
0,-472.4346
1,-472.40146
2,-472.19684
3,-472.1997
4,-472.5268

Migration Barrier,0.32995605
