Image Index,Energy (eV)
0,-789.8211
1,-789.623
2,-789.5972
3,-789.60284
4,-789.62
5,-789.251
6,-789.2209
7,-789.4789
8,-789.73773

Migration Barrier,0.6002197
