Image Index,Energy (eV)
0,-321.2509
1,-320.96255
2,-321.02185
3,-320.9623
4,-321.25592

Migration Barrier,0.29360962
