Image Index,Energy (eV)
0,-731.64764
1,-731.5497
2,-731.5252
3,-731.5497
4,-731.64764

Migration Barrier,0.12243652
