Image Index,Energy (eV)
0,-839.2427368164062
1,-839.0669555664062
2,-839.1464233398438
3,-839.0670166015625
4,-839.2427368164062

Migration Barrier,0.17578125
