Image Index,Energy (eV)
0,-325.0142
1,-324.84256
2,-324.6136
3,-324.8427
4,-325.01242

Migration Barrier,0.40060425
