Image Index,Energy (eV)
0,-280.1307067871094
1,-279.9205627441406
2,-279.5304870605469
3,-279.3568115234375
4,-279.04351806640625
5,-278.5240173339844
6,-278.501220703125
7,-278.7398681640625
8,-278.86016845703125

Migration Barrier,1.629486083984375
