Image Index,Energy (eV)
0,-842.1238
1,-841.9556
2,-841.74927
3,-841.8649
4,-841.98517

Migration Barrier,0.37451172
