Image,Energy (eV)
0,-1088.1671142578125
1,-1088.779052734375
2,-1088.244140625
3,-1088.648681640625
4,-1089.0286865234375

Migration Barrier,0.861572265625
