Image,Energy (eV)
0,-1363.866943359375
1,-1363.044189453125
2,-1363.4696044921875
3,-1363.043212890625
4,-1363.8714599609375

Migration Barrier,0.8282470703125
