Image Index,Energy (eV)
0,-322.9972
1,-322.71622
2,-323.032
3,-322.711
4,-322.9958

Migration Barrier,0.3210144
