Image Index,Energy (eV)
0,-1324.21142578125
1,-1323.56689453125
2,-1323.3604736328125
3,-1323.7978515625
4,-1324.21142578125

Migration Barrier,0.8509521484375
