Image Index,Energy (eV)
0,-314.62112
1,-314.34033
2,-314.3113
3,-315.0092
4,-315.20374

Migration Barrier,0.89242554
