Image,Energy (eV)
0,-881.600830078125
1,-880.908203125
2,-880.1478881835938
3,-880.9492797851562
4,-881.6043090820312

Migration Barrier,1.4564208984375
