Image Index,Energy (eV)
0,-471.849853515625
1,-471.3539123535156
2,-470.46319580078125
3,-471.28717041015625
4,-471.84844970703125

Migration Barrier,1.38665771484375
