Image Index,Energy (eV)
0,-325.90616
1,-325.8343
2,-325.57217
3,-325.22867
4,-325.25525
5,-325.524
6,-325.68954
7,-325.86774
8,-325.97244

Migration Barrier,0.7437744
