Image Index,Energy (eV)
0,-306.9400938697418
1,-306.4580071220916
2,-306.63428961895784
3,-306.4576447964833
4,-306.9400938647552

Migration Barrier,0.4824490732585218
