Image Index,Energy (eV)
0,-476.5902
1,-476.33234
2,-476.6495
3,-476.3425
4,-476.60428

Migration Barrier,0.3171692
