Image Index,Energy (eV)
0,-863.6472052151444
1,-863.531071943645
2,-863.3688073916292
3,-863.5310737767159
4,-863.6472052151776

Migration Barrier,0.2783978235484028
