Image,Energy (eV)
0,-729.920166015625
1,-729.4304809570312
2,-729.2059936523438
3,-729.4266967773438
4,-729.9204711914062

Migration Barrier,0.7144775390625
