Image Index,Energy (eV)
0,-370.56341552734375
1,-369.87713623046875
2,-369.34930419921875
3,-370.1702880859375
4,-370.49713134765625

Migration Barrier,1.214111328125
