Image Index,Energy (eV)
0,-395.3326483177036
1,-394.78453942239327
2,-393.98562743404074
3,-394.8549471607587
4,-395.3910385687405

Migration Barrier,1.4054111346997615
