Image Index,Energy (eV)
0,-628.5072
1,-628.18774
2,-628.16364
3,-628.3846
4,-628.5072

Migration Barrier,0.3435669
