Image Index,Energy (eV)
0,-578.43823
1,-578.2003
2,-578.40027
3,-578.2003
4,-578.43823

Migration Barrier,0.23791504
