Image Index,Energy (eV)
0,-315.40850830078125
1,-315.07080078125
2,-315.04852294921875
3,-315.07080078125
4,-315.4084777832031

Migration Barrier,0.3599853515625
