Image Index,Energy (eV)
0,-841.98517
1,-841.88165
2,-841.8328
3,-841.9958
4,-842.1238

Migration Barrier,0.2909546
