Image Index,Energy (eV)
0,-867.54297
1,-867.49243
2,-867.5682
3,-867.4968
4,-867.5327

Migration Barrier,0.07574463
