Image Index,Energy (eV)
0,-828.5421142578125
1,-828.4300537109375
2,-828.0887451171875
3,-828.4300537109375
4,-828.5421142578125

Migration Barrier,0.453369140625
