Image Index,Energy (eV)
0,-805.8392333984375
1,-805.5891723632812
2,-805.4166259765625
3,-805.58642578125
4,-805.83984375

Migration Barrier,0.4232177734375
