Image,Energy (eV)
0,-724.5670166015625
1,-724.30517578125
2,-724.0952758789062
3,-724.3037719726562
4,-724.5663452148438

Migration Barrier,0.47174072265625
