Image,Energy (eV)
0,-801.406005859375
1,-799.7559814453125
2,-797.323486328125
3,-799.7548828125
4,-801.3511352539062

Migration Barrier,4.08251953125
