Image,Energy (eV)
0,-839.2700805664062
1,-839.112060546875
2,-839.10986328125
3,-839.3780517578125
4,-839.5455322265625

Migration Barrier,0.4356689453125
