Image Index,Energy (eV)
0,-687.9291602071536
1,-687.2409818846643
2,-687.9043247377448
3,-687.7782345088546
4,-687.944611536144

Migration Barrier,0.7036296514796732
