Image,Energy (eV)
0,-702.3123168945312
1,-702.16015625
2,-702.072998046875
3,-702.1831665039062
4,-702.31689453125

Migration Barrier,0.243896484375
