Image Index,Energy (eV)
0,-501.75415
1,-501.5868
2,-501.3833
3,-501.57697
4,-501.76382

Migration Barrier,0.38052368
