Image Index,Energy (eV)
0,-912.92426
1,-912.7037
2,-912.4654
3,-912.5083
4,-912.71014

Migration Barrier,0.4588623
