Image Index,Energy (eV)
0,-831.8121065188088
1,-831.1742039282535
2,-831.0556649418188
3,-831.1740440552596
4,-831.8118425742731

Migration Barrier,0.7564415769900279
