Image Index,Energy (eV)
0,-339.415771484375
1,-339.35144
2,-339.1393
3,-338.90494
4,-339.28885
5,-339.53967
6,-339.67856
7,-339.75946
8,-339.7958068847656

Migration Barrier,0.89086914
