Image,Energy (eV)
0,-558.3897094726562
1,-558.2344970703125
2,-558.071044921875
3,-558.1205444335938
4,-558.3886108398438

Migration Barrier,0.31866455078125
