Image Index,Energy (eV)
0,-314.69580078125
1,-314.9145202636719
2,-315.0531921386719
3,-314.85125732421875
4,-314.6925048828125

Migration Barrier,0.360687255859375
