Image Index,Energy (eV)
0,-576.0079345703125
1,-575.2109375
2,-575.3086547851562
3,-575.9931640625
4,-576.3013916015625

Migration Barrier,1.0904541015625
