Image,Energy (eV)
0,-735.826416015625
1,-735.0460815429688
2,-734.63037109375
3,-735.0361938476562
4,-735.8198852539062

Migration Barrier,1.196044921875
