Image Index,Energy (eV)
0,-313.3247
1,-313.06104
2,-313.28354
3,-313.06705
4,-313.31436

Migration Barrier,0.26367188
