Image Index,Energy (eV)
0,-211.30832
1,-211.04042
2,-210.98741
3,-211.37892
4,-211.5877

Migration Barrier,0.600296
