Image Index,Energy (eV)
0,-403.4706074244625
1,-403.05629960425307
2,-402.3525341795868
3,-402.8690510017243
4,-403.470607426531

Migration Barrier,1.1180732469441637
