Image Index,Energy (eV)
0,-568.8132
1,-568.60474
2,-568.3547
3,-568.60474
4,-568.8132

Migration Barrier,0.4584961
