Image Index,Energy (eV)
0,-745.9544677734375
1,-745.981201171875
2,-745.8572998046875
3,-745.981201171875
4,-745.9544677734375

Migration Barrier,0.1239013671875
