Image Index,Energy (eV)
0,-613.057
1,-612.6651
2,-612.62354
3,-612.6651
4,-613.057

Migration Barrier,0.43347168
