Image Index,Energy (eV)
0,-1073.913763212407
1,-1073.579474451142
2,-1073.0366561508013
3,-1073.4775962663282
4,-1073.9357761037263

Migration Barrier,0.899119952925048
