Image Index,Energy (eV)
0,-1363.4848010423739
1,-1362.7360358402839
2,-1363.1660876670917
3,-1362.736059204391
4,-1363.484803936696

Migration Barrier,0.74876809641205
