Image Index,Energy (eV)
0,-406.99258
1,-406.96436
2,-406.94717
3,-406.95773
4,-406.99725

Migration Barrier,0.050079346
