Image,Energy (eV)
0,-432.58404541015625
1,-432.52386474609375
2,-432.2295837402344
3,-432.1811218261719
4,-432.6898193359375

Migration Barrier,0.508697509765625
