Image Index,Energy (eV)
0,-686.031
1,-685.93463
2,-685.96686
3,-685.9335
4,-686.0318

Migration Barrier,0.09832764
