Image Index,Energy (eV)
0,-453.56882
1,-453.41568
2,-453.123
3,-453.40472
4,-453.5708

Migration Barrier,0.44781494
