Image Index,Energy (eV)
0,-251.30245971679688
1,-251.23433
2,-251.01282
3,-250.82693
4,-250.66942
5,-250.61801
6,-250.92061
7,-251.22989
8,-251.3053741455078

Migration Barrier,0.6873627
