Image Index,Energy (eV)
0,-1255.3936925349717
1,-1255.1289175142344
2,-1255.2109889227338
3,-1255.0419619774846
4,-1255.393357929054

Migration Barrier,0.3517305574871443
