Image Index,Energy (eV)
0,-232.8316192626953
1,-232.31838989257812
2,-231.4877166748047
3,-231.119140625
4,-231.15328979492188

Migration Barrier,1.7124786376953125
