Image Index,Energy (eV)
0,-279.347412109375
1,-278.47711181640625
2,-278.15155029296875
3,-278.56854248046875
4,-278.9979248046875

Migration Barrier,1.19586181640625
