Image Index,Energy (eV)
0,-117.68512725830078
1,-117.76268768310547
2,-117.33338928222656
3,-117.76272583007812
4,-117.68514251708984

Migration Barrier,0.4293365478515625
