Image Index,Energy (eV)
0,-773.7249755859375
1,-773.6536865234375
2,-773.2701416015625
3,-773.6537475585938
4,-773.7249755859375

Migration Barrier,0.454833984375
