Image Index,Energy (eV)
0,-215.2916259765625
1,-215.22119140625
2,-214.4534912109375
3,-213.76315307617188
4,-214.2589569091797

Migration Barrier,1.528472900390625
