Image Index,Energy (eV)
0,-404.46417
1,-404.37375
2,-404.31134
3,-404.28497
4,-404.46417

Migration Barrier,0.17919922
