Image Index,Energy (eV)
0,-241.44821862749032
1,-241.12024595114963
2,-240.48762482911403
3,-240.30743219321567
4,-240.4853865932674

Migration Barrier,1.140786434274645
