Image Index,Energy (eV)
0,-415.35797
1,-414.99847
2,-414.16705
3,-414.85254
4,-415.34286

Migration Barrier,1.190918
