Image,Energy (eV)
0,-2171.12939453125
1,-2170.716064453125
2,-2170.376708984375
3,-2170.8037109375
4,-2171.207763671875

Migration Barrier,0.8310546875
