Image Index,Energy (eV)
0,-231.61966
1,-231.31834
2,-231.21123
3,-231.66264
4,-231.89548

Migration Barrier,0.6842499
