Image Index,Energy (eV)
0,-587.0531005859375
1,-586.6526489257812
2,-586.2394409179688
3,-586.556396484375
4,-586.9320068359375

Migration Barrier,0.81365966796875
