Image Index,Energy (eV)
0,-556.3307
1,-556.3287
2,-556.35974
3,-556.3287
4,-556.3306

Migration Barrier,0.031066895
