Image Index,Energy (eV)
0,-326.61544658003606
1,-326.33598877410395
2,-326.8803211557655
3,-326.3358929914885
4,-326.6154465736392

Migration Barrier,0.5444281642770079
