Image Index,Energy (eV)
0,-895.6712036132812
1,-895.62396
2,-895.5501
3,-895.41565
4,-895.3675
5,-895.407
6,-895.5644
7,-895.6608
8,-895.6220703125

Migration Barrier,0.30371094
