Image,Energy (eV)
0,-320.6238098144531
1,-320.0926208496094
2,-319.68487548828125
3,-320.31793212890625
4,-320.6282958984375

Migration Barrier,0.94342041015625
