Image Index,Energy (eV)
0,-558.509765625
1,-558.38720703125
2,-558.246337890625
3,-558.2598266601562
4,-558.509765625

Migration Barrier,0.263427734375
