Image Index,Energy (eV)
0,-529.4517
1,-529.1266
2,-528.53064
3,-529.07654
4,-529.45435

Migration Barrier,0.92370605
