Image Index,Energy (eV)
0,-300.3796
1,-300.31445
2,-300.08926
3,-299.64056
4,-299.4256
5,-299.62497
6,-299.91336
7,-300.2237
8,-300.32184

Migration Barrier,0.95401
