Image Index,Energy (eV)
0,-776.3561
1,-776.13824
2,-775.74097
3,-775.836
4,-776.3552

Migration Barrier,0.6151123
