Image Index,Energy (eV)
0,-413.15125
1,-413.05548
2,-413.28223
3,-413.05582
4,-413.15125

Migration Barrier,0.2267456
