Image Index,Energy (eV)
0,-344.49097
1,-344.14774
2,-344.4709
3,-344.14774
4,-344.49097

Migration Barrier,0.3432312
