Image Index,Energy (eV)
0,-799.106689453125
1,-798.6312255859375
2,-798.4138793945312
3,-798.6311645507812
4,-799.106689453125

Migration Barrier,0.69281005859375
