Image Index,Energy (eV)
0,-387.032
1,-386.62885
2,-386.4059
3,-386.62885
4,-387.032

Migration Barrier,0.62609863
