Image Index,Energy (eV)
0,-1088.27197265625
1,-1087.95458984375
2,-1087.50341796875
3,-1087.926025390625
4,-1088.2596435546875

Migration Barrier,0.7685546875
