Image Index,Energy (eV)
0,-1343.6961595237403
1,-1343.4499301495778
2,-1343.2331542091038
3,-1343.4499327150809
4,-1343.69615952374

Migration Barrier,0.46300531463657535
