Image Index,Energy (eV)
0,-659.07153
1,-658.96423
2,-658.7054
3,-658.7084
4,-658.79675

Migration Barrier,0.3661499
