Image,Energy (eV)
0,-738.1803588867188
1,-737.8817138671875
2,-737.6741333007812
3,-737.8858032226562
4,-738.2091674804688

Migration Barrier,0.5350341796875
