Image Index,Energy (eV)
0,-366.87542724609375
1,-367.12139892578125
2,-367.5528564453125
3,-367.1656799316406
4,-366.87542724609375

Migration Barrier,0.67742919921875
