Image Index,Energy (eV)
0,-694.2133178710938
1,-693.1195068359375
2,-691.6985473632812
3,-693.1458740234375
4,-694.2133178710938

Migration Barrier,2.5147705078125
