Image,Energy (eV)
0,-865.4561157226562
1,-865.3486938476562
2,-864.984619140625
3,-865.0328979492188
4,-865.4539184570312

Migration Barrier,0.47149658203125
