Image Index,Energy (eV)
0,-854.836
1,-854.704
2,-854.65826
3,-854.7042
4,-854.836

Migration Barrier,0.17773438
