Image,Energy (eV)
0,-315.3724670410156
1,-314.96826171875
2,-315.1792297363281
3,-314.9644470214844
4,-315.37579345703125

Migration Barrier,0.411346435546875
