Image Index,Energy (eV)
0,-268.10452
1,-268.0648
2,-267.97083
3,-267.83588
4,-267.75037
5,-267.72073
6,-267.6826
7,-267.67194
8,-267.6876

Migration Barrier,0.43258667
