Image Index,Energy (eV)
0,-303.30133
1,-303.0279
2,-303.34006
3,-303.02792
4,-303.30133

Migration Barrier,0.3121643
