Image Index,Energy (eV)
0,-749.3825
1,-749.11456
2,-749.0823
3,-749.12195
4,-749.3898

Migration Barrier,0.30749512
