Image Index,Energy (eV)
0,-280.38293
1,-279.75275
2,-279.54276
3,-279.78812
4,-280.1795

Migration Barrier,0.84017944
