Image Index,Energy (eV)
0,-215.08955
1,-214.9895
2,-214.40234
3,-213.98854
4,-214.45297

Migration Barrier,1.1010132
