Image,Energy (eV)
0,-1395.329345703125
1,-1395.223876953125
2,-1395.0001220703125
3,-1394.9588623046875
4,-1396.229248046875

Migration Barrier,1.2703857421875
