Image,Energy (eV)
0,-377.6046142578125
1,-376.42578125
2,-377.3459777832031
3,-376.4292297363281
4,-377.6011047363281

Migration Barrier,1.1788330078125
