Image,Energy (eV)
0,-466.8258056640625
1,-466.85552978515625
2,-466.82867431640625
3,-466.8769226074219
4,-466.91864013671875

Migration Barrier,0.09283447265625
