Image Index,Energy (eV)
0,-803.7236328125
1,-803.275146484375
2,-802.7433471679688
3,-803.275146484375
4,-803.7236328125

Migration Barrier,0.98028564453125
