Image Index,Energy (eV)
0,-754.00048828125
1,-753.781982421875
2,-753.534423828125
3,-753.7820434570312
4,-754.00048828125

Migration Barrier,0.466064453125
