Image Index,Energy (eV)
0,-819.9859255900918
1,-819.3399030606847
2,-819.2098391903652
3,-819.3399086607744
4,-819.9858975585674

Migration Barrier,0.776086399726637
