Image,Energy (eV)
0,-709.5003662109375
1,-709.091796875
2,-708.6029663085938
3,-709.0917358398438
4,-709.49951171875

Migration Barrier,0.89739990234375
