Image Index,Energy (eV)
0,-400.029052734375
1,-399.9166564941406
2,-399.87481689453125
3,-399.9066162109375
4,-400.02484130859375

Migration Barrier,0.15423583984375
