Image Index,Energy (eV)
0,-780.431
1,-780.1912
2,-779.9883
3,-780.19116
4,-780.431

Migration Barrier,0.44274902
