Image Index,Energy (eV)
0,-743.6169
1,-743.50806
2,-743.32056
3,-743.4019
4,-743.5572

Migration Barrier,0.29632568
