Image Index,Energy (eV)
0,-734.8223
1,-734.7321
2,-734.66064
3,-734.7321
4,-734.8223

Migration Barrier,0.16168213
