Image Index,Energy (eV)
0,-1310.797607421875
1,-1310.2711181640625
2,-1309.489501953125
3,-1310.27099609375
4,-1310.7972412109375

Migration Barrier,1.30810546875
