Image Index,Energy (eV)
0,-796.6043100360326
1,-796.3213940824398
2,-796.2608603346837
3,-796.5309339788566
4,-796.8179702178395

Migration Barrier,0.5571098831558174
