Image Index,Energy (eV)
0,-807.9588088170689
1,-807.5195591112699
2,-807.697921458245
3,-807.720203065566
4,-807.9588088170688

Migration Barrier,0.43924970579894307
