Image Index,Energy (eV)
0,-756.7022180047767
1,-756.5362193417359
2,-756.3223248304234
3,-756.5362085705968
4,-756.7022180047754

Migration Barrier,0.3798931743532421
