Image Index,Energy (eV)
0,-423.8226
1,-423.35938
2,-422.5212
3,-423.21823
4,-423.72684

Migration Barrier,1.3013916
