Image Index,Energy (eV)
0,-343.1255
1,-342.8149
2,-343.17557
3,-342.8149
4,-343.1255

Migration Barrier,0.36065674
