Image Index,Energy (eV)
0,-391.16678
1,-390.6039
2,-390.2389
3,-390.68243
4,-391.0064

Migration Barrier,0.92788696
