Image Index,Energy (eV)
0,-433.63052
1,-433.4802
2,-433.2777
3,-433.47757
4,-433.63242

Migration Barrier,0.3547058
