Image Index,Energy (eV)
0,-207.57426
1,-207.4347
2,-207.22958
3,-207.43471
4,-207.57433

Migration Barrier,0.34474182
