Image Index,Energy (eV)
0,-623.6812073503905
1,-623.4985957789128
2,-623.4355524013129
3,-623.5628083101499
4,-623.7491844888168

Migration Barrier,0.31363208750394733
