Image Index,Energy (eV)
0,-694.34906
1,-694.231
2,-694.18695
3,-694.231
4,-694.34906

Migration Barrier,0.16210938
