Image,Energy (eV)
0,-1791.050048828125
1,-1790.8643798828125
2,-1790.7564697265625
3,-1790.8531494140625
4,-1791.056884765625

Migration Barrier,0.3004150390625
