Image Index,Energy (eV)
0,-264.2923
1,-263.91058
2,-263.3324
3,-263.76697
4,-264.21255

Migration Barrier,0.9598999
