Image,Energy (eV)
0,-713.88330078125
1,-712.5119018554688
2,-711.1570434570312
3,-712.4412841796875
4,-713.8914184570312

Migration Barrier,2.734375
