Image Index,Energy (eV)
0,-415.9334716796875
1,-415.19500732421875
2,-413.7979736328125
3,-415.1254577636719
4,-415.93292236328125

Migration Barrier,2.135498046875
