Image Index,Energy (eV)
0,-320.023
1,-319.79276
2,-319.84354
3,-319.79276
4,-320.023

Migration Barrier,0.23025513
