Image Index,Energy (eV)
0,-355.3629982319982
1,-355.083520181178
2,-355.0405156980907
3,-355.0824986915731
4,-355.3626880669199

Migration Barrier,0.3224825339074755
