Image,Energy (eV)
0,-730.6331787109375
1,-730.09423828125
2,-728.982421875
3,-729.55908203125
4,-729.9126586914062

Migration Barrier,1.6507568359375
