Image Index,Energy (eV)
0,-834.1464
1,-834.0244
2,-833.9294
3,-834.03894
4,-834.16724

Migration Barrier,0.237854
