Image Index,Energy (eV)
0,-795.2309
1,-794.974
2,-794.95856
3,-795.19196
4,-795.35944

Migration Barrier,0.4008789
