Image Index,Energy (eV)
0,-345.8661
1,-345.51007
2,-345.4033
3,-345.51007
4,-345.8661

Migration Barrier,0.46279907
