Image Index,Energy (eV)
0,-795.437142150193
1,-795.2105114301373
2,-795.1668692544929
3,-795.3163729077253
4,-795.5918814273543

Migration Barrier,0.4250121728614431
