Image,Energy (eV)
0,-369.7975769042969
1,-369.6197204589844
2,-369.160400390625
3,-368.6304626464844
4,-368.14337158203125
5,-368.1502990722656
6,-368.75262451171875
7,-369.1457214355469
8,-369.3285827636719

Migration Barrier,1.654205322265625
