Image Index,Energy (eV)
0,-305.5814
1,-305.2253
2,-305.3913
3,-305.2253
4,-305.58133

Migration Barrier,0.3560791
