Image,Energy (eV)
0,-388.4846496582031
1,-388.0620422363281
2,-388.01202392578125
3,-388.25177001953125
4,-388.4518737792969
5,-388.19708251953125
6,-387.9146728515625
7,-388.32049560546875
8,-388.50372314453125

Migration Barrier,0.58905029296875
