Image,Energy (eV)
0,-799.464111328125
1,-799.0984497070312
2,-799.0013427734375
3,-799.330322265625
4,-799.6625366210938

Migration Barrier,0.66119384765625
