Image Index,Energy (eV)
0,-770.44275
1,-770.21356
2,-770.1407
3,-770.21246
4,-770.44336

Migration Barrier,0.30267334
