Image Index,Energy (eV)
0,-658.00048828125
1,-657.8170166015625
2,-657.6187133789062
3,-657.8409423828125
4,-658.0340576171875

Migration Barrier,0.41534423828125
