Image Index,Energy (eV)
0,-556.3307
1,-556.23517
2,-556.23126
3,-556.282
4,-556.3307

Migration Barrier,0.09942627
