Image Index,Energy (eV)
0,-589.56146
1,-589.4466
2,-589.4212
3,-589.49133
4,-589.55304

Migration Barrier,0.14025879
