Image Index,Energy (eV)
0,-312.681640625
1,-312.1524353027344
2,-312.31719970703125
3,-312.1526184082031
4,-312.6813049316406

Migration Barrier,0.529205322265625
