Image,Energy (eV)
0,-300.76434326171875
1,-299.86846923828125
2,-298.2911376953125
3,-299.8091125488281
4,-300.7828369140625

Migration Barrier,2.49169921875
