Image,Energy (eV)
0,-797.9088559243933
1,-797.9291012346067
2,-797.8083298899003
3,-797.6789463449061
4,-797.6241798489209
5,-797.6693293089083
6,-797.791407359284
7,-797.9162621700027
8,-797.9304489623744

Migration Barrier,0.3062691134534816
