Image Index,Energy (eV)
0,-824.8177490234375
1,-824.4890747070312
2,-823.9737548828125
3,-824.4788818359375
4,-824.8143310546875

Migration Barrier,0.843994140625
