Image,Energy (eV)
0,-752.164306640625
1,-751.85498046875
2,-751.5531005859375
3,-751.8523559570312
4,-752.1677856445312

Migration Barrier,0.61468505859375
