Image Index,Energy (eV)
0,-906.77106
1,-906.5706
2,-906.23376
3,-906.57355
4,-906.76697

Migration Barrier,0.5372925
