Image,Energy (eV)
0,-799.4520874023438
1,-799.2565307617188
2,-798.8944091796875
3,-799.07275390625
4,-799.2259521484375

Migration Barrier,0.55767822265625
