Image Index,Energy (eV)
0,-555.93317
1,-555.9072
2,-555.9097
3,-555.9026
4,-555.96814

Migration Barrier,0.06555176
