Image,Energy (eV)
0,-779.6737670898438
1,-779.3580322265625
2,-779.134765625
3,-779.359619140625
4,-779.6508178710938

Migration Barrier,0.53900146484375
