Image,Energy (eV)
0,-172.7361297607422
1,-170.53012084960938
2,-170.78688049316406
3,-170.53009033203125
4,-172.7349853515625

Migration Barrier,2.2060394287109375
