Image Index,Energy (eV)
0,-1825.124881409642
1,-1824.7980109480975
2,-1824.3713738903048
3,-1824.9609461388375
4,-1825.201600429939

Migration Barrier,0.8302265396341681
