Image Index,Energy (eV)
0,-999.7373
1,-999.1874
2,-998.5392
3,-999.28766
4,-999.8102

Migration Barrier,1.2709961
