Image Index,Energy (eV)
0,-1103.854322220779
1,-1103.5157722096335
2,-1103.1642027877738
3,-1103.6725061950128
4,-1104.1395815749227

Migration Barrier,0.9753787871488839
