Image Index,Energy (eV)
0,-399.28857
1,-399.41953
2,-399.52826
3,-399.06833
4,-398.10855
5,-398.69733
6,-399.4587
7,-399.41586
8,-399.28763

Migration Barrier,1.4197083
