Image Index,Energy (eV)
0,-303.40112
1,-303.0523
2,-303.1966
3,-303.0523
4,-303.40112

Migration Barrier,0.34881592
