Image Index,Energy (eV)
0,-725.60791015625
1,-725.0682983398438
2,-724.8314208984375
3,-725.0750732421875
4,-725.6085205078125

Migration Barrier,0.777099609375
