Image Index,Energy (eV)
0,-140.75758
1,-140.79243
2,-140.63737
3,-140.79243
4,-140.75758

Migration Barrier,0.15505981
