Image Index,Energy (eV)
0,-314.2286607342078
1,-313.4912843391138
2,-313.5115020125545
3,-313.50312615279813
4,-314.23108134782075

Migration Barrier,0.7397970087069439
