Image Index,Energy (eV)
0,-377.056
1,-376.8604
2,-376.61584
3,-377.31357
4,-377.51624

Migration Barrier,0.9003906
