Image,Energy (eV)
0,-708.73974609375
1,-707.8275146484375
2,-708.1649169921875
3,-708.4754028320312
4,-709.3041381835938

Migration Barrier,1.47662353515625
