Image Index,Energy (eV)
0,-696.7441
1,-696.54236
2,-696.34625
3,-696.54236
4,-696.744

Migration Barrier,0.39782715
