Image Index,Energy (eV)
0,-867.6537
1,-867.52594
2,-867.30023
3,-867.52594
4,-867.6537

Migration Barrier,0.3534546
