Image Index,Energy (eV)
0,-837.97565
1,-837.72424
2,-837.6228
3,-837.72424
4,-837.9756

Migration Barrier,0.35284424
