Image Index,Energy (eV)
0,-855.5357666015625
1,-855.2926025390625
2,-855.0466918945312
3,-855.2927856445312
4,-855.5344848632812

Migration Barrier,0.48907470703125
