Image Index,Energy (eV)
0,-339.58636
1,-339.18738
2,-339.00784
3,-339.1872
4,-339.58316

Migration Barrier,0.5785217
