Image Index,Energy (eV)
0,-282.28460693359375
1,-281.91925048828125
2,-282.01513671875
3,-281.91925048828125
4,-282.2846374511719

Migration Barrier,0.365386962890625
