Image,Energy (eV)
0,-597.503662109375
1,-597.7178955078125
2,-597.59521484375
3,-597.6889038085938
4,-597.749267578125

Migration Barrier,0.24560546875
