Image Index,Energy (eV)
0,-383.99063
1,-383.56152
2,-383.6297
3,-384.13605
4,-384.30194

Migration Barrier,0.7404175
