Image Index,Energy (eV)
0,-720.1129503745422
1,-719.755360040012
2,-719.7883436337659
3,-719.6143092574282
4,-720.1129597129141

Migration Barrier,0.4986504554858584
