Image Index,Energy (eV)
0,-529.3824462890625
1,-529.0811767578125
2,-528.565673828125
3,-529.0753173828125
4,-529.3875732421875

Migration Barrier,0.8218994140625
