Image Index,Energy (eV)
0,-878.45746
1,-878.06506
2,-877.58905
3,-878.11127
4,-878.4577

Migration Barrier,0.86865234
