Image Index,Energy (eV)
0,-925.21814
1,-924.8171
2,-924.6665
3,-925.09033
4,-925.224

Migration Barrier,0.5574951
