Image Index,Energy (eV)
0,-987.11755
1,-986.273
2,-986.14264
3,-986.27313
4,-987.11743

Migration Barrier,0.97491455
