Image Index,Energy (eV)
0,-317.6047668457031
1,-317.5273132324219
2,-318.1626281738281
3,-317.52728271484375
4,-317.604736328125

Migration Barrier,0.635345458984375
