Image,Energy (eV)
0,-756.7631225585938
1,-756.5374145507812
2,-756.4082641601562
3,-756.5391845703125
4,-756.7650756835938

Migration Barrier,0.3568115234375
