Image Index,Energy (eV)
0,-317.70861890041124
1,-317.36505686147393
2,-317.66914489493195
3,-317.3650568736819
4,-317.7086189818424

Migration Barrier,0.34356212036846046
