Image Index,Energy (eV)
0,-436.8991
1,-435.79477
2,-436.54642
3,-435.7948
4,-436.89908

Migration Barrier,1.1043396
