Image,Energy (eV)
0,-429.53033447265625
1,-429.48211669921875
2,-429.304931640625
3,-429.47998046875
4,-429.5326232910156

Migration Barrier,0.227691650390625
