Image,Energy (eV)
0,-838.1027221679688
1,-837.836669921875
2,-837.4193725585938
3,-837.8370361328125
4,-838.102783203125

Migration Barrier,0.68341064453125
