Image Index,Energy (eV)
0,-777.80827782809
1,-777.7497718119857
2,-777.7036391115682
3,-777.7881007913387
4,-777.8577733886823

Migration Barrier,0.15413427711405348
