Image Index,Energy (eV)
0,-334.1056
1,-333.84836
2,-334.09418
3,-333.84836
4,-334.1056

Migration Barrier,0.25723267
