Image Index,Energy (eV)
0,-719.7048
1,-719.5954
2,-719.58923
3,-719.5952
4,-719.70197

Migration Barrier,0.11553955
