Image,Energy (eV)
0,-299.2851683153637
1,-299.25058633581926
2,-299.07130558913667
3,-298.68578862200116
4,-298.46131764176414
5,-298.65910927331606
6,-298.84313221053765
7,-298.97043543346695
8,-299.05289374852913

Migration Barrier,0.8238506735995657
