Image Index,Energy (eV)
0,-925.380777667983
1,-925.3852100133837
2,-925.4695992717459
3,-925.3852441929829
4,-925.380785989863

Migration Barrier,0.08882160376288084
