Image Index,Energy (eV)
0,-753.3785
1,-753.35504
2,-753.30896
3,-753.35394
4,-753.3862

Migration Barrier,0.07727051
