Image Index,Energy (eV)
0,-1116.204177129629
1,-1115.8093699290478
2,-1115.4927614720089
3,-1115.7907714155165
4,-1115.9854053692966

Migration Barrier,0.7114156576201367
