Image Index,Energy (eV)
0,-842.8982224432534
1,-842.6379975385856
2,-842.446732407723
3,-842.4988528939864
4,-842.6913745379472

Migration Barrier,0.45149003553046896
