Image,Energy (eV)
0,-791.8819580078125
1,-791.5590209960938
2,-791.5991821289062
3,-791.07666015625
4,-791.83251953125

Migration Barrier,0.8052978515625
