Image,Energy (eV)
0,-725.2720947265625
1,-724.859375
2,-724.7396240234375
3,-724.9852905273438
4,-725.3933715820312

Migration Barrier,0.65374755859375
