Image,Energy (eV)
0,-282.1883850097656
1,-281.5791015625
2,-280.9762268066406
3,-281.6038513183594
4,-282.1455993652344

Migration Barrier,1.212158203125
