Image Index,Energy (eV)
0,-308.5363951625187
1,-308.38133945800166
2,-308.4649839983882
3,-308.38133812041303
4,-308.5363935101221

Migration Barrier,0.15505704210568183
