Image Index,Energy (eV)
0,-315.4316516091476
1,-315.02711738946965
2,-314.4035157344628
3,-314.8016496963221
4,-315.23374713712434

Migration Barrier,1.0281358746847786
