Image Index,Energy (eV)
0,-426.5383605957031
1,-426.45868
2,-426.1931
3,-425.89886
4,-425.6011
5,-425.6108
6,-425.79428
7,-425.97137
8,-426.0721435546875

Migration Barrier,0.93725586
