Image Index,Energy (eV)
0,-1526.9823610834137
1,-1526.393939451129
2,-1525.7784101224554
3,-1526.5378696329642
4,-1526.9823610834148

Migration Barrier,1.203950960959446
