Image Index,Energy (eV)
0,-1309.0585899017199
1,-1308.915208398545
2,-1308.8153063007903
3,-1308.9152083996414
4,-1309.0585899013738

Migration Barrier,0.24328360092954426
