Image Index,Energy (eV)
0,-795.437142150193
1,-795.2643353854763
2,-794.9040308565498
3,-795.0998419628047
4,-795.437142150193

Migration Barrier,0.5331112936432874
