Image Index,Energy (eV)
0,-448.372802734375
1,-447.9192810058594
2,-447.2136535644531
3,-447.9111022949219
4,-448.3712158203125

Migration Barrier,1.159149169921875
