Image Index,Energy (eV)
0,-210.24687
1,-209.93217
2,-209.8757
3,-210.23341
4,-210.70174

Migration Barrier,0.82603455
