Image Index,Energy (eV)
0,-289.504825871476
1,-289.02343254251224
2,-289.27097307729525
3,-289.02343254245534
4,-289.50482586959185

Migration Barrier,0.4813933290206478
