Image,Energy (eV)
0,-523.9409771380822
1,-523.943943574485
2,-523.9356219805278
3,-523.9225613574137
4,-523.9051174889228
5,-523.8972188970014
6,-523.8955372765034
7,-523.8911921569841
8,-523.8799564223909

Migration Barrier,0.06398715209411421
