Image,Energy (eV)
0,-657.1975708007812
1,-656.9303588867188
2,-656.7393188476562
3,-656.927490234375
4,-657.1982421875

Migration Barrier,0.45892333984375
