Image Index,Energy (eV)
0,-278.82965087890625
1,-278.19854736328125
2,-277.4898986816406
3,-278.19976806640625
4,-278.82965087890625

Migration Barrier,1.339752197265625
