Image,Energy (eV)
0,-687.0747680664062
1,-687.1493530273438
2,-687.349365234375
3,-687.14892578125
4,-687.074951171875

Migration Barrier,0.27459716796875
