Image Index,Energy (eV)
0,-212.75991821289062
1,-212.35267639160156
2,-211.94577026367188
3,-212.3526611328125
4,-212.75994873046875

Migration Barrier,0.814178466796875
