Image Index,Energy (eV)
0,-1798.3015057136831
1,-1797.7901273106534
2,-1796.9159940910188
3,-1797.7901296027844
4,-1798.3015057136831

Migration Barrier,1.3855116226643531
