Image Index,Energy (eV)
0,-395.31305
1,-395.24863
2,-395.26187
3,-395.24304
4,-395.30862

Migration Barrier,0.070007324
