Image Index,Energy (eV)
0,-837.5097
1,-837.5657
2,-837.67554
3,-837.5656
4,-837.5097

Migration Barrier,0.16583252
