Image Index,Energy (eV)
0,-404.3788309953177
1,-404.2637677294268
2,-403.56433167134566
3,-404.05375309079807
4,-404.4202750213469

Migration Barrier,0.8559433500012688
