Image Index,Energy (eV)
0,-304.4441833496094
1,-304.276
2,-303.8854
3,-303.77536
4,-303.52322
5,-303.2252
6,-303.26627
7,-303.4465
8,-303.55047607421875

Migration Barrier,1.2189941
