Image Index,Energy (eV)
0,-658.6933
1,-658.56354
2,-658.41833
3,-658.56354
4,-658.6933

Migration Barrier,0.27496338
