Image,Energy (eV)
0,-945.690673828125
1,-945.5443115234375
2,-945.322265625
3,-945.543701171875
4,-945.6931762695312

Migration Barrier,0.37091064453125
