Image,Energy (eV)
0,-211.73219299316406
1,-211.3221435546875
2,-210.9317626953125
3,-211.31948852539062
4,-211.7358856201172

Migration Barrier,0.8041229248046875
