Image Index,Energy (eV)
0,-461.87750901588106
1,-461.1307676288853
2,-461.5491255285001
3,-461.13078950848575
4,-461.87750901588106

Migration Barrier,0.7467413869957795
