Image Index,Energy (eV)
0,-710.2009660498734
1,-709.5796356179907
2,-709.5979066990157
3,-709.5796322439245
4,-710.2009659879479

Migration Barrier,0.6213338059488933
