Image Index,Energy (eV)
0,-314.73494065241874
1,-314.4503082729027
2,-314.44972206029956
3,-315.2068263521119
4,-315.39320407689746

Migration Barrier,0.9434820165978977
