Image Index,Energy (eV)
0,-184.08391
1,-183.96373
2,-183.65788
3,-183.96405
4,-184.08434

Migration Barrier,0.42645264
