Image Index,Energy (eV)
0,-828.2324
1,-827.98474
2,-827.85205
3,-827.9847
4,-828.2324

Migration Barrier,0.3803711
