Image,Energy (eV)
0,-708.8148193359375
1,-708.64404296875
2,-708.614990234375
3,-708.642578125
4,-708.8115844726562

Migration Barrier,0.1998291015625
