Image Index,Energy (eV)
0,-820.6027393729488
1,-820.5760990434147
2,-820.5124341371752
3,-820.5760990434139
4,-820.6027393729488

Migration Barrier,0.09030523577359872
