Image,Energy (eV)
0,-367.51861572265625
1,-367.2302551269531
2,-367.0370788574219
3,-367.2066650390625
4,-367.6435241699219

Migration Barrier,0.6064453125
