Image,Energy (eV)
0,-5297.2451171875
1,-5296.6728515625
2,-5295.978515625
3,-5296.70654296875
4,-5297.2685546875

Migration Barrier,1.2900390625
