Image,Energy (eV)
0,-1301.50390625
1,-1300.761962890625
2,-1299.830810546875
3,-1300.8350830078125
4,-1301.5159912109375

Migration Barrier,1.6851806640625
