Image Index,Energy (eV)
0,-288.25485
1,-287.76978
2,-287.0042
3,-287.7698
4,-288.25485

Migration Barrier,1.2506409
