Image Index,Energy (eV)
0,-276.3556
1,-276.00854
2,-276.04065
3,-276.0084
4,-276.35556

Migration Barrier,0.3471985
