Image Index,Energy (eV)
0,-302.8982
1,-303.00327
2,-303.31354
3,-303.0032
4,-302.8981

Migration Barrier,0.4154358
