Image Index,Energy (eV)
0,-747.44
1,-747.19275
2,-747.1365
3,-747.19275
4,-747.44

Migration Barrier,0.30352783
