Image Index,Energy (eV)
0,-801.4768974771087
1,-800.8697882221253
2,-800.7892501847286
3,-800.8698298217621
4,-801.476897381927

Migration Barrier,0.6876472923800065
