Image Index,Energy (eV)
0,-332.26196
1,-331.79654
2,-330.98203
3,-331.799
4,-332.26596

Migration Barrier,1.2839355
