Image Index,Energy (eV)
0,-920.42065
1,-920.16046
2,-919.81226
3,-920.0788
4,-920.42065

Migration Barrier,0.60839844
