Image Index,Energy (eV)
0,-842.486908190868
1,-842.3552382204583
2,-842.3230080821321
3,-842.2195463182863
4,-842.2705069111831

Migration Barrier,0.26736187258165955
