Image Index,Energy (eV)
0,-210.38260473924018
1,-209.38301649395063
2,-207.75697007345536
3,-207.913842648171
4,-210.7813830791456

Migration Barrier,3.024413005690235
