Image Index,Energy (eV)
0,-300.02823
1,-299.76337
2,-300.14206
3,-299.76337
4,-300.02826

Migration Barrier,0.37869263
