Image,Energy (eV)
0,-479.79248046875
1,-479.2132263183594
2,-478.3768005371094
3,-479.2178649902344
4,-479.79132080078125

Migration Barrier,1.415679931640625
