Image Index,Energy (eV)
0,-685.2935791015625
1,-685.2259521484375
2,-685.275634765625
3,-685.2299194335938
4,-685.3045654296875

Migration Barrier,0.07861328125
