Image Index,Energy (eV)
0,-878.7535231625955
1,-878.446141884462
2,-878.1503005869016
3,-878.4461427767616
4,-878.7535231308984

Migration Barrier,0.6032225756938487
