Image Index,Energy (eV)
0,-318.22731553899746
1,-317.89365740772763
2,-318.1604192238535
3,-317.8936574001521
4,-318.2273154889414

Migration Barrier,0.333658138845351
