Image Index,Energy (eV)
0,-391.31296
1,-390.99167
2,-391.2003
3,-390.99112
4,-391.3102

Migration Barrier,0.32183838
