Image,Energy (eV)
0,-1089.02294921875
1,-1088.6436767578125
2,-1088.1861572265625
3,-1088.640869140625
4,-1089.024169921875

Migration Barrier,0.8380126953125
