Image Index,Energy (eV)
0,-2781.02587890625
1,-2780.587646484375
2,-2780.71044921875
3,-2780.58740234375
4,-2781.02587890625

Migration Barrier,0.4384765625
