Image Index,Energy (eV)
0,-316.2141158213824
1,-316.41138090969326
2,-316.79264231652206
3,-316.3443864798287
4,-316.21275957718314

Migration Barrier,0.5798827393389274
