Image Index,Energy (eV)
0,-317.2238
1,-317.37592
2,-317.6798
3,-317.29068
4,-317.21945

Migration Barrier,0.46035767
