Image,Energy (eV)
0,-909.0564575195312
1,-907.5721435546875
2,-904.9307861328125
3,-907.8738403320312
4,-909.049072265625

Migration Barrier,4.12567138671875
