Image,Energy (eV)
0,-286.4569091796875
1,-286.0950622558594
2,-286.3027038574219
3,-286.09332275390625
4,-286.4599304199219

Migration Barrier,0.366607666015625
