Image Index,Energy (eV)
0,-704.9574
1,-704.856
2,-704.83105
3,-704.85785
4,-704.9276

Migration Barrier,0.12634277
