Image Index,Energy (eV)
0,-1401.8256009496486
1,-1401.215647624772
2,-1400.7952640212561
3,-1401.3357261665753
4,-1401.8255960802205

Migration Barrier,1.030336928392444
