Image Index,Energy (eV)
0,-589.55304
1,-589.51215
2,-589.5273
3,-589.50757
4,-589.56146

Migration Barrier,0.053894043
