Image Index,Energy (eV)
0,-196.4478759765625
1,-196.38243103027344
2,-196.17337036132812
3,-195.74151611328125
4,-195.5714111328125
5,-196.1551513671875
6,-196.62347412109375
7,-196.8295135498047
8,-196.89089965820312

Migration Barrier,1.319488525390625
