Image Index,Energy (eV)
0,-325.8845
1,-325.84305
2,-325.94843
3,-325.84302
4,-325.88446

Migration Barrier,0.105407715
