Image Index,Energy (eV)
0,-842.34216
1,-842.2962
2,-842.36066
3,-842.38495
4,-842.47833

Migration Barrier,0.1821289
