Image Index,Energy (eV)
0,-724.7712
1,-724.65393
2,-724.5211
3,-724.65393
4,-724.7712

Migration Barrier,0.25006104
