Image,Energy (eV)
0,-403.3124084472656
1,-402.3219299316406
2,-401.6574401855469
3,-402.3262634277344
4,-403.3179931640625

Migration Barrier,1.660552978515625
