Image,Energy (eV)
0,-153.2896270751953
1,-152.38235473632812
2,-150.92210388183594
3,-152.3924560546875
4,-153.2864227294922

Migration Barrier,2.367523193359375
