Image Index,Energy (eV)
0,-411.69916
1,-411.31128
2,-411.48627
3,-411.31122
4,-411.69916

Migration Barrier,0.38793945
