Image Index,Energy (eV)
0,-422.27886962890625
1,-421.8229064941406
2,-422.24786376953125
3,-421.83251953125
4,-422.28228759765625

Migration Barrier,0.459381103515625
