Image Index,Energy (eV)
0,-377.7947998046875
1,-376.56024169921875
2,-377.5290832519531
3,-376.56024169921875
4,-377.7947998046875

Migration Barrier,1.23455810546875
