Image Index,Energy (eV)
0,-1021.70807
1,-1021.0273
2,-1020.2583
3,-1021.0273
4,-1021.70807

Migration Barrier,1.4497681
