Image Index,Energy (eV)
0,-379.24567
1,-378.39062
2,-379.11435
3,-378.3907
4,-379.24567

Migration Barrier,0.8550415
