Image,Energy (eV)
0,-772.60205078125
1,-772.4705810546875
2,-771.2974243164062
3,-772.2960815429688
4,-772.7264404296875

Migration Barrier,1.42901611328125
