Image Index,Energy (eV)
0,-338.3866882324219
1,-338.0087890625
2,-338.32830810546875
3,-338.0087585449219
4,-338.38665771484375

Migration Barrier,0.3779296875
