Image,Energy (eV)
0,-800.38818359375
1,-800.3494873046875
2,-800.145263671875
3,-800.3480834960938
4,-800.38818359375

Migration Barrier,0.242919921875
