Image Index,Energy (eV)
0,-343.13412
1,-342.8354
2,-342.8645
3,-342.83524
4,-343.13416

Migration Barrier,0.29891968
