Image Index,Energy (eV)
0,-728.410619053537
1,-728.1112689218129
2,-727.7933665208224
3,-728.1173758605134
4,-728.4102855700386

Migration Barrier,0.6172525327145877
