Image Index,Energy (eV)
0,-555.93317
1,-555.9198
2,-555.9766
3,-555.96326
4,-555.96814

Migration Barrier,0.05682373
