Image Index,Energy (eV)
0,-572.9229
1,-572.8103
2,-572.7741
3,-572.8172
4,-572.90967

Migration Barrier,0.14880371
