Image,Energy (eV)
0,-1025.671630859375
1,-1025.3189697265625
2,-1024.7142333984375
3,-1025.171142578125
4,-1025.6644287109375

Migration Barrier,0.9573974609375
