Image,Energy (eV)
0,-351.85418701171875
1,-351.4951477050781
2,-351.43560791015625
3,-351.4867858886719
4,-351.8490905761719

Migration Barrier,0.4185791015625
