Image Index,Energy (eV)
0,-656.9265747070312
1,-656.1195068359375
2,-655.0975341796875
3,-656.119873046875
4,-656.9266357421875

Migration Barrier,1.8291015625
