Image Index,Energy (eV)
0,-135.62785
1,-135.57169
2,-135.44443
3,-135.57181
4,-135.62976

Migration Barrier,0.18533325
