Image Index,Energy (eV)
0,-411.51228251648973
1,-410.953959889381
2,-410.2400186964191
3,-410.9540476623085
4,-411.51228251648973

Migration Barrier,1.2722638200706342
