Image Index,Energy (eV)
0,-564.911
1,-564.4446
2,-563.86206
3,-564.44446
4,-564.911

Migration Barrier,1.0489502
