Image Index,Energy (eV)
0,-587.0531005859375
1,-586.6989135742188
2,-586.1935424804688
3,-586.6973876953125
4,-587.0531005859375

Migration Barrier,0.85955810546875
