Image Index,Energy (eV)
0,-241.27113
1,-241.1519
2,-240.74165
3,-240.45944
4,-240.89038

Migration Barrier,0.8116913
