Image Index,Energy (eV)
0,-406.688961857592
1,-405.4544760651776
2,-405.87141429826164
3,-405.8116887046491
4,-406.6580935264845

Migration Barrier,1.2344857924144321
