Image,Energy (eV)
0,-798.579833984375
1,-798.173095703125
2,-797.8675537109375
3,-798.185302734375
4,-798.439208984375

Migration Barrier,0.7122802734375
