Image,Energy (eV)
0,-240.50686645507812
1,-240.337158203125
2,-239.6228790283203
3,-238.9531707763672
4,-239.4839630126953

Migration Barrier,1.5536956787109375
