Image Index,Energy (eV)
0,-738.8473510742188
1,-737.4924926757812
2,-734.8700561523438
3,-737.2510986328125
4,-738.9244384765625

Migration Barrier,4.05438232421875
