Image Index,Energy (eV)
0,-638.6224550650086
1,-637.8675802479576
2,-637.1102690134019
3,-637.8726787141383
4,-638.6224550650086

Migration Barrier,1.5121860516067045
