Image Index,Energy (eV)
0,-589.56146
1,-589.5082
2,-589.52826
3,-589.514
4,-589.55304

Migration Barrier,0.05328369
