Image Index,Energy (eV)
0,-284.29364
1,-284.22778
2,-283.98325
3,-283.62677
4,-283.5509
5,-283.71317
6,-283.91705
7,-284.0654
8,-284.1511

Migration Barrier,0.7427368
