Image Index,Energy (eV)
0,-321.4241
1,-321.32196
2,-321.46982
3,-321.32196
4,-321.42343

Migration Barrier,0.14785767
