Image Index,Energy (eV)
0,-885.86566
1,-885.88086
2,-885.89417
3,-885.8851
4,-885.9042

Migration Barrier,0.038513184
