Image,Energy (eV)
0,-798.590576171875
1,-798.3555297851562
2,-797.93017578125
3,-798.1553955078125
4,-798.5888061523438

Migration Barrier,0.660400390625
