Image Index,Energy (eV)
0,-117.99798
1,-118.102
2,-117.85843
3,-118.10209
4,-117.997986

Migration Barrier,0.24365997
