Image Index,Energy (eV)
0,-558.2940673828125
1,-558.040771484375
2,-558.015869140625
3,-558.1829833984375
4,-558.2732543945312

Migration Barrier,0.2781982421875
