Image Index,Energy (eV)
0,-333.46832
1,-333.47092
2,-333.62836
3,-333.46964
4,-333.46616

Migration Barrier,0.16220093
