Image Index,Energy (eV)
0,-1364.8426673802794
1,-1364.7991015313407
2,-1364.7958504085532
3,-1364.8406195688303
4,-1364.882258500776

Migration Barrier,0.08640809222288226
