Image Index,Energy (eV)
0,-289.96295
1,-289.78262
2,-289.98462
3,-289.78247
4,-289.96573

Migration Barrier,0.20214844
