Image Index,Energy (eV)
0,-716.01324
1,-716.4678
2,-716.57465
3,-716.4638
4,-716.0078

Migration Barrier,0.5668335
