Image Index,Energy (eV)
0,-289.0798240820116
1,-288.58863693691245
2,-288.8437141821285
3,-288.5886369237157
4,-289.07982408227014

Migration Barrier,0.49118715855445316
