Image,Energy (eV)
0,-878.0133056640625
1,-877.5614013671875
2,-877.181640625
3,-877.5524291992188
4,-878.008056640625

Migration Barrier,0.8316650390625
