Image Index,Energy (eV)
0,-556.4351
1,-556.4552
2,-556.4531
3,-556.45624
4,-556.44556

Migration Barrier,0.021118164
