Image Index,Energy (eV)
0,-432.4639892578125
1,-432.4086608886719
2,-432.09173583984375
3,-432.0524597167969
4,-432.5780944824219

Migration Barrier,0.525634765625
