Image Index,Energy (eV)
0,-5303.394622639825
1,-5303.15180114676
2,-5303.09076063823
3,-5303.302609683733
4,-5303.333423603872

Migration Barrier,0.3038620015950073
