Image Index,Energy (eV)
0,-231.50317
1,-231.3132
2,-230.73476
3,-230.5256
4,-230.66376

Migration Barrier,0.9775696
