Image Index,Energy (eV)
0,-285.0039
1,-284.5437
2,-284.10587
3,-284.54422
4,-285.0039

Migration Barrier,0.8980408
