Image Index,Energy (eV)
0,-264.68054
1,-264.3985
2,-263.7873
3,-263.6373
4,-263.83862

Migration Barrier,1.0432434
