Image Index,Energy (eV)
0,-394.2611
1,-393.85345
2,-393.29666
3,-393.76968
4,-394.3429

Migration Barrier,1.0462341
