Image,Energy (eV)
0,-921.6006469726562
1,-920.7232055664062
2,-920.5913696289062
3,-921.3466796875
4,-921.5130615234375

Migration Barrier,1.00927734375
