Image Index,Energy (eV)
0,-630.64386
1,-630.34705
2,-629.94574
3,-630.34
4,-630.6509

Migration Barrier,0.70513916
