Image,Energy (eV)
0,-642.7294921875
1,-642.3634033203125
2,-642.427978515625
3,-642.3700561523438
4,-642.7325439453125

Migration Barrier,0.369140625
