Image Index,Energy (eV)
0,-317.48711968584564
1,-317.13673178568285
2,-317.4697059192655
3,-317.13673179084185
4,-317.4871197318283

Migration Barrier,0.3503879461454176
