Image,Energy (eV)
0,-1796.3363037109375
1,-1794.8690185546875
2,-1791.612548828125
3,-1794.8604736328125
4,-1796.329833984375

Migration Barrier,4.7237548828125
