Image Index,Energy (eV)
0,-842.2590300274749
1,-841.7789586080654
2,-841.5136195870408
3,-841.7967609881725
4,-842.3847847599093

Migration Barrier,0.8711651728684728
