Image Index,Energy (eV)
0,-424.61954
1,-424.43085
2,-424.2306
3,-424.4309
4,-424.61954

Migration Barrier,0.38894653
