Image Index,Energy (eV)
0,-629.00604
1,-629.0219
2,-628.9526
3,-629.0205
4,-629.005

Migration Barrier,0.06933594
