Image Index,Energy (eV)
0,-986.748
1,-985.7385
2,-986.63257
3,-985.7062
4,-986.5186

Migration Barrier,1.0418091
