Image Index,Energy (eV)
0,-241.47102
1,-241.1626
2,-240.61696
3,-240.53455
4,-240.7371

Migration Barrier,0.93647766
