Image Index,Energy (eV)
0,-323.84662
1,-324.0681
2,-324.43317
3,-324.0173
4,-323.84912

Migration Barrier,0.58654785
