Image Index,Energy (eV)
0,-638.622455065008
1,-638.4604736255528
2,-638.3515056953917
3,-638.460549235675
4,-638.6224550650087

Migration Barrier,0.2709493696170284
