Image Index,Energy (eV)
0,-1018.36884
1,-1018.10425
2,-1017.697
3,-1018.0248
4,-1018.3688

Migration Barrier,0.67181396
