Image Index,Energy (eV)
0,-354.9635314941406
1,-354.9026794433594
2,-354.7958984375
3,-354.65509033203125
4,-354.2568054199219
5,-353.79022216796875
6,-354.0418395996094
7,-354.1938171386719
8,-354.2389831542969

Migration Barrier,1.173309326171875
