Image Index,Energy (eV)
0,-797.30164
1,-796.73413
2,-795.8667
3,-796.73413
4,-797.30164

Migration Barrier,1.4349365
