Image,Energy (eV)
0,-5297.2607421875
1,-5296.44287109375
2,-5295.6103515625
3,-5296.4462890625
4,-5297.27783203125

Migration Barrier,1.66748046875
