Image Index,Energy (eV)
0,-921.9491
1,-921.881
2,-921.4422
3,-921.87915
4,-921.9491

Migration Barrier,0.506897
