Image,Energy (eV)
0,-232.94288635253906
1,-232.50892639160156
2,-231.51004028320312
3,-231.07041931152344
4,-231.04637145996094

Migration Barrier,1.896514892578125
