Image Index,Energy (eV)
0,-411.6142
1,-411.05765
2,-410.24295
3,-411.0577
4,-411.6142

Migration Barrier,1.3712463
