Image Index,Energy (eV)
0,-553.66754
1,-553.59973
2,-553.56647
3,-553.5948
4,-553.65686

Migration Barrier,0.10107422
