Image Index,Energy (eV)
0,-867.4639559048392
1,-867.151446721007
2,-866.615304050845
3,-867.1499565918259
4,-867.4639565369363

Migration Barrier,0.8486524860912823
