Image,Energy (eV)
0,-588.5428466796875
1,-588.4224853515625
2,-588.0621337890625
3,-588.4197387695312
4,-588.5405883789062

Migration Barrier,0.480712890625
