Image Index,Energy (eV)
0,-315.9823303222656
1,-315.594482421875
2,-315.7986755371094
3,-315.594482421875
4,-315.9823303222656

Migration Barrier,0.387847900390625
