Image Index,Energy (eV)
0,-781.7941
1,-781.6001
2,-781.426
3,-781.60016
4,-781.7941

Migration Barrier,0.36810303
