Image,Energy (eV)
0,-151.92288208007812
1,-151.650634765625
2,-151.50912475585938
3,-151.65231323242188
4,-151.92276000976562

Migration Barrier,0.41375732421875
