Image Index,Energy (eV)
0,-624.7044677734375
1,-624.3836059570312
2,-624.3411254882812
3,-624.37451171875
4,-624.6998291015625

Migration Barrier,0.36334228515625
