Image Index,Energy (eV)
0,-741.0259
1,-740.9226
2,-740.90173
3,-740.9226
4,-741.0258

Migration Barrier,0.12414551
