Image Index,Energy (eV)
0,-234.7235792724672
1,-233.87541440288993
2,-232.96865276102258
3,-233.12044803234707
4,-233.8462516446723

Migration Barrier,1.7549265114446086
