Image,Energy (eV)
0,-1069.5826416015625
1,-1069.2232666015625
2,-1068.603759765625
3,-1069.089599609375
4,-1069.5841064453125

Migration Barrier,0.9803466796875
