Image Index,Energy (eV)
0,-855.6285400390625
1,-855.407958984375
2,-855.24755859375
3,-855.4143676757812
4,-855.6286010742188

Migration Barrier,0.38104248046875
