Image,Energy (eV)
0,-2247.48291015625
1,-2247.234130859375
2,-2246.85302734375
3,-2247.26318359375
4,-2247.4833984375

Migration Barrier,0.63037109375
