Image Index,Energy (eV)
0,-692.7154037113966
1,-692.4072742614816
2,-692.0097403444476
3,-692.4072742800273
4,-692.7154037113966

Migration Barrier,0.7056633669490111
