Image Index,Energy (eV)
0,-210.18030605013976
1,-209.61196927979492
2,-209.5372478969644
3,-210.04147307711614
4,-210.65754622447443

Migration Barrier,1.120298327510028
