Image Index,Energy (eV)
0,-279.0895080566406
1,-278.6496887207031
2,-277.9832763671875
3,-277.75933837890625
4,-277.6912841796875
5,-277.9212646484375
6,-278.1627197265625
7,-278.45648193359375
8,-278.61358642578125

Migration Barrier,1.398223876953125
