Image Index,Energy (eV)
0,-422.03134321083627
1,-421.4704439403789
2,-421.79685035033697
3,-421.45309481567256
4,-422.0221660272126

Migration Barrier,0.5782483951637118
