Image Index,Energy (eV)
0,-314.62112
1,-314.57846
2,-314.4542
3,-314.28607
4,-314.5141
5,-314.90756
6,-315.0548
7,-315.1498
8,-315.20374

Migration Barrier,0.9176636
