Image Index,Energy (eV)
0,-962.2196
1,-961.8772
2,-961.5114
3,-961.88275
4,-962.21326

Migration Barrier,0.7081909
