Image Index,Energy (eV)
0,-842.0556331941269
1,-841.9400259068608
2,-841.97058046211
3,-841.9399588029668
4,-842.0556406884494

Migration Barrier,0.11568188548267244
