Image Index,Energy (eV)
0,-714.8696899414062
1,-714.6660766601562
2,-714.3666381835938
3,-714.5134887695312
4,-714.74755859375

Migration Barrier,0.5030517578125
