Image Index,Energy (eV)
0,-801.2356567382812
1,-799.9111938476562
2,-797.4608154296875
3,-799.5025634765625
4,-801.2935791015625

Migration Barrier,3.832763671875
