Image Index,Energy (eV)
0,-286.70203
1,-286.50082
2,-286.85236
3,-286.50082
4,-286.70203

Migration Barrier,0.35153198
