Image,Energy (eV)
0,-370.1403503417969
1,-369.7481384277344
2,-368.7066955566406
3,-369.6293640136719
4,-370.18438720703125

Migration Barrier,1.477691650390625
