Image,Energy (eV)
0,-824.4998168945312
1,-823.4960327148438
2,-824.0126342773438
3,-823.5263061523438
4,-824.5241088867188

Migration Barrier,1.028076171875
