Image Index,Energy (eV)
0,-424.2301
1,-423.90274
2,-422.92453
3,-423.5802
4,-424.00226

Migration Barrier,1.3055725
