Image Index,Energy (eV)
0,-864.1422
1,-864.01373
2,-863.8651
3,-864.01373
4,-864.1422

Migration Barrier,0.2770996
