Image Index,Energy (eV)
0,-1184.080322265625
1,-1183.7469482421875
2,-1182.4981689453125
3,-1183.7427978515625
4,-1184.0802001953125

Migration Barrier,1.5821533203125
