Image Index,Energy (eV)
0,-307.1964
1,-307.03323
2,-306.90662
3,-307.03323
4,-307.1964

Migration Barrier,0.28979492
