Image Index,Energy (eV)
0,-799.106689453125
1,-798.9923095703125
2,-798.624755859375
3,-798.7237548828125
4,-799.106689453125

Migration Barrier,0.48193359375
