Image,Energy (eV)
0,-1341.7144775390625
1,-1341.57568359375
2,-1341.439453125
3,-1341.60498046875
4,-1341.8665771484375

Migration Barrier,0.4271240234375
