Image Index,Energy (eV)
0,-473.69983
1,-473.32568
2,-473.5451
3,-473.32596
4,-473.69983

Migration Barrier,0.3741455
