Image Index,Energy (eV)
0,-819.8528442382812
1,-819.205078125
2,-819.1495971679688
3,-819.205078125
4,-819.8529052734375

Migration Barrier,0.70330810546875
