Image Index,Energy (eV)
0,-804.6475219726562
1,-804.2036743164062
2,-804.3304443359375
3,-804.416015625
4,-804.6475219726562

Migration Barrier,0.44384765625
