Image,Energy (eV)
0,-240.7425079345703
1,-238.99966430664062
2,-237.91650390625
3,-238.98516845703125
4,-239.5958251953125

Migration Barrier,2.8260040283203125
