Image Index,Energy (eV)
0,-407.55862
1,-407.10062
2,-407.37643
3,-407.10065
4,-407.55865

Migration Barrier,0.45803833
