Image Index,Energy (eV)
0,-915.1032
1,-914.7908
2,-914.4495
3,-914.74603
4,-914.97675

Migration Barrier,0.6536865
