Image Index,Energy (eV)
0,-630.0838623046875
1,-628.9490966796875
2,-629.9308471679688
3,-628.9645385742188
4,-630.087890625

Migration Barrier,1.1387939453125
