Image Index,Energy (eV)
0,-751.97046
1,-751.4443
2,-751.47253
3,-751.44434
4,-751.97034

Migration Barrier,0.5261841
