Image Index,Energy (eV)
0,-267.20135498046875
1,-266.94287109375
2,-266.59771728515625
3,-266.69110107421875
4,-267.1612548828125

Migration Barrier,0.6036376953125
