Image Index,Energy (eV)
0,-415.32834
1,-414.83246
2,-414.3008
3,-415.0286
4,-415.26724

Migration Barrier,1.0275269
