Image Index,Energy (eV)
0,-833.5794677734375
1,-833.4050903320312
2,-833.2946166992188
3,-833.4512939453125
4,-833.6551513671875

Migration Barrier,0.36053466796875
