Image Index,Energy (eV)
0,-885.56885
1,-885.3788
2,-885.0725
3,-885.3798
4,-885.56885

Migration Barrier,0.4963379
