Image Index,Energy (eV)
0,-739.26105
1,-737.96515
2,-736.16034
3,-737.8675
4,-739.2124

Migration Barrier,3.100708
