Image Index,Energy (eV)
0,-297.81805
1,-297.7285
2,-297.3244
3,-296.70938
4,-296.53522
5,-296.74094
6,-297.2025
7,-297.5044
8,-297.59006

Migration Barrier,1.2828369
