Image Index,Energy (eV)
0,-917.38055
1,-917.2799
2,-917.0036
3,-916.99603
4,-917.37744

Migration Barrier,0.38452148
