Image Index,Energy (eV)
0,-900.35126
1,-899.6049
2,-899.3821
3,-899.61426
4,-900.3321

Migration Barrier,0.96917725
