Image,Energy (eV)
0,-1373.4215087890625
1,-1373.3975830078125
2,-1373.383056640625
3,-1373.4542236328125
4,-1373.511474609375

Migration Barrier,0.12841796875
