Image,Energy (eV)
0,-833.914306640625
1,-833.487548828125
2,-832.7748413085938
3,-833.4891967773438
4,-833.992919921875

Migration Barrier,1.21807861328125
