Image Index,Energy (eV)
0,-835.575439453125
1,-835.025146484375
2,-835.0658569335938
3,-835.025146484375
4,-835.575439453125

Migration Barrier,0.55029296875
