Image Index,Energy (eV)
0,-2992.12744140625
1,-2991.9140625
2,-2991.694580078125
3,-2991.904296875
4,-2992.130615234375

Migration Barrier,0.43603515625
