Image Index,Energy (eV)
0,-715.2452560091956
1,-715.0760874692525
2,-714.9866096144576
3,-715.0760660434694
4,-715.2452537411544

Migration Barrier,0.2586463947379798
