Image,Energy (eV)
0,-379.4779968261719
1,-378.8828430175781
2,-377.8760070800781
3,-378.6799011230469
4,-379.355224609375

Migration Barrier,1.60198974609375
