Image,Energy (eV)
0,-279.15423583984375
1,-278.8047180175781
2,-278.12164306640625
3,-277.87774658203125
4,-277.814697265625
5,-277.9347839355469
6,-278.0502624511719
7,-278.2771911621094
8,-278.50457763671875

Migration Barrier,1.33953857421875
