Image Index,Energy (eV)
0,-746.08185
1,-745.9713
2,-746.0884
3,-745.97186
4,-746.08435

Migration Barrier,0.11706543
