Image Index,Energy (eV)
0,-247.17623901367188
1,-246.91162109375
2,-246.41629028320312
3,-246.91217041015625
4,-247.17625427246094

Migration Barrier,0.7599639892578125
