Image Index,Energy (eV)
0,-294.65545654296875
1,-294.5921630859375
2,-294.8853759765625
3,-294.5918273925781
4,-294.6552734375

Migration Barrier,0.293548583984375
