Image Index,Energy (eV)
0,-761.0789794921875
1,-760.5087280273438
2,-760.5179443359375
3,-760.4987182617188
4,-761.0718383789062

Migration Barrier,0.58026123046875
