Image Index,Energy (eV)
0,-756.12964
1,-754.9998
2,-753.9934
3,-755.0006
4,-756.1296

Migration Barrier,2.1362305
