Image Index,Energy (eV)
0,-1892.5007177806006
1,-1891.2579131424
2,-1891.0196090517234
3,-1891.257912297324
4,-1892.5007177225818

Migration Barrier,1.4811087288771887
