Image Index,Energy (eV)
0,-426.53836
1,-426.1684
2,-425.51257
3,-425.70255
4,-426.0721

Migration Barrier,1.0257874
