Image,Energy (eV)
0,-140.22312927246094
1,-140.1157989501953
2,-139.87533569335938
3,-140.113525390625
4,-140.223876953125

Migration Barrier,0.348541259765625
