Image Index,Energy (eV)
0,-224.88946533203125
1,-224.44544982910156
2,-224.70785522460938
3,-224.44544982910156
4,-224.88946533203125

Migration Barrier,0.4440155029296875
