Image Index,Energy (eV)
0,-379.10507
1,-378.9004
2,-378.34888
3,-378.10437
4,-378.3882

Migration Barrier,1.0007019
