Image Index,Energy (eV)
0,-770.2118
1,-769.7647
2,-769.49786
3,-769.76465
4,-770.2118

Migration Barrier,0.7139282
