Image Index,Energy (eV)
0,-137.27985
1,-137.13069
2,-136.92754
3,-137.13069
4,-137.27985

Migration Barrier,0.35231018
