Image Index,Energy (eV)
0,-167.72833894277935
1,-167.39536933256514
2,-166.39262307712875
3,-167.39524304598598
4,-167.72833894277935

Migration Barrier,1.3357158656505987
