Image Index,Energy (eV)
0,-288.64943164484487
1,-288.1717166738452
2,-288.4390643467806
3,-288.17171666972365
4,-288.64943164927405

Migration Barrier,0.47771497955039877
