Image,Energy (eV)
0,-798.5827026367188
1,-798.365234375
2,-798.2945556640625
3,-798.4509887695312
4,-798.7755126953125

Migration Barrier,0.48095703125
