Image Index,Energy (eV)
0,-433.94907
1,-433.90787
2,-433.6425
3,-433.74692
4,-434.01056

Migration Barrier,0.3680725
