Image Index,Energy (eV)
0,-310.8117980957031
1,-310.339111328125
2,-309.5589294433594
3,-310.0177917480469
4,-310.5682678222656

Migration Barrier,1.25286865234375
