Image Index,Energy (eV)
0,-675.3848
1,-675.3994
2,-675.4628
3,-675.39954
4,-675.3848

Migration Barrier,0.07800293
