Image Index,Energy (eV)
0,-786.798899320836
1,-785.370210009233
2,-783.19657685796
3,-785.2559748058044
4,-786.6749132043518

Migration Barrier,3.602322462875918
