Image Index,Energy (eV)
0,-320.02191162109375
1,-319.3187255859375
2,-319.1912536621094
3,-319.3056640625
4,-320.0201416015625

Migration Barrier,0.830657958984375
