Image,Energy (eV)
0,-325.57581363329456
1,-325.47990268715466
2,-325.1286499607472
3,-324.82653989471515
4,-324.52050893204654
5,-324.73483117347695
6,-325.22044906987867
7,-325.48091369931234
8,-325.57789160431764

Migration Barrier,1.0573826722711033
