Image Index,Energy (eV)
0,-718.9696
1,-718.4294
2,-718.4766
3,-718.42914
4,-718.9696

Migration Barrier,0.5404663
