Image Index,Energy (eV)
0,-493.1673747743621
1,-493.14820620660817
2,-493.21284387110273
3,-493.1482022701657
4,-493.1673747743534

Migration Barrier,0.06464160093702276
