Image Index,Energy (eV)
0,-838.5443725585938
1,-838.4807
2,-838.3213
3,-838.2111
4,-838.24115
5,-838.3303
6,-838.44305
7,-838.5952
8,-838.683837890625

Migration Barrier,0.4727173
