Image,Energy (eV)
0,-974.1057739257812
1,-973.585205078125
2,-973.0908203125
3,-973.8516845703125
4,-974.4808349609375

Migration Barrier,1.3900146484375
