Image Index,Energy (eV)
0,-320.9058
1,-320.57196
2,-320.7439
3,-320.57196
4,-320.9058

Migration Barrier,0.3338318
