Image Index,Energy (eV)
0,-726.9476318359375
1,-726.71044921875
2,-726.3404541015625
3,-726.7095336914062
4,-726.9476318359375

Migration Barrier,0.607177734375
