Image Index,Energy (eV)
0,-258.24097
1,-257.65598
2,-256.80753
3,-256.65683
4,-256.99005

Migration Barrier,1.584137
