Image Index,Energy (eV)
0,-2781.03759765625
1,-2780.844482421875
2,-2780.77685546875
3,-2780.844482421875
4,-2781.03759765625

Migration Barrier,0.2607421875
