Image Index,Energy (eV)
0,-344.69086
1,-344.19437
2,-344.35034
3,-344.7347
4,-344.88998

Migration Barrier,0.6956177
