Image Index,Energy (eV)
0,-610.4188232421875
1,-609.8744506835938
2,-609.7442626953125
3,-609.8744506835938
4,-610.4187622070312

Migration Barrier,0.674560546875
