Image,Energy (eV)
0,-117.58638763427734
1,-117.6595230102539
2,-117.2591781616211
3,-117.66053009033203
4,-117.5857162475586

Migration Barrier,0.4013519287109375
