Image Index,Energy (eV)
0,-389.82257
1,-389.61792
2,-389.41138
3,-389.618
4,-389.82257

Migration Barrier,0.41119385
