Image Index,Energy (eV)
0,-424.3044
1,-424.16608
2,-424.44165
3,-424.1732
4,-424.31152

Migration Barrier,0.27557373
