Image,Energy (eV)
0,-799.2276000976562
1,-798.9929809570312
2,-798.7725830078125
3,-799.16162109375
4,-799.4539184570312

Migration Barrier,0.68133544921875
