Image Index,Energy (eV)
0,-706.22107
1,-706.20166
2,-706.31006
3,-706.19745
4,-706.21606

Migration Barrier,0.11260986
