Image Index,Energy (eV)
0,-363.742625895376
1,-363.2389531451864
2,-363.3259276303511
3,-363.5110827252386
4,-364.0911266044841

Migration Barrier,0.8521734592977168
