Image Index,Energy (eV)
0,-703.00183
1,-702.9151
2,-702.83813
3,-702.9151
4,-703.00183

Migration Barrier,0.16369629
