Image Index,Energy (eV)
0,-621.59424
1,-621.6293
2,-621.67444
3,-621.6293
4,-621.59424

Migration Barrier,0.080200195
