Image Index,Energy (eV)
0,-171.59297
1,-171.4301
2,-171.18202
3,-171.4301
4,-171.59297

Migration Barrier,0.4109497
