Image Index,Energy (eV)
0,-587.0531616210938
1,-586.7196044921875
2,-586.130615234375
3,-586.6318359375
4,-587.04833984375

Migration Barrier,0.92254638671875
