Image,Energy (eV)
0,-1565.807373046875
1,-1565.17041015625
2,-1564.05419921875
3,-1565.1781005859375
4,-1565.8114013671875

Migration Barrier,1.7572021484375
