Image,Energy (eV)
0,-368.42523193359375
1,-368.28790283203125
2,-368.1513671875
3,-367.8017272949219
4,-368.1928405761719

Migration Barrier,0.623504638671875
