Image Index,Energy (eV)
0,-703.0018
1,-702.9149
2,-702.70374
3,-702.968
4,-703.2387

Migration Barrier,0.53497314
