Image Index,Energy (eV)
0,-842.81396484375
1,-842.4500732421875
2,-841.8728637695312
3,-842.4493408203125
4,-842.81396484375

Migration Barrier,0.94110107421875
