Image Index,Energy (eV)
0,-238.64153
1,-238.3398
2,-237.58159
3,-237.25131
4,-237.33893

Migration Barrier,1.390213
