Image Index,Energy (eV)
0,-877.7458
1,-877.6548
2,-877.4754
3,-877.6592
4,-877.74756

Migration Barrier,0.27215576
