Image,Energy (eV)
0,-804.8037719726562
1,-804.3861083984375
2,-804.496826171875
3,-804.6034545898438
4,-804.8018798828125

Migration Barrier,0.41766357421875
