Image Index,Energy (eV)
0,-742.4137806725008
1,-742.2901477315854
2,-742.0521295380446
3,-742.2506772669545
4,-742.437670920929

Migration Barrier,0.3855413828844121
