Image Index,Energy (eV)
0,-419.76428
1,-419.35983
2,-418.96457
3,-419.74933
4,-420.10275

Migration Barrier,1.1381836
