Image,Energy (eV)
0,-812.2442626953125
1,-811.4559936523438
2,-810.197021484375
3,-811.1699829101562
4,-811.9968872070312

Migration Barrier,2.0472412109375
