Image Index,Energy (eV)
0,-730.86487
1,-730.84454
2,-730.74945
3,-730.8435
4,-730.8617

Migration Barrier,0.11541748
