Image Index,Energy (eV)
0,-484.1422424316406
1,-483.99036
2,-483.52737
3,-482.96686
4,-482.57806
5,-482.9568
6,-483.5575
7,-483.9733
8,-484.1464538574219

Migration Barrier,1.5683899
