Image Index,Energy (eV)
0,-319.19864
1,-318.65845
2,-318.62738
3,-318.6565
4,-319.19815

Migration Barrier,0.57125854
