Image Index,Energy (eV)
0,-798.8189697265625
1,-798.6144409179688
2,-798.2192993164062
3,-798.4091796875
4,-798.8189697265625

Migration Barrier,0.59967041015625
