Image Index,Energy (eV)
0,-318.808809919837
1,-318.73750311546047
2,-319.40197049905504
3,-318.7375234691671
4,-318.8088199782434

Migration Barrier,0.6644673835945696
