Image Index,Energy (eV)
0,-231.0993194580078
1,-230.74795532226562
2,-229.97991943359375
3,-229.63758850097656
4,-229.77938842773438

Migration Barrier,1.46173095703125
