Image,Energy (eV)
0,-1341.7113037109375
1,-1341.439208984375
2,-1341.19384765625
3,-1341.446044921875
4,-1341.7080078125

Migration Barrier,0.5174560546875
