Image Index,Energy (eV)
0,-734.8803672832809
1,-734.2204702503175
2,-733.3791280523905
3,-734.2207116901743
4,-734.8803682604533

Migration Barrier,1.5012402080628817
