Image Index,Energy (eV)
0,-1396.875732421875
1,-1396.4173583984375
2,-1394.935791015625
3,-1396.416748046875
4,-1396.875732421875

Migration Barrier,1.93994140625
