Image,Energy (eV)
0,-210.9861297607422
1,-210.49107360839844
2,-210.354248046875
3,-211.01898193359375
4,-211.35202026367188

Migration Barrier,0.997772216796875
