Image Index,Energy (eV)
0,-352.82183837890625
1,-352.70187
2,-352.2688
3,-351.66946
4,-351.3358
5,-351.6615
6,-352.26178
7,-352.6998
8,-352.8246765136719

Migration Barrier,1.4888916
