Image,Energy (eV)
0,-832.71044921875
1,-832.5449829101562
2,-832.452392578125
3,-832.6068725585938
4,-832.7920532226562

Migration Barrier,0.33966064453125
