Image Index,Energy (eV)
0,-318.550973717388
1,-318.1971020229975
2,-318.49290949618563
3,-318.19710202783557
4,-318.5509737281822

Migration Barrier,0.35387170518470157
