Image Index,Energy (eV)
0,-348.98953
1,-349.28867
2,-349.92752
3,-349.2894
4,-348.98956

Migration Barrier,0.9379883
