Image Index,Energy (eV)
0,-1139.921281955261
1,-1139.5007209552894
2,-1138.8625487676702
3,-1139.373557444347
4,-1139.943031990893

Migration Barrier,1.0804832232227
