Image Index,Energy (eV)
0,-433.94907
1,-433.40497
2,-432.13104
3,-433.25714
4,-433.94907

Migration Barrier,1.8180237
