Image Index,Energy (eV)
0,-953.56586
1,-953.48413
2,-953.33344
3,-953.48413
4,-953.56586

Migration Barrier,0.23242188
