Image Index,Energy (eV)
0,-331.61829037618423
1,-331.7029558979599
2,-332.0952074803118
3,-331.7029558962189
4,-331.6182903776121

Migration Barrier,0.4769171041275513
