Image,Energy (eV)
0,-2779.8818359375
1,-2779.6552734375
2,-2779.58984375
3,-2779.653076171875
4,-2779.876708984375

Migration Barrier,0.2919921875
