Image Index,Energy (eV)
0,-920.42065
1,-920.1251
2,-919.944
3,-920.125
4,-920.42065

Migration Barrier,0.47668457
