Image Index,Energy (eV)
0,-636.76886
1,-636.66187
2,-636.5724
3,-636.66187
4,-636.76886

Migration Barrier,0.19647217
