Image Index,Energy (eV)
0,-241.60294
1,-240.39616
2,-239.59181
3,-240.36707
4,-241.04295

Migration Barrier,2.0111237
