Image Index,Energy (eV)
0,-801.2935791015625
1,-799.6420288085938
2,-797.1284790039062
3,-799.6297607421875
4,-801.2356567382812

Migration Barrier,4.16510009765625
