Image Index,Energy (eV)
0,-418.86319661370675
1,-418.485526615123
2,-418.68234345896155
3,-418.5185434843245
4,-418.87463711022457

Migration Barrier,0.38911049510159046
