Image Index,Energy (eV)
0,-196.8165283203125
1,-196.08218383789062
2,-195.7626495361328
3,-196.30345153808594
4,-196.8162384033203

Migration Barrier,1.0538787841796875
