Image Index,Energy (eV)
0,-377.056
1,-377.00922
2,-376.99466
3,-376.75964
4,-376.7296
5,-377.02054
6,-377.3609
7,-377.5271
8,-377.51624

Migration Barrier,0.79748535
