Image Index,Energy (eV)
0,-577.2153930664062
1,-576.8240966796875
2,-576.348876953125
3,-576.8241577148438
4,-577.2153930664062

Migration Barrier,0.86651611328125
