Image Index,Energy (eV)
0,-1088.259765625
1,-1087.896728515625
2,-1087.4736328125
3,-1087.8966064453125
4,-1088.259765625

Migration Barrier,0.7861328125
