Image Index,Energy (eV)
0,-379.8426818847656
1,-379.2992858886719
2,-378.2894287109375
3,-379.0234375
4,-379.7483825683594

Migration Barrier,1.553253173828125
