Image Index,Energy (eV)
0,-505.41385
1,-505.09207
2,-504.56766
3,-505.08728
4,-505.41513

Migration Barrier,0.84747314
