Image,Energy (eV)
0,-662.221435546875
1,-662.0887451171875
2,-661.900146484375
3,-662.0911865234375
4,-662.2272338867188

Migration Barrier,0.32708740234375
