Image Index,Energy (eV)
0,-937.09784
1,-936.8554
2,-936.548
3,-936.85547
4,-937.09784

Migration Barrier,0.5498657
