Image Index,Energy (eV)
0,-842.2705069111835
1,-842.1204459836737
2,-842.106007488214
3,-842.3387290833491
4,-842.4869081908682

Migration Barrier,0.38090070265423037
