Image Index,Energy (eV)
0,-299.2852123326427
1,-298.58192313263066
2,-297.6894145224496
3,-298.5973824655041
4,-299.12453955357034

Migration Barrier,1.595797810193062
