Image Index,Energy (eV)
0,-326.0314
1,-325.61597
2,-325.5799
3,-325.6162
4,-326.03137

Migration Barrier,0.45150757
