Image Index,Energy (eV)
0,-577.29
1,-577.3027
2,-577.3261
3,-577.30273
4,-577.29

Migration Barrier,0.036132812
