Image,Energy (eV)
0,-1083.88134765625
1,-1083.12451171875
2,-1082.1331787109375
3,-1083.140380859375
4,-1083.8826904296875

Migration Barrier,1.74951171875
