Image Index,Energy (eV)
0,-556.3307
1,-556.282
2,-556.2315
3,-556.23517
4,-556.3307

Migration Barrier,0.09918213
