Image,Energy (eV)
0,-1526.4478759765625
1,-1525.854736328125
2,-1525.2440185546875
3,-1525.994384765625
4,-1526.4482421875

Migration Barrier,1.2042236328125
