Image Index,Energy (eV)
0,-278.3316345214844
1,-277.752685546875
2,-277.26397705078125
3,-277.7954406738281
4,-278.1207580566406

Migration Barrier,1.067657470703125
