Image Index,Energy (eV)
0,-285.0039
1,-284.39377
2,-283.4685
3,-284.39377
4,-285.0039

Migration Barrier,1.5354004
