Image Index,Energy (eV)
0,-343.11883544921875
1,-342.48138427734375
2,-342.7548522949219
3,-343.0235595703125
4,-343.7088317871094

Migration Barrier,1.227447509765625
