Image,Energy (eV)
0,-837.3475952148438
1,-837.4508056640625
2,-837.5985717773438
3,-837.4498901367188
4,-837.3494262695312

Migration Barrier,0.2509765625
