Image,Energy (eV)
0,-855.6188354492188
1,-855.3975830078125
2,-855.259765625
3,-855.4022827148438
4,-855.623779296875

Migration Barrier,0.364013671875
