Image,Energy (eV)
0,-231.01748657226562
1,-230.62750244140625
2,-229.9208526611328
3,-229.56578063964844
4,-229.70779418945312

Migration Barrier,1.4517059326171875
