Image Index,Energy (eV)
0,-799.106689453125
1,-798.882568359375
2,-798.6624755859375
3,-799.0282592773438
4,-799.3134765625

Migration Barrier,0.6510009765625
