Image Index,Energy (eV)
0,-211.43244282362403
1,-210.9839544923497
2,-210.74051533583517
3,-211.12048240978638
4,-211.73476788638104

Migration Barrier,0.9942525505458661
