Image Index,Energy (eV)
0,-404.4202750213469
1,-404.2534857489357
2,-404.2188306293333
3,-404.0889249130627
4,-404.4202750213469

Migration Barrier,0.3313501082841981
