Image Index,Energy (eV)
0,-315.50811767578125
1,-314.94390869140625
2,-315.2620849609375
3,-314.94390869140625
4,-315.50811767578125

Migration Barrier,0.564208984375
