Image Index,Energy (eV)
0,-344.55133056640625
1,-344.15087890625
2,-344.1015625
3,-344.15087890625
4,-344.5513000488281

Migration Barrier,0.44976806640625
