Image,Energy (eV)
0,-345.3023681640625
1,-344.8392639160156
2,-344.7449645996094
3,-344.83697509765625
4,-345.30096435546875

Migration Barrier,0.557403564453125
