Image Index,Energy (eV)
0,-861.24884
1,-861.2734
2,-861.3852
3,-861.2697
4,-861.24884

Migration Barrier,0.13635254
