Image Index,Energy (eV)
0,-1361.470458984375
1,-1360.713623046875
2,-1361.1796875
3,-1360.713623046875
4,-1361.470458984375

Migration Barrier,0.7568359375
