Image,Energy (eV)
0,-2517.466796875
1,-2517.28466796875
2,-2517.17236328125
3,-2517.20263671875
4,-2517.464599609375

Migration Barrier,0.29443359375
