Image Index,Energy (eV)
0,-285.98480224609375
1,-285.6259765625
2,-285.8550109863281
3,-285.6259765625
4,-285.98480224609375

Migration Barrier,0.35882568359375
