Image,Energy (eV)
0,-323.3536071777344
1,-323.0800476074219
2,-322.68896484375
3,-323.0803527832031
4,-323.3531188964844

Migration Barrier,0.664642333984375
