Image Index,Energy (eV)
0,-160.52130126953125
1,-160.13845825195312
2,-159.86138916015625
3,-160.13763427734375
4,-160.52130126953125

Migration Barrier,0.659912109375
