Image Index,Energy (eV)
0,-1618.278841425037
1,-1617.7372652294237
2,-1617.100514297442
3,-1617.7375579158006
4,-1618.2788412918248

Migration Barrier,1.1783271275949119
