Image Index,Energy (eV)
0,-168.40969848632812
1,-168.2685546875
2,-168.09124755859375
3,-168.26853942871094
4,-168.40969848632812

Migration Barrier,0.318450927734375
