Image,Energy (eV)
0,-460.0569763183594
1,-459.3428955078125
2,-459.89422607421875
3,-459.3509826660156
4,-460.06109619140625

Migration Barrier,0.71820068359375
