Image Index,Energy (eV)
0,-560.5394995327772
1,-560.4243117078479
2,-560.3837825788597
3,-560.423319691814
4,-560.528758134366

Migration Barrier,0.15571695391747653
