Image Index,Energy (eV)
0,-406.8271138117712
1,-406.5924308188183
2,-405.6269461172115
3,-406.4835363929045
4,-406.84708100289146

Migration Barrier,1.220134885679954
