Image,Energy (eV)
0,-839.722900390625
1,-839.7090454101562
2,-839.824462890625
3,-839.709716796875
4,-839.7199096679688

Migration Barrier,0.11541748046875
