Image Index,Energy (eV)
0,-358.2949748966187
1,-358.1816247425504
2,-358.2531645607428
3,-358.1818082507404
4,-358.29496957295373

Migration Barrier,0.11335015406831417
