Image,Energy (eV)
0,-294.92987060546875
1,-294.5605163574219
2,-294.5603332519531
3,-295.5570983886719
4,-295.5724792480469

Migration Barrier,1.01214599609375
