Image Index,Energy (eV)
0,-268.0281824422551
1,-267.92234479344313
2,-267.60991784440154
3,-267.5663813174948
4,-267.6396582859082

Migration Barrier,0.46180112476031354
