Image,Energy (eV)
0,-172.73541259765625
1,-171.92100524902344
2,-170.9278564453125
3,-171.92176818847656
4,-172.73614501953125

Migration Barrier,1.80828857421875
