Image Index,Energy (eV)
0,-261.48834228515625
1,-261.348388671875
2,-261.51171875
3,-261.348388671875
4,-261.4883117675781

Migration Barrier,0.163330078125
