Image,Energy (eV)
0,-363.40087890625
1,-363.19793701171875
2,-363.393310546875
3,-363.2025146484375
4,-363.4053039550781

Migration Barrier,0.207366943359375
