Image,Energy (eV)
0,-687.88525390625
1,-687.7117309570312
2,-687.626708984375
3,-687.7238159179688
4,-687.892578125

Migration Barrier,0.265869140625
