Image Index,Energy (eV)
0,-837.97565
1,-837.80774
2,-837.7633
3,-837.84265
4,-838.0654

Migration Barrier,0.30212402
