Image,Energy (eV)
0,-2779.8818359375
1,-2779.4033203125
2,-2779.53271484375
3,-2779.40673828125
4,-2779.875732421875

Migration Barrier,0.478515625
