Image Index,Energy (eV)
0,-621.8651123046875
1,-621.6748046875
2,-621.6014404296875
3,-621.7369995117188
4,-621.91845703125

Migration Barrier,0.3170166015625
