Image,Energy (eV)
0,-209.6317901611328
1,-206.52822875976562
2,-206.61343383789062
3,-206.16946411132812
4,-210.1826629638672

Migration Barrier,4.0131988525390625
