Image,Energy (eV)
0,-340.9543151855469
1,-340.63006591796875
2,-340.9372863769531
3,-340.6292724609375
4,-340.9571228027344

Migration Barrier,0.327850341796875
