Image Index,Energy (eV)
0,-2211.406196254002
1,-2211.1723274743617
2,-2210.855992173221
3,-2211.1723648536235
4,-2211.406196251227

Migration Barrier,0.550204080781441
