Image Index,Energy (eV)
0,-301.4908142089844
1,-301.32427978515625
2,-301.491943359375
3,-301.32427978515625
4,-301.49078369140625

Migration Barrier,0.16766357421875
