Image Index,Energy (eV)
0,-899.7654
1,-899.6063
2,-899.5211
3,-899.60895
4,-899.7576

Migration Barrier,0.2442627
