Image Index,Energy (eV)
0,-309.7654724121094
1,-309.7159118652344
2,-309.5730895996094
3,-309.412109375
4,-309.7481994628906
5,-310.39166259765625
6,-310.5435791015625
7,-310.6058044433594
8,-310.6365661621094

Migration Barrier,1.224456787109375
