Image Index,Energy (eV)
0,-738.926513671875
1,-738.7789306640625
2,-738.631591796875
3,-738.7789306640625
4,-738.9264526367188

Migration Barrier,0.294921875
