Image,Energy (eV)
0,-377.93670654296875
1,-377.53851318359375
2,-377.47833251953125
3,-377.6137390136719
4,-377.7491149902344

Migration Barrier,0.4583740234375
