Image,Energy (eV)
0,-514.786376953125
1,-514.3011474609375
2,-514.8114013671875
3,-514.3046264648438
4,-514.78466796875

Migration Barrier,0.51025390625
