Image,Energy (eV)
0,-301.0911178571601
1,-300.97004013049474
2,-300.6964729456388
3,-300.19595779457677
4,-299.95781746702903
5,-300.27788176567265
6,-300.6158705179155
7,-300.9437219531917
8,-301.0642794566923

Migration Barrier,1.133300390131069
