Image Index,Energy (eV)
0,-861.8929140217297
1,-861.8823365029435
2,-862.0383545768844
3,-861.8804580033458
4,-861.8929140718336

Migration Barrier,0.1578965735386646
