Image Index,Energy (eV)
0,-557.6705293509644
1,-557.5822202342662
2,-557.536460268477
3,-557.5822079417038
4,-557.6705293509644

Migration Barrier,0.1340690824874855
