Image Index,Energy (eV)
0,-379.10654
1,-378.8111
2,-378.42316
3,-378.78867
4,-379.08932

Migration Barrier,0.6833801
