Image Index,Energy (eV)
0,-383.36398
1,-383.1892
2,-382.57196
3,-382.8205
4,-383.04257

Migration Barrier,0.7920227
