Image,Energy (eV)
0,-210.9794921875
1,-210.48532104492188
2,-210.35325622558594
3,-211.01995849609375
4,-211.353515625

Migration Barrier,1.0002593994140625
