Image Index,Energy (eV)
0,-865.2800078276783
1,-865.2857813075561
2,-865.1141809778313
3,-865.284114775297
4,-865.2849111254951

Migration Barrier,0.17160032972481076
