Image,Energy (eV)
0,-837.5986938476562
1,-837.6621704101562
2,-837.8629150390625
3,-837.6640014648438
4,-837.60205078125

Migration Barrier,0.26422119140625
