Image Index,Energy (eV)
0,-341.10706
1,-340.89777
2,-341.3681
3,-340.89777
4,-341.10706

Migration Barrier,0.4703369
