Image Index,Energy (eV)
0,-475.2342529296875
1,-475.2863464355469
2,-475.37310791015625
3,-475.27899169921875
4,-475.21807861328125

Migration Barrier,0.155029296875
