Image,Energy (eV)
0,-653.7242431640625
1,-653.5572509765625
2,-653.3955078125
3,-653.556884765625
4,-653.7236328125

Migration Barrier,0.3287353515625
