Image Index,Energy (eV)
0,-784.4934
1,-784.38837
2,-784.3528
3,-784.3931
4,-784.4929

Migration Barrier,0.140625
