Image Index,Energy (eV)
0,-748.410401309943
1,-747.6172994631836
2,-746.5378523248072
3,-747.6165343818396
4,-748.4104013099427

Migration Barrier,1.8725489851358361
