Image,Energy (eV)
0,-622.0938110351562
1,-622.0318603515625
2,-622.064208984375
3,-622.0316772460938
4,-622.09521484375

Migration Barrier,0.06353759765625
