Image Index,Energy (eV)
0,-326.7365
1,-326.84274
2,-326.66687
3,-326.8466
4,-326.73694

Migration Barrier,0.17971802
