Image Index,Energy (eV)
0,-280.021168574252
1,-279.3195310297503
2,-278.92697408467467
3,-279.3427287973028
4,-279.7518685597334

Migration Barrier,1.094194489577319
