Image Index,Energy (eV)
0,-901.67035
1,-901.4975
2,-901.31305
3,-901.4976
4,-901.6694

Migration Barrier,0.3572998
