Image Index,Energy (eV)
0,-216.64558
1,-216.71027
2,-216.43243
3,-215.62865
4,-215.1756
5,-215.81456
6,-216.46454
7,-216.65381
8,-216.70872

Migration Barrier,1.534668
