Image Index,Energy (eV)
0,-769.90576
1,-769.7847
2,-769.6397
3,-769.7847
4,-769.90576

Migration Barrier,0.26605225
