Image,Energy (eV)
0,-801.3441162109375
1,-800.0411376953125
2,-797.3714599609375
3,-799.7066650390625
4,-801.4113159179688

Migration Barrier,4.03985595703125
