Image Index,Energy (eV)
0,-711.7214
1,-710.857
2,-711.49817
3,-710.8533
4,-711.70526

Migration Barrier,0.868103
