Image Index,Energy (eV)
0,-268.24268
1,-268.23398
2,-268.10043
3,-267.9746
4,-267.9402

Migration Barrier,0.30249023
