Image Index,Energy (eV)
0,-795.2309
1,-795.0167
2,-794.95264
3,-795.08624
4,-795.35944

Migration Barrier,0.40679932
