Image Index,Energy (eV)
0,-842.47833
1,-842.2707
2,-842.1666
3,-842.1965
4,-842.34216

Migration Barrier,0.31170654
