Image Index,Energy (eV)
0,-1825.201600429937
1,-1824.5840412066507
2,-1823.2394869464365
3,-1824.5881251387898
4,-1825.2016005513415

Migration Barrier,1.962113604904971
