Image Index,Energy (eV)
0,-241.71058654785156
1,-241.62440490722656
2,-241.4070281982422
3,-240.97305297851562
4,-240.3889923095703
5,-240.00161743164062
6,-240.10130310058594
7,-240.2765350341797
8,-240.4962158203125

Migration Barrier,1.7089691162109375
