Image Index,Energy (eV)
0,-722.1954
1,-721.9249
2,-721.74634
3,-721.9592
4,-722.4064

Migration Barrier,0.6600342
