Image Index,Energy (eV)
0,-287.9942
1,-287.7707
2,-288.12598
3,-287.7707
4,-287.9942

Migration Barrier,0.35528564
