Image Index,Energy (eV)
0,-2777.6448354956005
1,-2777.2832292558955
2,-2777.3153980297316
3,-2777.28298921339
4,-2777.6452795521395

Migration Barrier,0.3622903387495171
