Image Index,Energy (eV)
0,-1258.760498046875
1,-1258.440673828125
2,-1258.55908203125
3,-1258.40234375
4,-1258.76025390625

Migration Barrier,0.358154296875
