Image,Energy (eV)
0,-354.0947265625
1,-353.8024597167969
2,-353.9601135253906
3,-353.8063659667969
4,-354.09832763671875

Migration Barrier,0.295867919921875
