Image Index,Energy (eV)
0,-617.87158203125
1,-617.5612182617188
2,-617.1695556640625
3,-617.561279296875
4,-617.8758544921875

Migration Barrier,0.706298828125
