Image Index,Energy (eV)
0,-232.53260012391854
1,-232.21018254657415
2,-231.6165976808995
3,-231.24398303223407
4,-231.26935547813576

Migration Barrier,1.288617091684472
