Image Index,Energy (eV)
0,-756.7022180047749
1,-756.4340611650514
2,-756.1777240250105
3,-756.4340665834895
4,-756.7022180047749

Migration Barrier,0.5244939797643156
