Image Index,Energy (eV)
0,-398.3772683456642
1,-398.19181835633157
2,-397.88200001381637
3,-398.18245879057747
4,-398.3768510056697

Migration Barrier,0.49526833184785346
