Image Index,Energy (eV)
0,-528.1710537131227
1,-527.8490521556826
2,-527.2968989735814
3,-527.8489619643342
4,-528.1710536496964

Migration Barrier,0.8741547395412681
