Image Index,Energy (eV)
0,-357.1147
1,-356.8158
2,-356.9845
3,-356.81577
4,-357.1147

Migration Barrier,0.29891968
