Image Index,Energy (eV)
0,-329.2225286405138
1,-328.84106428963366
2,-328.69911765349656
3,-328.8410642895571
4,-329.22252864618264

Migration Barrier,0.523410992686081
