Image Index,Energy (eV)
0,-432.4639892578125
1,-431.7574462890625
2,-429.9014892578125
3,-431.46728515625
4,-432.4639587402344

Migration Barrier,2.5625
