Image,Energy (eV)
0,-310.5135498046875
1,-309.90228271484375
2,-309.9405517578125
3,-309.89788818359375
4,-310.5173645019531

Migration Barrier,0.619476318359375
