Image Index,Energy (eV)
0,-152.15468
1,-151.34795
2,-150.06407
3,-151.3561
4,-152.15468

Migration Barrier,2.0906067
