Image,Energy (eV)
0,-448.0548095703125
1,-447.57550048828125
2,-446.84796142578125
3,-447.5726318359375
4,-448.0557861328125

Migration Barrier,1.20782470703125
