Image Index,Energy (eV)
0,-307.89795542194
1,-308.2068368722079
2,-308.7153178979468
3,-308.170378197068
4,-307.89964449341585

Migration Barrier,0.8173624760067923
