Image,Energy (eV)
0,-251.6063690185547
1,-251.02581787109375
2,-250.0771484375
3,-249.49754333496094
4,-249.53103637695312

Migration Barrier,2.10882568359375
