Image Index,Energy (eV)
0,-223.31174755336747
1,-222.91873286100957
2,-222.26605079678365
3,-222.19293241529186
4,-222.36899245698018

Migration Barrier,1.118815138075604
