Image Index,Energy (eV)
0,-838.6898193359375
1,-838.6231
2,-838.50525
3,-838.463
4,-838.46356
5,-838.4443
6,-838.4372
7,-838.4925
8,-838.5404052734375

Migration Barrier,0.2526245
