Image Index,Energy (eV)
0,-840.2683209116395
1,-839.6116371354009
2,-838.3341758397486
3,-839.6131591912595
4,-840.2690646389943

Migration Barrier,1.9348887992457549
