Image Index,Energy (eV)
0,-663.2474365234375
1,-663.1668701171875
2,-663.1972045898438
3,-663.1668701171875
4,-663.2474365234375

Migration Barrier,0.08056640625
