Image Index,Energy (eV)
0,-173.24428
1,-173.16827
2,-172.96289
3,-173.16829
4,-173.24426

Migration Barrier,0.28138733
