Image Index,Energy (eV)
0,-588.56604
1,-588.45013
2,-588.4537
3,-588.5189
4,-588.5659

Migration Barrier,0.11590576
