Image Index,Energy (eV)
0,-287.0723553474835
1,-286.60809108638966
2,-286.88453607570557
3,-286.60809108638966
4,-287.0723553474835

Migration Barrier,0.464264261093831
