Image Index,Energy (eV)
0,-732.8171124904926
1,-732.525633191252
2,-732.2310873790357
3,-732.521592005891
4,-732.8168965942424

Migration Barrier,0.5860251114569337
