Image Index,Energy (eV)
0,-289.2317180134625
1,-288.71349161741375
2,-288.8773308564227
3,-288.7134916024075
4,-289.23171797541175

Migration Barrier,0.518226411055025
