Image Index,Energy (eV)
0,-354.9638671875
1,-354.5223693847656
2,-353.6651611328125
3,-354.3968505859375
4,-354.9459228515625

Migration Barrier,1.2987060546875
