Image,Energy (eV)
0,-739.7581176757812
1,-739.47412109375
2,-739.2774047851562
3,-739.5201416015625
4,-739.761474609375

Migration Barrier,0.48406982421875
