Image Index,Energy (eV)
0,-1006.03925
1,-1005.62024
2,-1005.07416
3,-1005.5811
4,-1006.03925

Migration Barrier,0.9650879
