Image Index,Energy (eV)
0,-1027.236083984375
1,-1026.7103271484375
2,-1026.1708984375
3,-1026.61181640625
4,-1026.9542236328125

Migration Barrier,1.065185546875
