Image,Energy (eV)
0,-730.6387939453125
1,-729.910400390625
2,-728.8569946289062
3,-729.902587890625
4,-730.6334228515625

Migration Barrier,1.78179931640625
