Image,Energy (eV)
0,-256.41461181640625
1,-255.41004943847656
2,-254.722900390625
3,-255.29727172851562
4,-255.8069305419922

Migration Barrier,1.69171142578125
