Image Index,Energy (eV)
0,-1489.7402139998521
1,-1488.981035896489
2,-1487.7026798334682
3,-1488.9809311744766
4,-1489.740213999852

Migration Barrier,2.037534166383921
