Image Index,Energy (eV)
0,-472.4346
1,-471.91867
2,-470.53995
3,-471.65994
4,-472.4346

Migration Barrier,1.8946533
