Image Index,Energy (eV)
0,-302.94766
1,-303.17728
2,-303.42456
3,-303.1773
4,-302.94772

Migration Barrier,0.4768982
