Image Index,Energy (eV)
0,-305.40128
1,-305.07855
2,-305.2261
3,-305.07855
4,-305.40125

Migration Barrier,0.3227234
