Image,Energy (eV)
0,-332.059981926958
1,-331.985171920997
2,-331.69329792571875
3,-330.97656410135534
4,-330.4682817246751
5,-331.1905687045715
6,-331.96861782731986
7,-332.45462074043184
8,-332.617264354436

Migration Barrier,2.1489826297608943
