Image Index,Energy (eV)
0,-841.7438172133653
1,-840.960279969504
2,-840.7995671662229
3,-841.5520950312143
4,-841.9221581915598

Migration Barrier,1.1225910253368738
