Image Index,Energy (eV)
0,-1322.2110567019663
1,-1321.6136307809238
2,-1321.3645734071365
3,-1321.759997328204
4,-1322.2110567019663

Migration Barrier,0.8464832948297953
