Image Index,Energy (eV)
0,-414.07712
1,-413.89163
2,-414.17758
3,-413.89163
4,-414.07712

Migration Barrier,0.2859497
