Image Index,Energy (eV)
0,-1429.5650980730604
1,-1429.0447956392886
2,-1428.009464954153
3,-1429.0197554089782
4,-1429.5707321770303

Migration Barrier,1.5612672228774045
