Image Index,Energy (eV)
0,-333.01486
1,-332.77554
2,-333.03836
3,-332.77554
4,-333.01486

Migration Barrier,0.26281738
