Image Index,Energy (eV)
0,-1270.673583984375
1,-1270.597412109375
2,-1270.542724609375
3,-1270.597412109375
4,-1270.673583984375

Migration Barrier,0.130859375
