Image Index,Energy (eV)
0,-141.63908
1,-141.59283
2,-141.43275
3,-141.59293
4,-141.63908

Migration Barrier,0.20632935
