Image Index,Energy (eV)
0,-851.14716
1,-850.94086
2,-850.84186
3,-850.94635
4,-851.14764

Migration Barrier,0.30578613
