Image Index,Energy (eV)
0,-560.5317254985872
1,-560.4124987866026
2,-560.3730462852046
3,-560.4104424980411
4,-560.5139648532939

Migration Barrier,0.15867921338258384
