Image Index,Energy (eV)
0,-447.05103
1,-446.68625
2,-446.0496
3,-446.54095
4,-447.05103

Migration Barrier,1.0014343
