Image Index,Energy (eV)
0,-758.5062255859375
1,-758.1435546875
2,-757.3078002929688
3,-758.1422119140625
4,-758.5062255859375

Migration Barrier,1.19842529296875
