Image Index,Energy (eV)
0,-314.92
1,-314.24503
2,-313.1964
3,-314.23816
4,-314.9228

Migration Barrier,1.7263794
