Image Index,Energy (eV)
0,-600.9670578038068
1,-600.7596281878291
2,-600.366602207722
3,-600.4371761308847
4,-600.5726335180861

Migration Barrier,0.6004555960847711
