Image,Energy (eV)
0,-470.8198547363281
1,-470.5176696777344
2,-470.0513916015625
3,-470.52093505859375
4,-470.81787109375

Migration Barrier,0.768463134765625
