Image Index,Energy (eV)
0,-808.3570024716771
1,-807.5199776674879
2,-807.3428066638946
3,-807.5199747222842
4,-808.357002465664

Migration Barrier,1.014195807782471
