Image Index,Energy (eV)
0,-632.4657445964313
1,-631.2962034998799
2,-631.967156815013
3,-631.3432446008867
4,-632.5786004819776

Migration Barrier,1.28239698209768
