Image Index,Energy (eV)
0,-897.066
1,-896.5477
2,-896.00525
3,-896.5474
4,-897.0659

Migration Barrier,1.06073
