Image Index,Energy (eV)
0,-780.5338745117188
1,-780.1990966796875
2,-780.0198364257812
3,-780.198974609375
4,-780.5338745117188

Migration Barrier,0.5140380859375
