Image Index,Energy (eV)
0,-695.23224
1,-694.7327
2,-693.8071
3,-694.73456
4,-695.2327

Migration Barrier,1.4255981
