Image Index,Energy (eV)
0,-160.86261
1,-160.74603
2,-160.57024
3,-160.7457
4,-160.86261

Migration Barrier,0.29237366
