Image Index,Energy (eV)
0,-452.54535
1,-452.16962
2,-452.30396
3,-452.1694
4,-452.54535

Migration Barrier,0.37594604
