Image Index,Energy (eV)
0,-199.92764
1,-199.56895
2,-199.13312
3,-199.89725
4,-200.20384

Migration Barrier,1.0707245
