Image Index,Energy (eV)
0,-347.77264404296875
1,-347.387451171875
2,-347.5101318359375
3,-347.387451171875
4,-347.77264404296875

Migration Barrier,0.38519287109375
