Image Index,Energy (eV)
0,-471.75685767970657
1,-470.77353353786
2,-469.79797643040837
3,-470.7749006477828
4,-471.7562078511527

Migration Barrier,1.9588812492982015
