Image,Energy (eV)
0,-309.8192443847656
1,-309.2396240234375
2,-308.51348876953125
3,-309.15301513671875
4,-309.8187561035156

Migration Barrier,1.305755615234375
