Image Index,Energy (eV)
0,-584.7648
1,-584.4791
2,-584.07416
3,-584.457
4,-584.7596

Migration Barrier,0.6906128
