Image Index,Energy (eV)
0,-150.22589
1,-150.15999
2,-149.98705
3,-150.16011
4,-150.22589

Migration Barrier,0.23884583
