Image Index,Energy (eV)
0,-620.3681437574658
1,-620.0532388830796
2,-619.7953147271206
3,-620.052459812535
4,-620.3662752469098

Migration Barrier,0.5728290303451331
