Image,Energy (eV)
0,-385.4525107585247
1,-385.3813723066644
2,-385.1910905467677
3,-384.73411150072894
4,-384.19369732828676
5,-384.21829696863404
6,-384.7319949798842
7,-385.0831706301941
8,-385.22858484734803

Migration Barrier,1.2588134302379217
