Image Index,Energy (eV)
0,-628.32465
1,-628.142
2,-627.83685
3,-628.14166
4,-628.32465

Migration Barrier,0.48779297
