Image,Energy (eV)
0,-558.1390991210938
1,-557.8695068359375
2,-557.8497314453125
3,-558.0238647460938
4,-558.1248168945312

Migration Barrier,0.28936767578125
