Image,Energy (eV)
0,-317.4973449707031
1,-317.13226318359375
2,-317.35308837890625
3,-317.1340637207031
4,-317.5013122558594

Migration Barrier,0.369049072265625
