Image Index,Energy (eV)
0,-795.6445
1,-795.6321
2,-795.54565
3,-795.4449
4,-795.399
5,-795.43555
6,-795.5253
7,-795.6283
8,-795.65295

Migration Barrier,0.2539673
