Image Index,Energy (eV)
0,-359.5787
1,-359.1762
2,-359.44675
3,-359.1762
4,-359.5787

Migration Barrier,0.40249634
