Image Index,Energy (eV)
0,-152.3045654296875
1,-152.07908630371094
2,-151.9403076171875
3,-152.0790557861328
4,-152.30453491210938

Migration Barrier,0.3642578125
