Image Index,Energy (eV)
0,-376.18365478515625
1,-376.753662109375
2,-376.7233581542969
3,-376.5164794921875
4,-377.0809631347656

Migration Barrier,0.897308349609375
