Image,Energy (eV)
0,-861.9430541992188
1,-861.80615234375
2,-861.6168823242188
3,-861.7881469726562
4,-861.9492797851562

Migration Barrier,0.3323974609375
