Image Index,Energy (eV)
0,-2517.1337890625
1,-2516.9501953125
2,-2516.83447265625
3,-2516.86474609375
4,-2517.134033203125

Migration Barrier,0.299560546875
