Image Index,Energy (eV)
0,-5294.5224609375
1,-5294.4150390625
2,-5294.09228515625
3,-5294.1220703125
4,-5294.4423828125

Migration Barrier,0.43017578125
