Image Index,Energy (eV)
0,-309.69785
1,-309.51907
2,-309.85468
3,-309.51385
4,-309.71353

Migration Barrier,0.3408203
