Image Index,Energy (eV)
0,-735.885986328125
1,-735.348876953125
2,-734.44873046875
3,-735.34716796875
4,-735.885009765625

Migration Barrier,1.437255859375
