Image Index,Energy (eV)
0,-895.67096
1,-895.4925
2,-895.364
3,-895.52606
4,-895.6221

Migration Barrier,0.3069458
