Image Index,Energy (eV)
0,-227.62613
1,-227.25308
2,-227.43794
3,-227.253
4,-227.62616

Migration Barrier,0.3731537
