Image Index,Energy (eV)
0,-2171.924072265625
1,-2171.53369140625
2,-2171.085693359375
3,-2171.533203125
4,-2171.92431640625

Migration Barrier,0.838623046875
