Image Index,Energy (eV)
0,-319.6791
1,-319.40378
2,-319.695
3,-319.40375
4,-319.6791

Migration Barrier,0.29125977
