Image,Energy (eV)
0,-921.7277221679688
1,-921.5419921875
2,-921.5786743164062
3,-921.5428466796875
4,-921.7288818359375

Migration Barrier,0.1868896484375
