Image Index,Energy (eV)
0,-557.6705293509644
1,-557.5434826542835
2,-557.364304841947
3,-557.4515765764313
4,-557.6705293509644

Migration Barrier,0.3062245090173974
