Image Index,Energy (eV)
0,-729.6764526367188
1,-728.9539184570312
2,-727.9805908203125
3,-728.9541625976562
4,-729.676513671875

Migration Barrier,1.6959228515625
