Image,Energy (eV)
0,-1339.704345703125
1,-1337.87744140625
2,-1338.0419921875
3,-1338.344970703125
4,-1339.6177978515625

Migration Barrier,1.826904296875
